"ID"	"Population"	"Taxon"	"DR"	"L"	"WP"	"W"	"SL"	"SW"	"P"	"LM1_x_fl"	"LM1_y_fl"	"LM2_x_fl"	"LM2_y_fl"	"LM3_x_fl"	"LM3_y_fl"	"LM4_x_fl"	"LM4_y_fl"	"LM5_x_fl"	"LM5_y_fl"	"LM6_x_fl"	"LM6_y_fl"	"LM7_x_fl"	"LM7_y_fl"	"LM8_x_fl"	"LM8_y_fl"	"LM9_x_fl"	"LM9_y_fl"	"LM10_x_fl"	"LM10_y_fl"	"LM11_x_fl"	"LM11_y_fl"	"LM12_x_fl"	"LM12_y_fl"	"LM13_x_fl"	"LM13_y_fl"	"LM1_x_sh"	"LM1_y_sh"	"LM2_x_sh"	"LM2_y_sh"	"LM3_x_sh"	"LM3_y_sh"	"LM4_x_sh"	"LM4_y_sh"	"LM5_x_sh"	"LM5_y_sh"	"LM6_x_sh"	"LM6_y_sh"	"LM7_x_sh"	"LM7_y_sh"	"LM8_x_sh"	"LM8_y_sh"	"LM9_x_sh"	"LM9_y_sh"	"LM10_x_sh"	"LM10_y_sh"	"LM11_x_sh"	"LM11_y_sh"	"LM12_x_sh"	"LM12_y_sh"	"LM13_x_sh"	"LM13_y_sh"
"H404"	"4"	"MAC"	2.66	8.96666666666667	4.26666666666667	9.02666666666667	2.48666666666667	2.56	1.66666666666667	-0.00687696924534022	-0.515859353816514	0.00590741380930652	-0.358311083428094	-0.118809341343236	-0.248934321138223	-0.252831983618872	0.0898676348292974	-0.109354523908614	0.0377943754694926	-0.116872620324568	0.239330778745003	-0.0602351152815155	0.195102711940156	-0.0129124128910533	0.297853424376975	0.0615932397347739	0.169412323525743	0.13033135713489	0.227357823126833	0.102425187249663	0.00587308770399543	0.242747862106134	0.100196631437476	0.134887906578431	-0.239684032772139	0.0189850640498528	-0.575389827344573	-0.0168082725590343	-0.371834526503762	-0.120886991205397	-0.226068825822617	-0.212466251079752	0.111359606968495	-0.093721928178033	0.0385703117096281	-0.0973482743135615	0.231674085153033	-0.0404121286111835	0.172725300857553	0.00394875822405063	0.283407641386273	0.047543526070221	0.180793671487473	0.101807273570283	0.242737697815101	0.087436725244858	0.0309526385786598	0.216710815212717	0.105511079127455	0.105211683574978	-0.224438853412719
"H405"	"4"	"R"	3.2075	9.9025	4.43	8.91	1.685	2.1	2	-0.00636859672019852	-0.52599917124863	0.00254201031642814	-0.346753220116499	-0.146089015066449	-0.238547594132961	-0.238562636261101	0.0863566922614907	-0.106591215091206	0.0282958846932247	-0.128838466666889	0.219405843412938	-0.0609972257660882	0.174437054909281	-0.00205657383926072	0.303188692982648	0.0615764768582395	0.194146694692256	0.123250862805938	0.236440825604001	0.105942099480525	0.021661586934064	0.246949499811743	0.0750264919308984	0.149242780138317	-0.22765978192271	-0.0136244271805005	-0.534068193924588	-0.0351127925161453	-0.24654294224784	-0.156064543153988	-0.300319746588059	-0.302948738717223	0.0204769720289703	-0.0274970925667282	0.0996819483439074	-0.228656027365367	0.173198480283572	-0.0209109486352392	0.123259154498517	0.0361730215320257	0.313194059900915	0.0234980758436215	0.239743075933281	0.222163166945386	0.245578200487363	0.135342252656704	0.114221210838898	0.186439032742202	-0.00172870033714358	0.247987428200112	-0.258798705953517
"H406"	"4"	"MAC"	3.40666666666667	9.98333333333333	4.70666666666667	9.62166666666667	2.01166666666667	2.48333333333333	1.83333333333333	0.0146577927157308	-0.52800205693791	-0.00816175346978097	-0.357528237699775	-0.135119804307767	-0.240910604853369	-0.237838348880405	0.0903392882982151	-0.113752631182063	0.0380915053392739	-0.119216500209205	0.233727166401619	-0.0584465905670321	0.177081364255365	-0.00128495178146689	0.295002176540844	0.0652009250957067	0.177396595382875	0.12791947583993	0.224209733015266	0.112226665894649	0.038373997311816	0.234791611835381	0.106861104596138	0.119024109016322	-0.254642031650357	-0.203043488799867	-0.527809780488472	0.0520975980282734	-0.461286292472743	-0.258307335495262	-0.25396059048577	-0.308761341927039	0.0216517436454506	-0.0267898321030952	0.111666182976333	-0.217126668580853	0.184542196065832	-0.0249299773426576	0.163399992463174	-0.0415603142096829	0.287856209894854	0.0283192387763252	0.220064313176764	0.219599781801323	0.186463345946135	0.0140391305803457	-0.0650990640634601	0.297986690713095	0.117711025559032	0.23082569486734	-0.0428690269210862
"H408"	"4"	"MAC"	3.05833333333333	10.5366666666667	4.95166666666667	9.66	2.34166666666667	2.78166666666667	1.33333333333333	-0.03337115188559	-0.576582601037022	-0.00963820991887673	-0.34625230610638	-0.118302723246431	-0.217555578111412	-0.244452551582844	0.0704501949063331	-0.0976334628060158	0.0302228354255747	-0.141950573600318	0.209633135364046	-0.0589254918441058	0.180266632509989	0.0203930651112769	0.291259144877103	0.0614505491665296	0.176076958690766	0.121390054103945	0.229079633671077	0.0976862277272818	0.0203152110236752	0.238385358223654	0.0941426469618102	0.164968910551494	-0.161055908175561	-0.0630260510875496	-0.527809780488472	-0.00164019360916629	-0.505739310461478	-0.266698451156794	-0.248892094310089	-0.281984269239666	0.0310974000163098	-0.0149151030580835	0.102062887553774	-0.213938062302385	0.180932575681793	-0.0209109486352392	0.119112786233011	-0.0331978281663211	0.310929166159543	0.0234980758436215	0.239743075933281	0.214088250603254	0.183318373305574	0.0140391305803457	0.101646882437258	0.294037902653774	-0.0219395749988392	0.23082569486734	-0.0457966747871933
"HMAC006"	"0"	"L"	2.90333333333333	9.31	5.33	8.7	2.29666666666667	2.45666666666667	2.66666666666667	0.0262161977720102	-0.55354731118463	-0.00196579459631345	-0.353259927967171	-0.154888000208906	-0.187430600455704	-0.222417824507989	0.080223977118601	-0.111397811572796	0.0360164455667183	-0.154264183193109	0.20572512701934	-0.0754736578775219	0.192129756792536	-0.0110083546795265	0.296532197556625	0.0839653312271672	0.197631101805075	0.14723230373251	0.223341741881067	0.121073139204339	0.0221306434218646	0.235382165718528	0.0557773421339007	0.117546488981608	-0.215270493688223	-0.00664016300895795	-0.581584251418284	-0.00124794128398434	-0.357324474442765	-0.0878919451276526	-0.230668610891664	-0.199717577756387	0.0900716913533754	-0.0989745441943849	0.0492467965824638	-0.109334412417987	0.225814177532824	-0.066871570332147	0.201963715591871	-0.0128275262001382	0.286387144534626	0.0494652774259898	0.204282968303526	0.114785306693192	0.202023878891639	0.105921243805827	0.0470668205738059	0.219505725705137	0.101571620593449	0.0938281266914937	-0.238851477204867
"HMAC007"	"0"	"L"	3.38	8.04	4.07	6.37	1.81	3.12	2	-0.0537905695082698	-0.541686278758508	0.00455878898091795	-0.378969786364998	-0.112550872303175	-0.222545622180026	-0.239897448927564	0.0523014244315354	-0.116303003768839	0.0216956442883005	-0.12004014338625	0.230678190414431	-0.0633287250091564	0.189374148346154	-0.0183786152056281	0.297778779384051	0.0645552799950327	0.165785929200326	0.130699871924708	0.197681500535976	0.141281902482464	0.0960713556266716	0.219744776480474	0.104638648840171	0.163448758245287	-0.212803933764083	0.00422057639514297	-0.566323782901218	-0.00258377918871853	-0.410324507767622	-0.118347422285606	-0.250199068144723	-0.194066904744868	0.119603146252267	-0.111247422557756	0.0762768124277462	-0.0936745527162616	0.210643088158309	-0.0516349819415805	0.180907234884516	0.0128891430004638	0.279712706814863	0.057363924734737	0.191889958303319	0.0955277996349658	0.214178730217906	0.0938360034792317	0.0661664165186719	0.187817101002571	0.111018449898627	0.119900515187678	-0.223549184662664
"HMAC008"	"0"	"R"	2.985	10.58	6.255	7.77	2.16	2.265	1	0.0188625539380513	-0.553521695692226	-0.00610745257496114	-0.301667347258988	-0.12577050433526	-0.213408768234552	-0.267019311230157	0.0831058526835981	-0.112059140571576	0.0196797605426143	-0.122393367167325	0.228629796962891	-0.0604572077495349	0.168753273322528	-0.0209140826307943	0.340471285218874	0.0634341280769376	0.172370689843904	0.131932557918063	0.237366683538674	0.103660932070008	-0.00981991772554317	0.264408102100518	0.0249950127304724	0.132422792156031	-0.196954625932246	-0.0582693111037361	-0.576969936795224	0.0029287024746156	-0.285176843737888	-0.0711563382612025	-0.205138335458549	-0.279306500430564	0.0330012774350315	-0.083158808311992	-0.00932456598885456	-0.197596029600034	0.201666711665887	-0.0669568791909509	0.139389198846789	-0.00809385032802201	0.35166173923311	0.0883728213999831	0.185649632969512	0.164050310024272	0.221048648925409	0.154604016353085	0.0629902204023969	0.2533592335343	0.0683455691445643	0.101222633440247	-0.187143316642185
"HMAC010"	"0"	"L"	3.206	8.736	5.242	8.158	2.168	2.848	2.2	-0.0122856728799267	-0.559808754708557	0.00253400996478786	-0.396714695477871	-0.138303054667878	-0.231255445852317	-0.199275565986128	0.104772677945584	-0.127115015681134	0.0855493613154893	-0.10462977008042	0.197377695877751	-0.0615622389602979	0.177495875709702	0.00667164719151258	0.271220422549456	0.0623490384220899	0.196124657887915	0.0908498917576541	0.222296053635445	0.105949438847089	0.0413218950657055	0.219062832604412	0.112565087678113	0.15575445946824	-0.220944831626417	-0.00262951941193717	-0.628713949250308	0.00856615057325482	-0.376404008335975	-0.118541914183059	-0.198697135871348	-0.189843833809571	0.103949443992944	-0.105911168071722	0.067545088657107	-0.0880430463896237	0.209551013625186	-0.0519972595718987	0.186464831722418	0.0089116647792511	0.252955296197477	0.0582534666116543	0.188784968801534	0.0925943809904338	0.212473863115057	0.0993321823889086	0.0767587314878547	0.177505580262475	0.116365367395181	0.111803315831834	-0.211033511537128
"HMAC011"	"0"	"R"	2.905	11.65	6.545	8.54	3.265	3.15	1.5	0.0025015883249142	-0.560771436735189	0.000114685443185987	-0.295085966552011	-0.121620741654399	-0.187598270448629	-0.265900032939742	0.0410893159630597	-0.103719110346436	0.00607396414365869	-0.164825393667791	0.223184053904094	-0.0725859343634456	0.174688546308621	-0.00743223167606544	0.352130808757658	0.0743687613214715	0.163909286879456	0.174242812571836	0.226190006071819	0.109508221294561	0.00432434504474745	0.257072215334318	0.0395627595030157	0.118275160357592	-0.1876974128403	0.0216337019349159	-0.477033060041771	-0.0177559372926689	-0.459524487755969	-0.247990001408639	-0.300319746588059	-0.299412164650928	0.0685188713874656	-0.0279328513210915	0.0996819483439074	-0.202614186106384	0.181496150255778	-0.0249299773426576	0.140180926362991	-0.0454334327398183	0.35456531759979	0.02977855991833	0.234341497920929	0.216003427265828	0.186463345946135	0.0395699915014377	0.114221210838898	0.249906482270504	-0.0219395749988392	0.246906482643059	0.00327178428295136
"HMAC101"	"1"	"L"	2.855	9.89	5.37	7.915	1.385	2.005	2	-0.00700527266828707	-0.532804403018675	0.000577800356335954	-0.392536491939709	-0.117728378203198	-0.234061141263188	-0.239741842115545	0.096091925267414	-0.0971512842060534	0.02186115023271	-0.0962883379373348	0.228477928054648	-0.0604120186919822	0.200749270706151	0.00136376562373683	0.281411931673427	0.0574831228833113	0.204399510143327	0.0971102103758247	0.233692249820504	0.10022616314678	0.0227083319713247	0.230744234132564	0.088085837185698	0.130821837303849	-0.218076098833633	-0.00600986502357981	-0.588315028604202	-0.000136795917164795	-0.408496822628545	-0.136914485860797	-0.206157208454242	-0.20535734844527	0.119404024881176	-0.104715008998709	0.0683452757373409	-0.0826537139071394	0.209809994584074	-0.0521485523942008	0.190888431303275	-0.0108221474636971	0.245940268124243	0.046572921141284	0.186315660394482	0.0841276466507295	0.212363804897652	0.107700626436874	0.0586903076696203	0.21219517802473	0.106018981127609	0.148161545756941	-0.194807689032483
"HMAC104"	"1"	"L"	2.68	9.4525	4.4775	7.6625	1.67	1.685	2	0.0167485113051185	-0.553006994726108	-0.00245749212140231	-0.407612513656662	-0.122369249085663	-0.240149119083178	-0.218310917762872	0.0969705537376455	-0.0958177200391152	0.034200298822375	-0.103436729835264	0.233895665936397	-0.0482185209047333	0.19212194725229	0.0198473010552262	0.276349571789978	0.0607102889895822	0.194338797682312	0.106569473475398	0.227957988930854	0.103116796758587	0.0686860195222267	0.198275142905834	0.107831343968754	0.0853431152593049	-0.231583560176884	-0.000107713043364531	-0.599240140644445	0.00479095896921417	-0.397332118076003	-0.100400680954701	-0.233370078341424	-0.20253061214748	0.112447392398829	-0.0983277654832206	0.0756567599846562	-0.0833428617607575	0.211702833079545	-0.0412187078805586	0.18608585283484	0.0158634419380642	0.262445354161378	0.0521946904366732	0.193018062121241	0.0826994655624163	0.212688384607248	0.09476565032443	0.0883187257819025	0.180607234340282	0.117669260484505	0.0950068996990035	-0.230090288392275
"HMAC105"	"1"	"R"	3.165	10.55	6.235	7.335	2.455	1.99	1	-0.00146123526407684	-0.514834845478584	0.0055725843516284	-0.329810095161283	-0.111537379718285	-0.21591374523514	-0.274859181932306	0.0559653995901098	-0.111856547545276	0.0251434527551463	-0.164286193066791	0.228589040077013	-0.0759429591127177	0.176023557254944	-0.00397742509175003	0.339308570291296	0.0716209399754968	0.160612638771496	0.161629731484949	0.230937375053365	0.116190512464071	0.0129445687831525	0.272224134655622	0.0437114453081539	0.116683018799435	-0.21267736200967	0.00925217314468603	-0.560295161969864	0.00404346282314441	-0.325074043343769	-0.116488206645514	-0.208222773157912	-0.261963112519674	0.0706917696927404	-0.102425548744325	0.0266412400528434	-0.126073613107081	0.235143440308118	-0.0598598240571718	0.18705050052061	-0.00612999894659609	0.297468683115848	0.055458719627296	0.176808750134327	0.128398586649442	0.232803413791293	0.109281596250801	0.0222190908526743	0.274045146564402	0.0604248101959866	0.0924606189605903	-0.215659720192896
"HMAC202"	"2"	"MAC"	2.8	11	5.85	8.03	3.28	3.01	1	0.0071728764003599	-0.546372984161126	0.00243570739069423	-0.342115562185385	-0.108601201292108	-0.216958188165925	-0.263786971621367	0.0685031160258331	-0.0996566768800884	0.0335562152444343	-0.149770988297387	0.225662194271982	-0.0631866954277408	0.214044835127163	-0.00274244918761208	0.317330906793484	0.0619970013759815	0.191236562458111	0.132988221517776	0.200836477177287	0.116129771851991	0.0292108018309704	0.24340738934012	0.0236006567518612	0.123614014829382	-0.19853503116869	0.0408385850582621	-0.597917532687344	-0.0316204919551063	-0.341245589106525	-0.0984005881988134	-0.184640770560754	-0.230755177751803	0.0887098577689598	-0.0892376520044982	0.0297643597815928	-0.120359153432499	0.233551280960341	-0.0478288296078154	0.178919061253377	-0.0150930425656639	0.306551931530075	0.0535495344014247	0.171098406165507	0.131389259381747	0.231642577746572	0.0861358992262806	0.0167213773651765	0.250490894460756	0.0630911012595494	0.0708907629877278	-0.196246061476527
"HMAC501"	"5"	"MAC"	3.096	10.304	4.908	10.546	2.09	2.686	2	0.0207321381403264	-0.574900101855163	0.00151924640206701	-0.356563489312205	-0.147197324841247	-0.24218564683466	-0.249143041991539	0.106998282851782	-0.120638932108876	0.0585699592569785	-0.0770611672496826	0.248544932543742	-0.0435091276647436	0.187794557796593	0.0109531819014075	0.257430326533298	0.0487328778747561	0.179071280801827	0.0837220343063003	0.209639951661717	0.101519779440425	0.036403352597803	0.231622442178274	0.0879088984987397	0.138747893612532	-0.198712304540451	0.0180119098281661	-0.659166157307003	0.00763710952969814	-0.293091437449728	-0.148201846854625	-0.141468628971037	-0.223041258576734	0.094101350517138	-0.0962368510730385	0.0572985174449261	-0.117001380551597	0.208237902042351	-0.0653371101238963	0.184206837428243	-0.0278886968465067	0.268877130216643	0.0578315984915927	0.172893304998963	0.122442435885808	0.215338357891299	0.106660107698984	0.0154609958535035	0.238326950106176	0.0492281115028984	0.126797032485972	-0.171916284168196
"HMAC502"	"5"	"L"	3.452	9.098	4.832	8.854	2.588	3.158	2	-0.0369427178077867	-0.538710564046997	0.00811273955056374	-0.388258563035524	-0.141814095537338	-0.226278532703015	-0.235320124872278	0.0882419568934862	-0.0756536245542628	0.0556554884611883	-0.0730316824023282	0.219483208234958	-0.0420137674333605	0.191234995759984	-0.0120642032782773	0.254211915805636	0.0389184087566425	0.198846229378642	0.0582491221024987	0.230428430520417	0.0978126730639164	0.0427063981743278	0.246977840834452	0.143367592413467	0.166769431577559	-0.270928555856572	0.0287839443877398	-0.570176176529835	0.00922064775370682	-0.424956770427113	-0.117017369022112	-0.212054363547432	-0.223020915680619	0.128176533277579	-0.115642702149823	0.0812342415346892	-0.0949432276633747	0.229828268410714	-0.0520210935998297	0.186514358449755	0.0123008206698252	0.274270845123532	0.0600634922607517	0.167804739162054	0.11388121709372	0.207176912382889	0.0860948560720863	0.040505193691245	0.186439032742202	0.0949111071942994	0.105861297135726	-0.203234888722375
"HMAC505"	"5"	"MAC"	3.35	11.695	5.04	10.625	3.835	3.935	1.5	0.0278944833241979	-0.551568096438942	-0.00270532175213349	-0.307291462180885	-0.134469437972883	-0.195741522738484	-0.280646549271981	0.0602155272846991	-0.083539510757712	-0.0189220183860998	-0.15688753727399	0.242510270627083	-0.0603832525113598	0.179623890369917	0.0291701664288648	0.336986522637316	0.0640675885719193	0.173708227199963	0.151631946704311	0.224556659324903	0.0795500715073825	-0.00947602942961589	0.260522254160635	0.0570552984553617	0.10579509884275	-0.191657266725216	-0.0328818907345693	-0.529823123225704	-0.0085285003075367	-0.505739310461478	-0.28572483549777	-0.267357803086722	-0.302948738717223	0.0966516309579407	-0.0693363231898853	0.100904313196711	-0.228656027365367	0.216254053949471	-0.0364347996750596	0.119112786233011	-0.0331978281663211	0.290795805488369	0.0283192387763252	0.231391168160568	0.216003427265828	0.183318373305574	0.0285762677524348	-0.0728504931498853	0.287609114782102	-0.0219395749988392	0.23082569486734	0.00327178428295136
"HMAC506"	"5"	"MAC"	3.16666666666667	12.8733333333333	5.64666666666667	10.57	3.80333333333333	3.97	2	-0.0118310177933706	-0.589651761285494	0.00454910565094614	-0.278488946224741	-0.0985880491044407	-0.192748205398931	-0.303440181130773	0.0662092071321833	-0.0783276161989534	-0.0015249002504489	-0.158604242527543	0.22554514646391	-0.0494384693901345	0.156893456420355	0.00652441657587313	0.319404761818542	0.0580148517772765	0.162910512512319	0.164105542737643	0.234327084384537	0.074923952118169	0.00163970178728355	0.275821431663944	0.0623744932278152	0.116290275621363	-0.166890550587332	-0.0127874612180474	-0.647450361894232	0.0148377236414859	-0.309186293750741	-0.0608229004730445	-0.206415177027923	-0.236143500788666	0.104012362331511	-0.0952153876307034	0.0499742366990966	-0.11537068846333	0.21377366935451	-0.0457796841842961	0.176264885633279	0.0177620862761379	0.281387254654463	0.0572791691006736	0.174762929237213	0.101075644432043	0.212583743111578	0.08002397488233	0.0414359272446019	0.218538430922068	0.110855809330424	0.0766025935033481	-0.20199898492378
"HMAC507"	"5"	"MAC"	2.975	10.045	5.845	8.2575	2.82	3.005	1.5	-0.00691602421527171	-0.55083890112448	-0.00704485221864965	-0.361912547959391	-0.136416926007291	-0.197155478880498	-0.231880647781364	0.0699481826945535	-0.104200783637997	0.000734588476775332	-0.138258448419405	0.205785578307021	-0.0622910309728254	0.142457338589916	0.00654917291170169	0.328090410865037	0.0650591811523267	0.176930144676385	0.139130380187788	0.247872886907491	0.10617085269127	0.0436964032628944	0.258187439477662	0.0840140724681693	0.111911686832055	-0.189622678283872	0.00266192829507302	-0.624256544298709	0.0123800155971676	-0.302261136611655	-0.171449792071787	-0.131113152052748	-0.214075124842904	0.071382931300838	-0.129095454705557	0.0285310876118019	-0.140034742760587	0.188183293458784	-0.0669398113134452	0.139635578011018	0.0169913963105542	0.308641382112244	0.0746431849214888	0.183046541949194	0.124578637615054	0.210363786074101	0.120554830143771	0.0497927586144845	0.22614385373799	0.0977480415925298	0.143641079073181	-0.219694567761878
"HMAC508"	"5"	"MAC"	3.34	10.8033333333333	6.61333333333333	9.97	2.9	3.07666666666667	1.33333333333333	0.0215329650547029	-0.578539626607572	-0.00262925996685892	-0.381975352894501	-0.170849065664569	-0.230083020244912	-0.225616101687061	0.125436051784123	-0.110301660608363	0.0648663456088227	-0.0741880654355618	0.221984356136451	-0.0473305025756025	0.189547896997646	-0.000709171865583546	0.254742481339821	0.0574794640067807	0.186483681386023	0.082469227920118	0.204513591717755	0.0946723551911562	0.0466036522475094	0.212381512553779	0.0954480832682483	0.163088303077063	-0.199028140739413	0.0979856149320807	-0.542608871734586	0.0044857356912708	-0.505739310461478	-0.28572483549777	-0.0534493631304672	-0.306139641312459	0.13965425505133	-0.0274970925667282	0.100904313196711	-0.213938062302385	0.170603476545027	-0.0207126405499466	0.110824022800114	0.0432185000040045	0.281529422533129	0.0234980758436215	0.239743075933281	0.214088250603254	0.183318373305574	0.0844022334970061	-0.0577433959820228	0.206479925717955	-0.0579552448443113	0.0984365666418937	-0.0857827703981611
"HMAC510"	"5"	"MAC"	3.26	10.35	5.94	10.35	2.53	3.77	2	-0.030535524572693	-0.62620806681768	0.00729799379078941	-0.331612169710163	-0.171374044208106	-0.156617342146517	-0.233454549794025	0.0698563775954994	-0.107352296435514	0.0156325452679089	-0.096168770023652	0.205880044114076	-0.0611554165665381	0.170339717744011	-0.00319159442051899	0.289517743673658	0.0500888007190268	0.173883499177485	0.102006426435337	0.207424947519919	0.118143039904603	0.0373595818005535	0.228908995110935	0.0849036314394019	0.196786940060357	-0.140360509658153	-0.0649819684623428	-0.527809780488472	-0.0201521086803049	-0.463785684625064	-0.247990001408639	-0.267357803086722	-0.267406911772245	0.0496441151767735	-0.0267898321030952	0.100218147028598	-0.213938062302385	0.173198480283572	-0.00782202781054908	0.119112786233011	-0.0472264180735133	0.380295983005478	0.0283192387763252	0.238942310847633	0.222163166945386	0.186463345946135	0.0238128295749298	-0.0650990640634601	0.242324903951125	-0.0219395749988392	0.233144832066944	-0.0428690269210862
"HMAC601"	"6"	"MAC"	2.95	9.27	4.99	8.34	2.5	2.57	1	0.0231919683567248	-0.548751624152105	-0.00230947915364764	-0.327757919372595	-0.134500226004184	-0.230926051983152	-0.254948659522545	0.100079304768992	-0.0907280477257421	0.00512273239319451	-0.10149274020776	0.248919109525001	-0.0361038341146422	0.168695319656244	0.00122104314096054	0.306612027759428	0.0413694161657849	0.166369514017732	0.102127255805202	0.24802928315906	0.0916092980010393	0.0132820822872815	0.261753099799907	0.0924427878579504	0.0988109054589023	-0.24211656591703	-0.0399570360709703	-0.610720457285919	0.00643362940049111	-0.365989070591415	-0.0857053588663377	-0.221457238957516	-0.191501490554603	0.117578319147209	-0.0635176421213541	0.0426782985468284	-0.0935439258265037	0.223030958738428	-0.0385578048192274	0.177616617050041	-0.0103464481070609	0.263354947659258	0.0283192387763252	0.17597943452047	0.0549742743523513	0.23839439029202	0.0914259274026004	0.0555039027043071	0.226798054898504	0.138402911250771	0.115178581535785	-0.234373013074482
"HMAC602"	"6"	"MAC"	3.59777777777778	10.54	5.49666666666667	8.83888888888889	2.54888888888889	2.75666666666667	1	0.00314246613344246	-0.568059790232001	-0.0038835330777536	-0.363935382958693	-0.0990612332083367	-0.225273100189099	-0.220354176603123	0.112249849772753	-0.0726230259870724	0.0159060183787484	-0.0939242443364652	0.234968075239262	-0.0388204269339368	0.197359929135413	-0.00530271511660202	0.298547890080661	0.0256567536394023	0.193617921425572	0.077029937657731	0.23811576395158	0.0737386188936534	0.00891915423374129	0.248667435172178	0.0931224197859377	0.105734143766883	-0.235538748623876	-0.0974295554591896	-0.527809780488472	0.0360166529051426	-0.459524487755969	-0.247990001408639	-0.267357803086722	-0.308761341927039	0.00830634080921858	-0.086861786245639	0.0996819483439074	-0.213938062302385	0.243999530573324	-0.0340611833071119	0.134750689547704	-0.0331978281663211	0.263354947659258	0.02977855991833	0.231391168160568	0.216003427265828	0.186463345946135	0.0285762677524348	0.0883187257819025	0.276531866293181	0.00477726973423861	0.233144832066944	-0.0428690269210862
"HMAC603"	"6"	"MAC"	3.25	10.22375	5.7175	9.215	3.22	3.06625	1.125	-0.0523011202289071	-0.586691132311055	0.0285449169002247	-0.392170444810982	-0.0823518321771658	-0.273858986736703	-0.192923701136844	0.129677443813557	-0.0726532859310918	0.0551785709417334	-0.0613979285366261	0.22721462154754	-0.0327047322589361	0.201328717785443	-0.00958114263762614	0.278367841525035	0.0254140171534176	0.188058876595612	0.0588712954073507	0.224186968166981	0.0673779094994414	0.0519550042517347	0.193579274103594	0.144980718675904	0.130126329843169	-0.2482281994448	-0.0281329099464439	-0.649414566978971	-0.00142087083894653	-0.293247547015344	-0.0508945393652707	-0.191775637996242	-0.204128753569238	0.0818807246398957	-0.0502927084718886	-0.00657064541239747	-0.117195923735339	0.231080858564501	-0.0503510698279184	0.176407076731718	-0.0259428712088237	0.334520428740925	0.0390218316848692	0.171698097648752	0.106179276428805	0.245578200487363	0.0634495469064195	-0.00894250173665646	0.24668975189782	0.0870789358721627	0.0730192400459556	-0.178293423545706
"HMAC604"	"6"	"MAC"	3.45285714285714	12.5614285714286	6.34714285714286	9.71	3.83571428571429	3.89857142857143	1.42857142857143	0.000904856736774451	-0.59950482625996	0.00247434381827371	-0.332828177047715	-0.0964654422269582	-0.200251348658709	-0.230062479983335	0.107244244687004	-0.0793372699708565	0.0192796427946515	-0.104977031524087	0.245940803823824	-0.0567296020280591	0.170973266331447	-0.0152989882279515	0.307195741109224	0.0400868365208438	0.149490934153342	0.106038557495981	0.246192578438773	0.0923239104535122	0.00624397356517484	0.240342422712371	0.0901860521722953	0.10069988622349	-0.210162885109353	-0.203043488799867	-0.619421076989003	0.0712029210724626	-0.272511180838814	0.0161744530260081	-0.2085346456184	-0.225231123798317	0.0270723380965051	-0.0267898321030952	-0.0319902121956107	-0.194819696822159	0.2059589226674	-0.082307281045052	0.156858640730158	-0.0472264180735133	0.35691084053779	0.0477546803394347	0.171264315558181	0.134091728144193	0.270522876722051	0.0950840625434228	-0.0135011466230073	0.259501171861429	0.116199553924876	0.155608823655053	-0.158829225972126
"HMAC605"	"6"	"MAC"	3.64	13.42	7.20333333333333	9.92666666666667	4.56	3.57666666666667	1.33333333333333	-0.0132982692287164	-0.590869558213749	0.00423895205971759	-0.333088150400808	-0.0663473781272722	-0.195326551658206	-0.232911515299489	0.0877529738264606	-0.0545298712783409	-0.0299260345033624	-0.152042944208381	0.231491590633565	-0.0531904959714248	0.163596771670078	-0.00697086776074361	0.332751877899979	0.0364554587883503	0.250717373545242	0.15752833821025	0.226612355475149	0.0658620016397076	-0.0238703316012169	0.23572601609583	0.0586727289010342	0.0794805750805116	-0.178515045574166	0.0246270934701692	-0.537368211924165	0.00922064775370682	-0.459524487755969	-0.258307335495262	-0.299917087684627	-0.299412164650928	0.135777055844817	-0.0271572615816322	0.05375728720007	-0.213938062302385	0.254021925221124	-0.0252230367225117	0.154647512111259	-0.0331978281663211	0.265642173733404	0.0194777346556764	0.204491748945085	0.222163166945386	0.186463345946135	0.0140391305803457	-0.0518517866221134	0.25455185609834	0.00477726973423861	0.247987428200112	0.00327178428295136
"HMAC606"	"6"	"MAC"	3.16833333333333	9.67	5.49166666666667	8.59166666666667	3.09	2.93833333333333	1.16666666666667	-0.025326140788284	-0.557742950026931	0.00297719494769499	-0.324387897387501	-0.11049757219269	-0.243662380055038	-0.269011042662066	0.0944381562321786	-0.0840931870218134	-0.0161911216566696	-0.0880107971378503	0.237379714038565	-0.0300008278764672	0.161712823787676	0.012729961350681	0.313490686438424	0.0368949786430936	0.176241788857176	0.100342525614226	0.26201205136477	0.0780250333126408	-0.00439280898933388	0.239292876958953	0.112802360260092	0.136676996851883	-0.211700422863407	-0.0210810480160773	-0.643835401218153	0.000430529313167193	-0.321360624470329	-0.0925348410156052	-0.184095487038533	-0.207354254600691	0.0816877825582545	-0.0829976929190124	0.0417738963778761	-0.083969787010384	0.206792164145413	-0.0413766202199085	0.175079190784549	-0.0415603142096829	0.285341695648072	0.0467024386443865	0.182498201142468	0.099018362580882	0.231761094870321	0.104305997951141	0.036771146231354	0.234264246174377	0.113105706324593	0.0861529833274073	-0.205519365355885
"HMAC607"	"6"	"MAC"	3.91625	11.31375	5.36875	9.70625	2.12875	2.52	1.625	-0.0619966952545981	-0.594302977862515	0.0102853747748374	-0.263009764075457	-0.119779531535765	-0.213260907908462	-0.277646468555316	0.0412892542992897	-0.0784437749764368	-0.0173247397337625	-0.132231994615836	0.240748064844946	-0.0574338004044442	0.173488329387844	0.00543213372556138	0.339247233373782	0.0530485839724616	0.150844477289168	0.137387625970715	0.217337722638642	0.0953522409948992	0.00204262324085237	0.229634011643859	0.089092204249371	0.196392294260062	-0.166191519743697	0.00794652035763187	-0.68730028550502	-0.00277729459250941	-0.268372270384108	-0.0900214678296905	-0.138501291437786	-0.19767069234463	0.046603234066064	-0.0602137710783923	-0.00499266363437563	-0.119749697347969	0.233248683626429	-0.0584610324196427	0.193973872723086	-0.0207789681973602	0.350779968948972	0.0563415898157935	0.194030063998721	0.140578229168257	0.244037325542983	0.0558181808987255	-0.0318435812313656	0.187295997797087	0.00922021951663728	0.101692405772699	-0.140883276230237
"HMAC608"	"6"	"MAC"	2.85833333333333	8.375	5.135	7.63833333333333	2.96666666666667	3.45166666666667	1	0.0427812082399218	-0.600304874369456	0.00790279522000826	-0.363069985906354	-0.143975404012452	-0.203371296780405	-0.222880870367891	0.136798749849021	-0.0805831243906283	0.040890806367588	-0.0582208821394056	0.234770053564887	-0.0324188571971335	0.198849627803845	-0.00160788142698904	0.271691038448326	0.0281601257394184	0.184177282260582	0.0672566941050786	0.224756577069883	0.0704752381232698	0.0174620215938041	0.217476264010816	0.104024854630842	0.105634694095986	-0.246674854532562	-0.0164167620302805	-0.626689723736495	-0.0121448865284056	-0.330762534468307	-0.0675557290469346	-0.19364083897165	-0.196511836799421	0.10589648877739	-0.0702723650475081	0.0282972864524174	-0.111885779542725	0.217733787309071	-0.0447310871215333	0.152681274275382	-0.0331978281663211	0.306670684719585	0.0408707507975343	0.167622431192205	0.0993979209703017	0.257530036969334	0.097725329565518	0.0264242068779339	0.237189793896247	0.102641961934223	0.077532479053529	-0.214405061331089
"HMAC610"	"6"	"MAC"	3.368	11.266	5.744	8.456	3.806	3.484	1.4	-0.00503387894101469	-0.628782645798645	0.0216361979686284	-0.362081780453056	-0.146156562542655	-0.191513876613155	-0.201221817551425	0.119926857328924	-0.0867649857139395	0.0520178270896235	-0.0665387700100439	0.233814661071063	-0.0363184532603772	0.186006074593411	-0.00562803565798398	0.271679421492972	0.028109865526588	0.168311064181058	0.0639105873208437	0.225016118830518	0.0869725328970448	0.0195711139050323	0.196034618257282	0.112351043552073	0.150998701707052	-0.206315879179819	-0.0249003559474731	-0.673626951268411	-0.000347375985423898	-0.301151314075498	-0.0725478775750948	-0.16413246499369	-0.214364890303042	0.0843914184631482	-0.0699832367595275	0.00758161647898243	-0.123968223201335	0.231914512037814	-0.0466881880873752	0.154647512111259	-0.00634168582544516	0.301321312202997	0.0483384531881262	0.164976500048887	0.114340909688153	0.240159993957729	0.0735602790107055	0.00919548236741144	0.220034247681368	0.0920057764408047	0.102867944116363	-0.147283393771433
"HMAC801"	"8"	"MAC"	2.79	10.93	7.14	8.81	2.64	3.31	1	-0.158126578303478	-0.673849933513634	0.0516271217501272	-0.367192295755389	-0.0265426648556436	-0.173641122626099	-0.173602442188947	0.106882903420179	-0.0351265675720129	0.0214287785645392	-0.111435676623445	0.205158920491171	-0.0372219509707197	0.146023143779321	-0.0568645631137805	0.292151567813349	0.0363837361934971	0.172110263267054	0.0656926762876124	0.237898818552042	0.0992970990328534	0.0288739817307695	0.205411340673905	0.189527697233256	0.140508469690032	-0.185372722956558	-0.0249003559474731	-0.534068193924588	0.0360166529051426	-0.463785684625064	-0.247990001408639	-0.25396059048577	-0.302948738717223	0.111359606968495	-0.0419926076645651	0.0996819483439074	-0.217126668580853	0.249963343934959	-0.0328166704124214	0.168390052843048	-0.0472264180735133	0.238719512379308	0.02977855991833	0.154370806353456	0.214088250603254	0.183318373305574	0.0140391305803457	-0.0688835296885151	0.324486742484123	0.0942208634845013	0.281401733157085	-0.0428690269210862
"HMAC802"	"8"	"MAC"	2.77142857142857	10.6642857142857	5.40857142857143	8.90571428571429	2.22857142857143	2.64857142857143	1.28571428571429	-0.0267414827066277	-0.600907278390421	-0.0229226405133869	-0.464975399840829	-0.170359288067721	-0.202127257682332	-0.145337065455433	0.12722607051766	-0.0624019989564763	0.022690218306192	-0.0556172038599935	0.221706477869624	-0.0456085362073872	0.21201243394339	-0.0243633247242934	0.265886817441967	0.0179821658806753	0.187889599496101	0.0482135976392163	0.225212874254353	0.0822951588098527	0.000887292330077203	0.198362265234665	0.10958016779312	0.20649835292691	-0.105082016038903	-0.0049488480800874	-0.657710525415545	-0.0325679507802843	-0.333324246696552	-0.151188459054363	-0.185110952576937	-0.261898733687994	0.086119188021447	-0.0692777616579838	-0.0657131941200298	-0.0636419001878027	0.228356465894229	-0.0249299773426576	0.172055333760743	0.00451777065640876	0.290441687585639	0.0648905025634982	0.169756724251862	0.129095004969462	0.216357325760471	0.063047287879921	0.0030627456081682	0.198646089337811	0.135007892610409	0.148256975384073	-0.0592984446839081
"HMAC803"	"8"	"MAC"	3.12	8.22	4.03	8.85	1.96	2.42	1	0.00317515379302985	-0.565325798747983	0.00276442145673473	-0.331817397612191	-0.157953377787119	-0.217982616161507	-0.246260191606931	0.06351995565028	-0.0935995060460026	0.00309194308501355	-0.0932770521953575	0.240193147243692	-0.0425791605153509	0.191002957476955	0.0142724950272703	0.290904382626584	0.0546636433614961	0.188858746980612	0.106480952055316	0.245401081820325	0.079234850570193	0.00990623298671546	0.232508735582107	0.090857141370776	0.140569036304614	-0.208609776719273	0.0126531909316387	-0.568148489453675	9.68186020776027e-05	-0.373458522331454	-0.116246337266722	-0.212574732789229	-0.245685375516664	0.10034272815218	-0.0996392770679986	0.0373690159682081	-0.0893200842986696	0.243298510642025	-0.0454262340272237	0.179274342395223	0.000202061823750077	0.290795805488369	0.0504280728011259	0.174786548718241	0.108334269475393	0.21400788113391	0.0909649267026071	0.0302641052784317	0.221794186630749	0.102082566539111	0.111843781209936	-0.218039759741339
"HMAC901"	"9"	"MAC"	2.87	11.34	6.16	9.88	3.68	2.64	1	-0.00806966256367078	-0.606313566961893	-0.00675303749673039	-0.358056058052009	-0.0879665887442989	-0.160311329253564	-0.226843592639829	0.0631140107290946	-0.0685436651241224	0.00623117692143242	-0.126043319790838	0.232829021613526	-0.0517204886100809	0.181368560904732	-0.0090251520988489	0.31370877926563	0.0386184095892989	0.181061616564505	0.121854914947082	0.232838333979707	0.0784329302761393	0.00729141945304528	0.252553786494089	0.0804286051727054	0.0935054657618108	-0.174190570336912	-0.00350497175141239	-0.529823123225704	0.0325420876702725	-0.459524487755969	-0.28572483549777	-0.250199068144723	-0.308761341927039	0.13965425505133	-0.0271572615816322	0.100218147028598	-0.213938062302385	0.222536245011103	-0.0340611833071119	0.140659063081322	-0.0472264180735133	0.271851327897946	0.0283192387763252	0.234341497920929	0.219095984037426	0.153834183604426	0.0285762677524348	-0.0650990640634601	0.279901809431481	0.0135569326784418	0.23082569486734	-0.0457966747871933
"HMED101"	"1"	"MED"	2.32	9.105	4.45	7.16	2.195	2.5	1	0.0250104881083947	-0.507600260079698	-0.0116928590181262	-0.340969352030117	-0.147449525958283	-0.220200970410439	-0.308507215232506	0.0742833169468812	-0.0999879848017706	-0.0105433713110975	-0.14038736643707	0.242216683035973	-0.0612200724137712	0.171039587734181	0.026300308723601	0.310383613479077	0.0771226363191578	0.175444125978643	0.154233978295182	0.230425635003563	0.0883099354954683	-0.000387882909487439	0.257967855878549	0.0658229442895771	0.140299821041174	-0.189914069727055	-0.00576835200063916	-0.565107408685064	-0.00383630104212683	-0.397165299259739	-0.134626790019944	-0.186343002776846	-0.226513262357046	0.0878648989180927	-0.110615733128224	0.0370824177325993	-0.119858715130054	0.221093706377785	-0.0621104421721193	0.178837913567015	0.00273012701409953	0.266326158056782	0.0616250662699433	0.178901958194562	0.122155945671045	0.219423685974034	0.0954290348479346	0.0386232719906205	0.239338444775554	0.108822676957147	0.142050977271578	-0.188360977046987
"HMED201"	"2"	"MAC"	2.484	10.782	5.858	7.908	2.51	2.79	1	-0.00971525374750602	-0.559806125627667	0.00227527991160501	-0.376903190497098	-0.142109424186428	-0.2159647540657	-0.235936950709873	0.0909757768476809	-0.103452526181667	0.0379322991080988	-0.0878905666009349	0.229516875759333	-0.0506382897837435	0.200189322730855	-0.00701496743168817	0.274311261738829	0.0422517597341339	0.189446537037474	0.0875297852890744	0.22427822120599	0.0939737021855848	0.025039353323711	0.239960049220361	0.0703517927566223	0.170767402301082	-0.189367370318129	0.0316851005222863	-0.597017256183056	-0.00847120026138495	-0.34503653842467	-0.154519045668586	-0.175185702864192	-0.237125821673811	0.110013548675649	-0.105555241046989	0.0403660716800275	-0.0975983088507512	0.228495652356372	-0.05390773204379	0.192172855655778	0.00184333065012994	0.260552415315737	0.0493203154037152	0.17896479775726	0.0979491483708209	0.215992690541185	0.097078453753637	0.0195148849718475	0.236680640430656	0.0784285125452953	0.142620360414068	-0.207261932027233
"HMED202"	"2"	"MED"	2.486	8.273	4.467	6.962	2.258	2.671	1.1	0.026524452729558	-0.534293280254571	-0.0147493971588309	-0.324714432249088	-0.129897231011139	-0.222397091960859	-0.255351446136175	0.0931385003419742	-0.0855388351168525	-0.0203479074765094	-0.165559240484942	0.238703065137389	-0.0967898689871917	0.191050240630814	0.0152072952676357	0.349909026048081	0.0868801704800394	0.17112133183907	0.158280386512874	0.206476672124882	0.0910152443186188	-0.013899830087762	0.235363111503558	0.0475424171146251	0.134615358082848	-0.182288711208047	0.00460428301857445	-0.590660202623972	-0.00617056995455161	-0.322547380439893	-0.0815151168007115	-0.22717423625599	-0.232501141570301	0.091822535816434	-0.116346550254915	0.0386379716587256	-0.124245040846847	0.224180735469038	-0.0609680703277206	0.171262254871214	0.00914898988024437	0.319295161160515	0.0697744206471319	0.178486750987144	0.120200065831708	0.213245338990146	0.108505053017363	0.0358912428107516	0.21743255967996	0.0854411402155542	0.092081117680066	-0.21788131265967
"HMED204"	"2"	"MED"	2.775	10.0516666666667	5.34166666666667	8.28833333333333	2.48166666666667	2.88333333333333	1	0.019906400939923	-0.622146547442976	-0.0166365557940277	-0.339682669467968	-0.173145083389746	-0.119067884073126	-0.246622658472732	0.0618747137420209	-0.0899804920633471	0.00844446985060644	-0.124867621075259	0.211652381959271	-0.0712614624328713	0.177368201862547	0.00365493577588013	0.294933002332552	0.0621655989553166	0.187387700896458	0.127152007478033	0.202941964826734	0.0986338160578308	0.0154093045783533	0.24052053562823	0.0469830403181753	0.17048057839277	-0.126097679382648	0.0253140771816718	-0.604605446342392	-0.0199403430831632	-0.327536119477148	-0.121657148258239	-0.178276139412583	-0.243996905595963	0.0591655076010637	-0.101390748304261	0.0278211491907406	-0.119941422082908	0.216254053949471	-0.0625037353965383	0.194863769520662	0.0155720607848464	0.300315334488323	0.0660323697067693	0.201303244446757	0.124399031977683	0.225449816816527	0.0904135182016682	0.0191275124289459	0.23162943046628	0.03788064791597	0.116069814402152	-0.171763331126337
"HMED205"	"2"	"L"	2.59	9.195	5.085	7.845	2.35	2.84	1	0.00497457528490196	-0.570627212718184	0.00761815719313411	-0.419141173523034	-0.104864400930954	-0.225278085565664	-0.214406310820031	0.127009846583983	-0.0926010477380508	0.0572625196207713	-0.107122226000705	0.226618727858944	-0.0490319046587555	0.189004524350219	0.00089457040414247	0.29739748284251	0.0527179778685416	0.171677244342129	0.114350494832036	0.207468643380234	0.072586557903819	0.0236394389437624	0.195804478636326	0.105413899125106	0.119079078025597	-0.190445855240776	-0.0899726034548469	-0.610281653378819	0.0109862447087184	-0.412372145136274	-0.0685560345094835	-0.217619170948414	-0.178756756313303	0.0711203098081189	-0.086861786245639	0.0560812516020376	-0.111509785602474	0.195306708409227	-0.0536511154126228	0.171573634704819	-0.0196317570279129	0.270527610871215	0.0445150458432452	0.192239210802887	0.110235279060822	0.227650325307357	0.106726119044037	0.077697397660108	0.19128263432741	0.139181878369838	0.145194515582049	-0.1611053580721
"HMED206"	"2"	"MED"	3.14714285714286	9.70571428571428	4.56142857142857	8.77571428571428	2.53428571428571	3.41428571428571	1	-0.00521839926431315	-0.567710165580734	0.0062789657498986	-0.349322096970261	-0.146674611553145	-0.192043904489851	-0.244469485918452	0.069842316354476	-0.109995498661495	0.0393153018488308	-0.12476353985246	0.220523929259764	-0.0519982362557108	0.18277011995378	0.000581474042678159	0.280162553633439	0.0569347181882245	0.183842502355236	0.121266706763852	0.216622408350029	0.0990639910146057	0.0343298309163787	0.249559850799501	0.0862515441189561	0.149434064946817	-0.204584339750042	0.0273666279757866	-0.621529534880741	-0.00604845183518029	-0.324836850118993	-0.103003269700544	-0.178239774817272	-0.23378289782876	0.0687673406857076	-0.109910710830359	0.060343621499625	-0.118381849746569	0.222728811609542	-0.0626486777687903	0.19774917471429	-0.00150650900236122	0.276174442443076	0.0598903435449433	0.187676383415605	0.123720465205997	0.210598006439263	0.104878947769984	0.0455925144733111	0.242324903951125	0.048607943508288	0.0771010782647294	-0.193632078971703
"HMED207"	"2"	"MED"	2.115	7.905	4.395	6.84	2.4575	2.9725	1	-0.000588314316266298	-0.552346222658966	-0.0035450420900764	-0.402038338223673	-0.127880357326518	-0.243057858243314	-0.205382098763758	0.133212244217662	-0.101545662065198	0.0596498192437722	-0.117686495724361	0.215742013677098	-0.0623355670672367	0.179479036626061	-0.0055084538784366	0.288262582771528	0.0612749895255724	0.1619647665276	0.113656182093832	0.208580698794443	0.10469544745067	0.0491442369662202	0.207336279124652	0.1238857871107	0.137509093037124	-0.222478766809131	-0.0220970481329195	-0.537368211924165	0.0361846891549375	-0.461286292472743	-0.258307335495262	-0.267357803086722	-0.29515423595898	0.134585935707297	-0.0602137710783923	0.100904313196711	-0.214437814158172	0.254855058123896	-0.0506992861249404	0.221439451046449	-0.0472264180735133	0.229067873455309	0.02977855991833	0.110681287396212	0.216003427265828	0.176324905166495	0.0395699915014377	-0.0650990640634601	0.313962119256875	0.128724996396469	0.246906482643059	-0.0457966747871933
"HMED208"	"2"	"MED"	2.62333333333333	8.38	4.83333333333333	8.07	1.99333333333333	3.16	1.33333333333333	-0.00912081396501704	-0.530579164030838	-0.00538481085081156	-0.283934692769564	-0.180033353983624	-0.183349225882402	-0.281947351669159	0.00987092480431494	-0.0869677804450324	-0.0155379472144411	-0.150647828268993	0.230939017522041	-0.0634172612651041	0.18498586624215	-0.00169329041522227	0.31330124780742	0.06798527537819	0.216037394322353	0.136402984222791	0.232176712634397	0.104062678915756	0.00193130087400094	0.287858752885166	0.0271890942846057	0.182902799461062	-0.203030528594038	-0.0166642148513695	-0.628579967287545	0.00556917980190633	-0.352885759886985	-0.120022633859876	-0.198323874978496	-0.179679505356784	0.100343806907738	-0.0783904782787747	0.0413224056122111	-0.0871364307270396	0.212650459541356	-0.0575239526067725	0.202607818125084	-0.0139656811960289	0.261572182698631	0.046686950137873	0.204721824725173	0.0769876930387783	0.221938887808491	0.0839061806499806	0.0365727199640927	0.21361199973849	0.103601961477726	0.126620893509616	-0.205542464707475
"HMED210"	"2"	"M"	2.768	8.326	4.252	8.27	1.82	2.896	2	0.0211721277603221	-0.509367233813341	0.0171246105440518	-0.375939351610338	-0.131833490358139	-0.23048481343588	-0.263435860547598	0.0829150782783762	-0.126082774247591	0.0455021522722057	-0.122162749492611	0.240242606680873	-0.0626409385722136	0.200533046806067	0.0148308397833179	0.317340736368979	0.0666675001219868	0.173720029809849	0.128892377175216	0.205270796934342	0.0717295095641054	0.0159438337182576	0.244153906864176	0.0526357343800514	0.141584941404976	-0.218312616389441	-0.0418875560183365	-0.527809780488472	0.0375154520411746	-0.463785684625064	-0.258307335495262	-0.25396059048577	-0.279306500430564	0.091822535816434	-0.0279328513210915	0.111666182976333	-0.214437814158172	0.173198480283572	-0.0364347996750596	0.134378139406739	-0.045548945354377	0.277271646273294	0.0194777346556764	0.231391168160568	0.214088250603254	0.153834183604426	0.0140391305803457	0.100841763845029	0.316780036060807	0.00477726973423861	0.246906482643059	-0.0428690269210862
"HMED301"	"3"	"MED"	2.34333333333333	9.18111111111111	4.84666666666667	8.21222222222222	1.73222222222222	2.82444444444444	1.11111111111111	-0.00413881055413744	-0.570977393284225	0.0053536485405575	-0.387102462517733	-0.148664049127873	-0.163062142500132	-0.255161738790089	0.0472169982836464	-0.0926563177296762	-0.00185978387995293	-0.120945576455028	0.221410464341024	-0.0498051799820142	0.184330376886748	0.00570576523925215	0.308972063670391	0.0699312051085118	0.184687285852418	0.134026748052416	0.222139299060946	0.101955012727935	0.0354660560443562	0.224325322704186	0.0637940167441263	0.130073970265958	-0.145014778701614	-0.0649819684623428	-0.527809780488472	0.0238417370674885	-0.505142314285719	-0.258307335495262	-0.299917087684627	-0.286705066301079	0.117665855788334	-0.0289187574388192	-0.0046864521844095	-0.217126668580853	0.24972092693221	-0.0538093015369453	0.140180926362991	-0.0331978281663211	0.34558281953843	0.0187044432300274	0.210154522111187	0.219095984037426	0.153834183604426	0.0395699915014377	-0.0577433959820228	0.240384068297798	-0.0579552448443113	0.247987428200112	0.00327178428295136
"HS001"	"0"	"MED"	2.51	9.7	4.05	7.07	1.79	2.31	1	0.028707237758658	-0.582854641868581	-0.014172397778184	-0.408748936451406	-0.192021947335502	-0.117302403941798	-0.223313079047429	0.0814798282223781	-0.0915247519816035	-0.00676209941505026	-0.148219492749346	0.246738458261672	-0.0605484612933529	0.158319726454555	0.010898374146095	0.310362138603253	0.0713501611392962	0.151763401042587	0.156591022218505	0.21060800584237	0.0784393427518073	-0.0250980505185456	0.199099789862666	0.0841444832278093	0.184714202308391	-0.102649909459246	-0.00859668359797532	-0.621104065903752	-0.00179147582037955	-0.349930151867788	-0.17327374804455	-0.137075341649199	-0.227066519753908	0.0760832733465177	-0.0964789496369501	0.0134483017166382	-0.125376500830146	0.214507593456025	-0.0581233841112967	0.158654936707304	0.00845930830643954	0.272742128719245	0.0590987100569636	0.167134266716018	0.118342403257214	0.233390487878615	0.103853143746506	0.0156078737295823	0.231084351093834	0.0963584595856266	0.169869345334248	-0.139817762434832
"HS101"	"1"	"R"	2.96666666666667	9.46333333333333	4.96	8.16666666666667	3.38	1.74333333333333	1	0.0105631254439902	-0.535848996567329	-0.013223814620616	-0.284313925523448	-0.14434167766666	-0.178812157562532	-0.29471128539285	0.0284827298876272	-0.0781041027780564	-0.0368864701609249	-0.149018705256238	0.257677176488732	-0.0550229616484278	0.167846715839345	0.00695708008380637	0.358672536593507	0.0610543957566621	0.170279990155636	0.140502024333927	0.242046998644626	0.0439659565994338	-0.051945514655192	0.312124858934952	0.0279553359557987	0.159255106210078	-0.165154419095847	0.0154903118324931	-0.527809780488472	-0.00564571158584058	-0.332363065273596	-0.115373494834126	-0.208199054822976	-0.267749690574405	0.0483844857009493	-0.103636786780417	-0.0225025380625348	-0.126211230268661	0.252518932076944	-0.065995688036218	0.192785580896694	0.00326005495576253	0.337785275658272	0.0601269301329662	0.174315647940786	0.147233850988617	0.24743878435073	0.0817262771290704	-0.0209052973314584	0.288233678858523	0.0608067993462848	0.0885414981822364	-0.202255769991623
"L001"	"0"	"L"	2.94	9.595	5.555	8.32	1.825	2.47	2	-0.000117077411173753	-0.540622015705343	0.00352851725749369	-0.359623443459147	-0.103313897588139	-0.255612059860479	-0.214934517649492	0.0934067058007652	-0.118492436423732	0.0688586520568383	-0.122514322129856	0.222887586503873	-0.0750861215979729	0.197859111807176	-0.00537180633931162	0.27967519153984	0.0600329623238413	0.20173212622361	0.110865831654997	0.228350568850155	0.118901599369788	0.0496027315671232	0.238594509728082	0.0721390746890503	0.107906758805475	-0.258654230013462	0.00532919347591175	-0.584972780808657	0.000738182850395516	-0.340338659572995	-0.11949429865796	-0.210446259694443	-0.215870711115435	0.0787354392743682	-0.125804952810548	0.0626018309928088	-0.123222346630061	0.211545514728486	-0.0782919850367137	0.194336259353084	-0.00576016436056615	0.281529422533129	0.0770029583513035	0.192105564269807	0.124796722154157	0.209691344151488	0.126266631826703	0.0584995564211221	0.220809927516334	0.0686000243677431	0.113500842436479	-0.221887256015942
"L002"	"0"	"L"	3.18	8.97333333333333	4.71888888888889	8.85666666666667	2.16222222222222	3.36555555555556	1.88888888888889	0.0193509039085482	-0.571252380872659	0.0100233610246103	-0.405239427410535	-0.124030328653575	-0.232078288637877	-0.196415569764103	0.120138367901782	-0.0926755934213365	0.0619729393858551	-0.073672102474619	0.226211791518939	-0.0490311462402128	0.21219268318167	0.00642178850141664	0.276813780970837	0.0411398714698587	0.211787502077329	0.0679307600326086	0.222113418826973	0.0809780487323653	0.0295452187517145	0.197070632336226	0.089662185569171	0.112909374548212	-0.241867791263199	-0.0236270444160021	-0.585038793055262	0.000152237506105794	-0.400592937429612	-0.105090175660403	-0.240188043486922	-0.197832251873736	0.0987604978320048	-0.0958735319997975	0.0664449388473347	-0.0757942922925859	0.217508728373341	-0.047447745609359	0.199984722477916	-0.00405596901910778	0.254617422780723	0.0418852873369855	0.209638241346414	0.065653362418754	0.225872420378841	0.101654272502326	0.0598731943573034	0.20830290253309	0.0968102413733547	0.13207294857373	-0.203690633795437
"L003"	"0"	"L"	2.8	9.44	5.38	9.11	1.87	2.53	2	-0.0148067020831522	-0.619940686062463	-0.0200007204926471	-0.328185004093443	-0.128924230925832	-0.192935516344017	-0.23451301251725	0.0635834354107327	-0.144096111168029	0.0254150385361666	-0.159591130185534	0.201164192878636	-0.0788585360157699	0.157312367452839	0.0275902914027774	0.276880809677695	0.111362581271256	0.182123376418166	0.155076663533896	0.201096020197756	0.144952319748613	0.0806776974086106	0.191963906645845	0.096436443166586	0.149844680785825	-0.143628174647267	-0.00938366006329533	-0.621905523759393	-0.00819484889651577	-0.404805211731685	-0.156182898740115	-0.198828627360576	-0.178714415296183	0.10605536111363	-0.0933473987095697	0.0641344339063152	-0.0637628708206574	0.200548859362382	-0.0426920383911055	0.183667143664565	-0.013566618820641	0.234199118846284	0.0348832885976834	0.198746772573327	0.0751796765395818	0.215291606531156	0.115141240110183	0.0825053933759302	0.20073539205109	0.122556518364154	0.139905152439547	-0.182165844886092
"L004"	"0"	"L"	2.705	9.59	5.4	7.65	1.6	2.05	2	-0.0486022405492881	-0.559016588738162	-0.0171588971256432	-0.40192661248616	-0.101966799505558	-0.245926293934173	-0.166732904058861	0.0729915957415563	-0.0891056592272712	-0.000924097617740927	-0.117594209908137	0.204337358423845	-0.0581486446184619	0.172828579648982	0.0185864513353481	0.285552217021756	0.0608544617599957	0.240261699941806	0.0898172009225478	0.256689298161177	0.0872238097240789	0.0647805160518333	0.222446809777233	0.127504877074115	0.120380621474015	-0.217152549288835	-0.00248805273975318	-0.592961743047136	0.00307445769544042	-0.368451226623795	-0.108753838340181	-0.200325942730533	-0.196544699203742	0.0886397956629841	-0.101177654231288	0.0458641578657986	-0.117478420528445	0.207602110202541	-0.0686297534570267	0.17730946132084	-0.0106076189616637	0.299174987495885	0.0655265842433591	0.197169185798842	0.121060885823527	0.22334580628921	0.100278066571952	0.0561127390095549	0.215134960502425	0.0719082151086968	0.100605082625396	-0.205387546352889
"L005"	"0"	"L"	2.4	6.81	4.44	6.49	1.75	2.75	2	0.0212296897188653	-0.538193096695209	0.0022222354861781	-0.414109377837921	-0.210895372686716	-0.218246377651592	-0.223839403322471	0.114282285804837	-0.099470327826551	0.0493185500339673	-0.0842454453064126	0.204699280766218	-0.0622830301787173	0.191277805986538	0.00139003352673968	0.252917073198626	0.0518804175684095	0.18589399543291	0.0966270783758616	0.200884792595069	0.117218572281215	0.0840579689484197	0.233245260807553	0.106117811559613	0.156920291556044	-0.218900712141476	-0.00392133408549706	-0.546709395990036	-0.0122830142117453	-0.382023799403477	-0.143429167449209	-0.195255054504725	-0.237034039010431	0.0832282727759594	-0.124097937193003	0.0445627621720244	-0.135635938671165	0.21571489211872	-0.0762956048667556	0.190158054131009	-0.0105098754606732	0.280506070083983	0.0740192302828124	0.18155965432902	0.13402397620914	0.204492251275609	0.126150591178189	0.041398972925951	0.233864626184571	0.0717151657681599	0.175148487093766	-0.189347845682196
"L006"	"0"	"L"	3.01555555555556	9.90666666666667	5.47666666666667	8.23111111111111	1.67666666666667	3.08333333333333	2	-0.00329213741761973	-0.567710020668411	-0.00496599224489024	-0.356716511401619	-0.104016881374702	-0.219354344483539	-0.234232952164524	0.0536663009345886	-0.0973768949399702	0.0285944910909597	-0.128993466226466	0.227381517662411	-0.0644550732935579	0.202866378343834	0.00661769127610018	0.289639961111785	0.0724229284068225	0.196933931730673	0.136814259358798	0.218744258226086	0.0948260536469824	0.0492906847818119	0.229979355640749	0.0897672803392212	0.0966731093322778	-0.213103927667801	0.0229832250098534	-0.59707486264042	-0.00321160626373249	-0.351882145105879	-0.107429589773704	-0.205510446881302	-0.215830785923561	0.0962373721348072	-0.09929029801973	0.0632044523643232	-0.102725045894273	0.224172109054083	-0.0607407312955647	0.207256216428426	-0.022216071185668	0.273480953813174	0.0631776463378365	0.197147891694276	0.127904132372809	0.215849489675928	0.0942025890955771	0.0386960050103141	0.204739968898265	0.0632974853516413	0.0984365666418937	-0.224874520899371
"L007"	"0"	"L"	3.00666666666667	9.56	5.29	8.55	2.48	2.62333333333333	2.33333333333333	-0.0113582456456544	-0.51408697779982	-0.0073554175833025	-0.399995645923958	-0.113800144685856	-0.260909303906818	-0.225582263140594	0.0836530461284663	-0.124679420935755	0.0622342253211797	-0.120019819648054	0.215770339029113	-0.0700794660669236	0.193409752903595	0.000377188650132614	0.290198595991304	0.0759010104298499	0.195185374478147	0.122356994609244	0.212370362116761	0.12159560169256	0.0689876482143	0.214426923678297	0.0947450669303722	0.138217058646056	-0.241562483482641	-0.00370789539756925	-0.542608871734586	-0.00167127145076264	-0.411486629689236	-0.156064543153988	-0.25396059048577	-0.207130055072908	0.107955420849116	-0.130227490922961	0.0827915789830393	-0.11333741073212	0.19500297561123	-0.0571747407599312	0.194989158117193	0.0108970010356876	0.262633441346564	0.0723213812993828	0.18840653566758	0.105745280894822	0.205057510316294	0.1261963203957	0.0866936468061674	0.1942576226178	0.102358651755137	0.159895801246846	-0.217832827542728
"L011"	"0"	"L"	2.6	8.088	4.974	8.212	1.868	2.544	2	-0.00151091302010688	-0.616326601413499	0.0160508717591507	-0.426038255844747	-0.130611596448061	-0.199038809660058	-0.144517558247554	0.1330866045295	-0.0763490168228822	0.105764868272807	-0.0701662450487726	0.218769316096372	-0.0509715297305224	0.206413979809852	-0.0267301455420225	0.259742262494673	0.031809877209017	0.186997764632482	0.057878552243568	0.201189496965894	0.0955149372576497	0.0800962224076908	0.156392079841287	0.121028123388705	0.143210686549248	-0.271684971679673	-0.0334504155481857	-0.641791099586644	0.0127920892446851	-0.382017456684177	-0.0817183804942447	-0.225345466331078	-0.168695917616188	0.112994737675404	-0.102744887816366	0.0928866188380264	-0.0855207503014081	0.196967371150831	-0.0543014689838267	0.180261335904108	-0.0134392757306786	0.238719512379308	0.0502192158469472	0.201710483397346	0.0871258541790195	0.226933587162356	0.11567265057299	0.0883294381886049	0.171326104726913	0.112817274642072	0.102735181920344	-0.202466336736158
"L103"	"1"	"L"	3.13	9.93	4.78	9.49	2.14	1.97	3	-0.0109598068965774	-0.554404374504081	0.00251129069980585	-0.383788081007875	-0.0945879718859061	-0.225792248900775	-0.1970294689212	0.101582682331684	-0.0974407652612837	0.0498923245445084	-0.140579371714953	0.210686428795934	-0.074549872478791	0.177996343112833	-0.0148262491063963	0.301659981405018	0.0653955384316472	0.190966854579213	0.126383455528602	0.234062031749225	0.116231180891881	0.0459479720369026	0.22418328663508	0.089995987318983	0.0952687540780908	-0.238805901461571	0.0149676464254307	-0.593539526925456	0.000185239848002256	-0.403682652336828	-0.0703879315781711	-0.247270005011578	-0.183532302845992	0.131424046179991	-0.0954879587636055	0.0845625179297543	-0.0855086432021531	0.21848623752224	-0.0498207435032779	0.196875204323944	0.000144023492680472	0.271598415731011	0.0533383990870715	0.192233095691457	0.0920503681909354	0.214364984631635	0.0904929554548932	0.0734006247247657	0.17511916134184	0.11339126752902	0.0584397860523471	-0.251844209989957
"L104"	"1"	"L"	2.25	8.30333333333333	4.42666666666667	6.89	1.44333333333333	1.65333333333333	2	0.0161513758470133	-0.563576524052012	0.0150773915553288	-0.432542198635875	-0.165922670764596	-0.190383027783901	-0.208051084685173	0.0740209419682892	-0.0963237596272239	0.0471051647075448	-0.092262334070029	0.216312340469473	-0.0396179816572145	0.183241050665423	0.0213169862574517	0.265731653710901	0.0720121831144313	0.200950894900148	0.101651027278912	0.21915915738288	0.111657418554362	0.116541602832554	0.165958868050653	0.129865708302334	0.0983525801460853	-0.266426764467759	-0.0136244271805005	-0.592252359175018	0.00789608858087849	-0.399276069942884	-0.103500239097419	-0.229077516691123	-0.172765455161016	0.113507942654024	-0.0854709730803752	0.0695325836490752	-0.0889434448040346	0.207521577250621	-0.04971261970571	0.187251257496336	-0.00634369541932937	0.264412616435015	0.046609404836585	0.202846940110953	0.089565737725315	0.222269631607838	0.0951492119073114	0.087696616877066	0.178092958678642	0.125629002986351	0.103047452719652	-0.260062223258254
"L108"	"1"	"L"	2.35333333333333	8.49666666666667	4	7.88	1.77666666666667	2.15333333333333	1.66666666666667	0.000320895043095439	-0.574538832767065	-0.00251464466094876	-0.444188445731514	-0.108730688448404	-0.219878672666775	-0.207254511515508	0.122993408808347	-0.113741788064469	0.0769790391327681	-0.0896191641317159	0.216674029986359	-0.0437819462272157	0.179491723120926	0.0106855229550042	0.262165927765463	0.0504988773575474	0.19142272846818	0.0855245848487288	0.213682487440818	0.0983814507196726	0.0752098565443036	0.184657067525736	0.105183704542959	0.135574344598477	-0.20519695464477	-0.00141814185418294	-0.614865851499449	-0.00246547259964134	-0.415588595465005	-0.12203782340302	-0.234371660494	-0.17662397209739	0.135777055844817	-0.0812476724687478	0.0821184527250253	-0.0621641019728368	0.218226933172538	-0.0328166704124214	0.193865365814644	0.00412172655807529	0.242259793529438	0.0358207598782132	0.193126389074149	0.0618996688863616	0.211575906969103	0.0715072088093749	0.0682607716296574	0.169487455589556	0.127216367095262	0.13593703508666	-0.207600928396179
"L109"	"1"	"L"	2.86	9.53	5.32	8.59	1.89	2.61	2	-0.00784944113372686	-0.615518767590844	-0.000944830911766124	-0.420887960780632	-0.134637432919744	-0.20180475284613	-0.178978728981191	0.112286023231324	-0.089957832670998	0.0566319544359514	-0.0812561410827619	0.211593877286248	-0.0400053711249618	0.182410101924904	0.00420028260296297	0.258620949698883	0.0437968183419754	0.192387665659154	0.0789020786767236	0.224519139524903	0.0906295864305215	0.0737925246536291	0.180698439888799	0.117496805505817	0.135402572884168	-0.191527560703209	0.00013279272864344	-0.626492942089496	-0.00532865695844396	-0.365920691915462	-0.11265805535894	-0.202522610511849	-0.193382759685492	0.10366600756551	-0.0927276922365378	0.0638775689865223	-0.0639505868625696	0.221492450685492	-0.0387816349705413	0.195976552634493	-0.00132445731492346	0.245191010291162	0.0234980758436215	0.210019328933236	0.039042402655303	0.232036874451467	0.100543840155365	0.0458065215582896	0.230485348728868	0.0824722972305185	0.114451383275649	-0.205602367819881
"L201"	"2"	"L"	3.182	9.91	5.134	8.996	1.974	3.148	2	-0.00154696132197774	-0.52009334764279	-0.00841626266544706	-0.40728711897132	-0.156414143554424	-0.201425472886163	-0.215659412864432	0.0671078666174618	-0.117122503973178	0.0478189048870425	-0.1150323134294	0.210162872059459	-0.0749718467209253	0.196697370148361	-0.0126296065068711	0.299411923502023	0.0683607534175113	0.19697510444617	0.121309761325476	0.220664728360794	0.117028091641909	0.0390937854768583	0.222502259825851	0.0680663055260834	0.172592184825908	-0.217192921523979	0.0102253929739403	-0.554509893053048	-0.000426881993755712	-0.41318321629936	-0.124390735068632	-0.233521433196295	-0.197949753719103	0.0905724641333927	-0.118147025335287	0.0654067027232413	-0.100442126993519	0.22004079795574	-0.0531494195457292	0.19068515934504	0.0195757633296739	0.264301641397339	0.0736062057290405	0.207440270073946	0.101781833765537	0.221208459382735	0.108927244493982	0.0933764011242366	0.174410812362126	0.10698135236655	0.105978690001728	-0.258798705953517
"L202"	"2"	"L"	3.17142857142857	9.08857142857143	4.51142857142857	8.78857142857143	1.89285714285714	1.96428571428571	2	0.00146479463781374	-0.520882231605844	-0.00176698331771863	-0.412016822402179	-0.144120292940863	-0.252056619101422	-0.205246645351513	0.104855592997162	-0.112487647489396	0.0548099671148667	-0.102579236097196	0.221444677431691	-0.0574213874307186	0.193540517193889	-0.00523200031700295	0.275669466355653	0.0596240784232973	0.19561243857673	0.104403534782745	0.222897358964527	0.115628509228249	0.0606040311076524	0.210426672611815	0.106482275327084	0.137306603260488	-0.250960651959813	-0.00895852600411874	-0.581449246381454	0.00289966359752176	-0.408115061693238	-0.108849136488039	-0.215388807418107	-0.186927175697481	0.098408254037509	-0.0974862779327457	0.0637415884623629	-0.0956659407380503	0.209729882306744	-0.0549209022703084	0.184511070946329	0.00215274639511135	0.277271646273294	0.0522909488346666	0.198414798032255	0.0908556278810285	0.222421995818359	0.105439536228671	0.0776342252471335	0.189726524440017	0.105985845073046	0.109442911753726	-0.233166190704234
"L203"	"2"	"L"	2.5775	8.73	4.7825	7.9625	2.5225	3.395	2.25	-0.011010635896939	-0.554715811595596	-0.00715249339353156	-0.380419853802642	-0.111731167259576	-0.227362931655387	-0.226947164856406	0.0769572971106327	-0.106887661190932	0.0305114050996546	-0.116421653125324	0.223017777206828	-0.0550654446418637	0.180257160943179	0.00658095211713687	0.283895076097171	0.0595055525788688	0.206945826535061	0.107687252497206	0.236516967215899	0.112556323687213	0.0457113414667363	0.232333418845298	0.0830385351766725	0.116552720638849	-0.204352789798208	0.0869179207401184	-0.602879937218914	-0.0392044861505194	-0.341001194236127	-0.125016928525121	-0.199808646584416	-0.232778763081588	0.110182630893591	-0.117557569221953	0.049721688389533	-0.130792227735606	0.227946113890923	-0.0589168623186156	0.18193831850698	0.0291135199023306	0.299397273434941	0.08162058078076	0.181517894921367	0.142216554855248	0.195694319899268	0.0920890745571238	0.0344256095255265	0.206078824743542	0.0571570840347071	0.0662303614542793	-0.19429115545738
"L204"	"2"	"L"	3.493	10.239	5.332	9.849	2.237	3.028	2.1	-0.0508881222509298	-0.580401221117837	0.0263621120002062	-0.410026028365414	-0.183868797146839	-0.165929346460517	-0.179163442834515	0.0745105265135745	-0.0913305081296384	0.0398223739996381	-0.0886916386497779	0.207661865318845	-0.0606973805531425	0.195391788755498	-0.0315118599376331	0.251869426683762	0.0387645616414254	0.202954746497986	0.0734653338048732	0.229665576511797	0.135950834945948	0.0660000107864819	0.21665601754066	0.0913890934870161	0.194952889569363	-0.202908812610829	0.00648694528605044	-0.60935242957167	0.0125938814911757	-0.39519407568878	-0.109372469364374	-0.189344324089054	-0.179316978372778	0.0856756282048637	-0.111953458607271	0.0724690806802029	-0.102951996179962	0.21146493296287	-0.0680581331993876	0.202736244213516	-0.00481500453259717	0.290939390873386	0.0706636151032979	0.193829433699487	0.113100259600957	0.205609851478495	0.107655108813997	0.0612617074307331	0.167494972132345	0.0715436080348047	0.0984732578285464	-0.201639048228855
"L205"	"2"	"L"	3.21666666666667	9.54333333333333	4.76	9.35666666666667	2.34333333333333	3.11333333333333	2	0.0348682087751989	-0.572495127144217	3.98012601212985e-05	-0.380271191389233	-0.23182078461032	-0.0969081353109362	-0.25468956123953	0.0628144809609107	-0.118517297311942	0.00352546051898281	-0.124542131944128	0.215316016070164	-0.0629035254970638	0.167180202728737	0.0154100110659376	0.293695091677441	0.0779563441307228	0.177662924968998	0.134504049990646	0.208679889243639	0.0702822536145704	-0.0145660085562607	0.246361174319375	0.056538669108954	0.213051457446412	-0.12117227287718	-0.00847440974052366	-0.66069768718646	-0.0201521086803049	-0.363997596136305	-0.127003516285662	-0.140864091524986	-0.199156005677636	0.0721141922827913	-0.100846921686799	0.0470154963253959	-0.119670297582843	0.199149105775052	-0.0663804578283936	0.170484692486984	-0.00430323482808334	0.282537878573819	0.0618244084857022	0.168743698908516	0.124828900288386	0.201034306114603	0.102328713006583	0.0513277940019934	0.206479925717955	0.0809445363735487	0.15052500481162	-0.107792325994953
"L206"	"2"	"L"	3.39714285714286	9.27714285714286	4.79	9.02	1.84714285714286	3.01428571428571	2	-0.000925178474653632	-0.545125088552724	0.00395113366594145	-0.427597366070607	-0.176916232848512	-0.223571757489873	-0.22291426820166	0.126397393114339	-0.0977237129808782	0.0533683750034096	-0.0705861184386912	0.22199503766869	-0.0462823997042151	0.203598208484341	-0.010601167622124	0.244796243952738	0.0444175148182556	0.189509813017082	0.0793105316653638	0.210863922931753	0.0995489755892152	0.0468906880929849	0.20712375278989	0.103804692339372	0.191597169742068	-0.204930162491504	0.0229141216239454	-0.587728350723889	0.00437332336913287	-0.405606202641309	-0.185181092598234	-0.16735364773471	-0.191794323914239	0.11375863523348	-0.0996741995299571	0.0743337626844318	-0.0699526767555429	0.21491496702524	-0.0449570920239733	0.203927760043327	-0.0176692363094965	0.229067873455309	0.0399422286892357	0.194835126337561	0.067212147284264	0.211613755863321	0.100685091362324	0.0611654391531512	0.221680590472878	0.101846534816569	0.152421118329664	-0.244775653512483
"L207"	"2"	"L"	3.20333333333333	8.36	4.315	8.195	2.32666666666667	3.00166666666667	2	0.000860064836103976	-0.482268758000829	0.00312036101058827	-0.396201087506483	-0.123523268962038	-0.242472178122799	-0.252448486623871	0.0800259001872021	-0.107233819850985	0.0219006138006492	-0.117984786176022	0.231430964761738	-0.0625698591372922	0.199420932653173	-0.00149593304480702	0.31297943133165	0.0590552605292234	0.193710371423802	0.114547380311232	0.237273296251767	0.105599410850717	0.0103291206375196	0.258222968233198	0.0674037620058702	0.123850708023954	-0.23353236942326	0.0348577462873926	-0.560629942265368	-0.0262824729668654	-0.392250142916748	-0.0946643477961876	-0.267357803086722	-0.219621294256778	0.134185534350591	-0.107601786410977	0.0834230435630206	-0.0879382518919962	0.226482643433397	-0.0492476717790029	0.195407561388244	0.00365851777318684	0.26889155588732	0.0516942930496498	0.180561037886385	0.0993543467155308	0.210009117494092	0.100642242049515	0.0695724695647696	0.20297741071734	0.0975546169391742	0.0921712685091919	-0.245849692238154
"L208"	"2"	"L"	3	8.675	4.13333333333333	7.91166666666667	2.43	3	1.5	-0.0218924745759018	-0.55640906674862	-0.0157623811191219	-0.386420737369994	-0.109896870483135	-0.244696635447621	-0.216760321788572	0.0811692431621853	-0.104295740670029	0.0336099686012574	-0.105510296298036	0.222931296341597	-0.057259693081382	0.189441126754711	0.00523643876739736	0.277165788282187	0.0562568499958017	0.212924545466262	0.101308147666031	0.226405969079298	0.102268107601354	0.0544299471108471	0.220442569543444	0.089622905345354	0.145865664442148	-0.200174350577463	-0.123946927047577	-0.534068193924588	0.0520975980282734	-0.369141144900138	-0.0288706322046375	-0.262655928841727	-0.203085255515759	0.0727278319313408	-0.131920030197065	0.0494937958045206	-0.148991606890678	0.203795948544663	-0.0859547234515931	0.186911091481644	-0.0375708924195242	0.294337371136881	0.0605402269471574	0.189534062174072	0.123655039188681	0.242293941312548	0.145522077571582	0.058726056409011	0.235388758208327	0.110155461628122	0.143136367782812	-0.242110292756348
"L209"	"2"	"L"	2.886	8.757	4.548	8.301	2.092	2.836	2.1	-0.00208251281588823	-0.531386472659134	-0.000426727346040615	-0.412847803560075	-0.154557249615016	-0.227122215629188	-0.2265056025886	0.0885557406230639	-0.103019608393751	0.051943261077683	-0.0877789462324061	0.224327312924274	-0.0503650071280579	0.200173626847427	-0.000497882151049427	0.265541710439671	0.047538840117477	0.197244267315307	0.0841418910044496	0.226775882022225	0.108011329808561	0.0498716985576126	0.229853092561392	0.0870753300758546	0.155688382778928	-0.220152338034721	-0.00496029155776371	-0.618372008295407	-0.00580422165353372	-0.377700007124487	-0.114270163315684	-0.190576714377108	-0.189627887570929	0.0789127485978781	-0.113181044134475	0.0577832126620244	-0.106523431249444	0.218155277868687	-0.0562246984869758	0.1892150028333	0.0114231705747142	0.263805818875699	0.0515731879295161	0.188645992375499	0.0903772283857796	0.225242951528647	0.111433177265375	0.0630943341740676	0.204669658787262	0.0803026981212098	0.121115315026159	-0.178509307240008
"L210"	"2"	"L"	2.74	8.805	4.925	8.5625	2.345	2.6925	2	0.0215300494606283	-0.541026998209726	0.00523380846516534	-0.366080160993294	-0.123304460260075	-0.237588387010813	-0.233490832146238	0.106942489517817	-0.113028639494923	0.0466559957851795	-0.109055593191891	0.239033129947819	-0.0589402622379888	0.210543612714517	-0.00683694964361997	0.279562117568691	0.0618290469322716	0.178659914505417	0.113715949692252	0.222564813627403	0.107609140234332	0.0279056030796069	0.219873300473178	0.0851485203742158	0.114865441716907	-0.252320650906832	-0.0329866450441494	-0.574271297208066	0.0109314136559684	-0.420784278614915	-0.101494688312615	-0.299917087684627	-0.131586831960148	0.0966516309579407	-0.0790150058043557	0.0852070844439584	-0.0438874575023321	0.221507089878914	-0.0209109486352392	0.221439451046449	0.00220679177428853	0.25838137666522	0.0194777346556764	0.231391168160568	0.0531252995688534	0.21713298550635	0.0828022381500428	0.140922218766227	0.120157071104568	0.148585809707057	0.121181028349441	-0.326246151625078
"L301"	"3"	"L"	2.62666666666667	9.31333333333333	5.67666666666667	7.80333333333333	1.74666666666667	2.96666666666667	2	0.0201515615450164	-0.525321615025295	-0.000466679218468043	-0.418561866513517	-0.128921663445384	-0.248095871324934	-0.215850568633616	0.12049607979882	-0.104623325171117	0.0637113561983978	-0.103730052608239	0.223458665712598	-0.0578093998976749	0.195782822871951	-0.00481829108530663	0.274151518792734	0.0579778019783153	0.188737414742863	0.101511900583631	0.221355955143126	0.115491888809094	0.0611172881972547	0.217265697321763	0.0973827379781806	0.103821129821986	-0.254214486572178	-0.0681999035617374	-0.527809780488472	0.0284707156628719	-0.42410867617628	-0.28572483549777	-0.0936364617912086	-0.337985421040653	0.0204769720289703	-0.0271572615816322	0.102062887553774	-0.213938062302385	0.173198480283572	-0.0207126405499466	0.110824022800114	0.0526506889754046	0.233081125658349	0.0187044432300274	0.231391168160568	0.214088250603254	0.183318373305574	0.154604016353085	0.0628199497020755	0.281018540581314	0.0608067993462848	0.142662354260634	-0.233166190704234
"L302"	"3"	"L"	2.12666666666667	9.79	4.93166666666667	8.08666666666667	2.175	2.77	1.83333333333333	0.0139231261317798	-0.550344639476033	0.0170225475514095	-0.400138992664026	-0.11528196000105	-0.213192015488554	-0.218414616332021	0.122304497926185	-0.12030684849542	0.0769212002884195	-0.115276351328002	0.219912794892797	-0.0675981608928184	0.199776780860986	-0.0129265975975408	0.277540837526928	0.0613569119617221	0.176902846472491	0.118869891364165	0.201180494888537	0.109637789479323	0.0484595389796767	0.208701397156713	0.095806522948693	0.120292871001739	-0.2551298671561	-0.0334097711117333	-0.477033060041771	0.0365011302716929	-0.505739310461478	-0.264327470202915	-0.299917087684627	-0.337985421040653	0.14670083236625	-0.0267898321030952	0.100904313196711	-0.213938062302385	0.254855058123896	-0.0296817489211454	0.14632747718851	-0.0454334327398183	0.255327353536475	0.02977855991833	0.209638241346414	0.216003427265828	0.183318373305574	0.0140391305803457	-0.0650990640634601	0.311233304854629	0.034412814746338	0.23082569486734	-0.0428690269210862
"L303"	"3"	"L"	3.14833333333333	9.54333333333333	5.84666666666667	9.29833333333333	2.405	2.755	2.33333333333333	0.026237545486082	-0.528191685630552	0.000200747065066325	-0.381686157158526	-0.123035424139074	-0.24725915932351	-0.22058296922725	0.105742917728108	-0.126999752343665	0.0526033962029119	-0.119052783580474	0.228993091888341	-0.0760141878162391	0.204171257656951	0.00612145050822332	0.298276854672629	0.0612949537415091	0.210352899401403	0.125613116491123	0.199847828931129	0.123221228938214	0.0328636098410717	0.202988792321009	0.0671463972716659	0.120007282555475	-0.242861251481621	-0.0418875560183365	-0.527809780488472	-0.0199403430831632	-0.463785684625064	-0.247990001408639	-0.300319746588059	-0.267749690574405	0.0411461533349974	-0.0274970925667282	0.102062887553774	-0.214437814158172	0.180932575681793	-0.0209109486352392	0.136277123165086	-0.045548945354377	0.332720162693811	0.0194777346556764	0.232386838315558	0.222163166945386	0.183318373305574	0.0285762677524348	0.10897238467645	0.2533592335343	0.00477726973423861	0.247987428200112	-0.0428690269210862
"L304"	"3"	"L"	3.09	9.67	5.6	9.19	2.32	2.35	2	0.0290513009022572	-0.525235629119311	0.0107900047004752	-0.405523311212874	-0.201364659859533	-0.191234599434718	-0.261989307479269	0.0986110830574764	-0.0883393407133688	0.0186968360246389	-0.0849094311576548	0.253784130012747	-0.0475912707161791	0.22205140650307	-0.000847797341493185	0.276184802874872	0.0542748627198084	0.191320885328625	0.0856677863558274	0.207742499957547	0.0754559015846594	-0.0232043475943558	0.226365609478878	0.0445353304396929	0.203436341525592	-0.167729086837412	-0.0599719391600025	-0.56994802067845	-0.00517912417893095	-0.398859931600929	-0.0910998096168464	-0.215838013792261	-0.190345442501322	0.0408251742031902	-0.0977363868373107	0.00544819877800334	-0.128648672933845	0.221201023020955	-0.0691758234741948	0.186603290580947	0.00183719234282098	0.286305449600002	0.0529007342249671	0.208448794778313	0.131895229700313	0.237670901159976	0.103139709627429	0.0690988223411138	0.211189852979731	0.10235002398493	0.141194479827192	-0.173305712375791
"L305"	"3"	"L"	3.37	10.75	5.7425	9.695	1.715	2.9625	2	-0.0100203678392121	-0.565190864090507	-0.0142447246144953	-0.4431397075584	-0.12307679661856	-0.222988898303912	-0.203525081727784	0.0870708916198782	-0.10297509377757	0.0431068941078559	-0.0873449603124546	0.218174973160602	-0.0455096384215979	0.188938559946615	0.00322648629621717	0.266428999821928	0.0582531569225046	0.209598186717533	0.0923782179827486	0.225834121604049	0.10013029175225	0.0737326446977967	0.201902490544102	0.0946526327479018	0.130806019813851	-0.17621843447134	0.00902684773327664	-0.597691537390553	0.00419939095334091	-0.415718448722685	-0.118829295963201	-0.147329759927557	-0.206573886636634	0.0364429788208639	-0.0622819927681425	0.0154036037413377	-0.0818343155558676	0.249963343934959	-0.0477131685089226	0.239868959853472	0.00480622091391289	0.312143515628714	0.0414888186541252	0.222605842059722	0.0751377660955809	0.231262954817713	0.0487699964748573	-0.0103716741255692	0.201881734233189	0.00477726973423861	0.131921884374484	-0.141357048424656
"L307"	"3"	"L"	2.855	9.7725	5.945	8.5875	1.915	3.5675	1.75	-0.00379390974238418	-0.55773705275603	0.000781875283526509	-0.391694172254028	-0.108538142849278	-0.251510193590129	-0.209431413337031	0.104485794743835	-0.109175571201001	0.0716618224991055	-0.103478677728559	0.227464421631353	-0.0543227293076299	0.194980195547208	-0.00291792946951219	0.275329516501554	0.0514023664962099	0.191038470033027	0.0973721083694088	0.21682648965921	0.108339618330174	0.0624326025459537	0.209882720974071	0.0916582923782994	0.123879684182005	-0.234936186939359	-0.0236270444160021	-0.537368211924165	0.0226413400751947	-0.459524487755969	-0.264327470202915	-0.299917087684627	-0.299412164650928	0.134585935707297	-0.0888390814751665	0.0855596847471785	-0.213938062302385	0.252518932076944	-0.0456993379075493	0.218917570876503	-0.0454334327398183	0.236948472077661	0.0187044432300274	0.232386838315558	0.214088250603254	0.153834183604426	0.0395699915014377	-0.0518517866221134	0.220980649419302	0.00536294351709856	0.233144832066944	-0.0467912587185789
"L401"	"4"	"L"	2.844	9.449	4.839	7.071	2.354	3.113	2	0.0662575358436625	-0.511186935204221	0.0407991115540953	-0.393567000790126	-0.23268026365258	-0.11680641328292	-0.238276593022472	0.075322976701331	-0.125063127285275	0.0187433944862042	-0.149094628854739	0.218490769893056	-0.0916843733794243	0.197442748127778	0.00592520431986156	0.299484244983091	0.0719787369524897	0.168803042744707	0.158326983528743	0.204334397591935	0.134429445528495	0.0366378657289379	0.246676521625324	0.0541593665964667	0.112405446841816	-0.25185845757624	-0.00659725775991604	-0.598768771296317	-0.0031054692900792	-0.398615396957685	-0.124206474989911	-0.236475693734003	-0.188841675198139	0.108799757187037	-0.101511742382838	0.079392249564627	-0.0693917577164322	0.213562973122366	-0.0385915835661297	0.187696833850785	0.00852123786198537	0.232126585753153	0.0434505411199154	0.200995292631549	0.0643245040372438	0.223976937114689	0.100062724059803	0.101646882437258	0.19236313283048	0.121085032221093	0.123523820994021	-0.235422681894552
"L405"	"4"	"L"	3.17857142857143	9.06142857142857	4.75571428571429	8.44714285714286	2.20714285714286	3.09857142857143	2	0.0150947799684845	-0.586059476226119	-0.010525829829239	-0.4191904904302	-0.141084682811001	-0.198990672791282	-0.176541941218058	0.111418882408938	-0.0883374925774568	0.0542187223248207	-0.0819270786763049	0.216470591377258	-0.0441918718843558	0.188381346708648	-0.00550989360816973	0.258967541335175	0.0433712975145436	0.202486545053031	0.071972342301096	0.226555131734243	0.101031172668788	0.0702183007079876	0.203552230561933	0.122481562197175	0.11309696758974	-0.246957984399676	-0.0275212402303497	-0.608919070232978	0.0161660144606274	-0.385119820172997	-0.0891937014901901	-0.216651295220846	-0.212354413949278	0.091547121867726	-0.0825570854462477	0.0471196275259148	-0.0883420739353178	0.231801806396225	-0.0416826306787291	0.194546846112774	0.0169968749239943	0.277639787532375	0.0442187769413036	0.184343137262857	0.083003033633313	0.215600428786296	0.0774253321583237	0.0588765090303008	0.17688095156645	0.110147395695707	0.126960162046101	-0.200932474583354
"L406"	"4"	"L"	3.19	9.03	4.66	8.03	2.38	3.05	2	0.0332828215078616	-0.567069275569349	0.0072306021906741	-0.416833611038889	-0.125192996507693	-0.231488409440346	-0.212425998593705	0.11968654107645	-0.120310120893247	0.0648609750028573	-0.0966021554910726	0.234913906995088	-0.0500774532185701	0.187394833143042	0.0292442262114992	0.256550150175003	0.0628472009881376	0.197249174475047	0.0996020077713134	0.215061020513899	0.0993552590000803	0.0714200386491175	0.179620387144414	0.107806395713595	0.0934262198903065	-0.239551739695517	-0.00933240701457578	-0.591033366456807	-0.00454889037415857	-0.402556623350475	-0.130603595569986	-0.170488100148953	-0.190884562027549	0.095446813501753	-0.105660463129782	0.060260095379383	-0.119049349398225	0.192793379009487	-0.0625044330865471	0.164028154204193	0.0018499663409668	0.265927330276282	0.0345183817926718	0.19951620500218	0.114854067107922	0.215333477531726	0.126345288840889	0.0743194690091898	0.216088118632706	0.110441640155961	0.128927877885669	-0.213988474113921
"L407"	"4"	"MAC"	2.69666666666667	9.70333333333333	5.28666666666667	9.04666666666667	2.33666666666667	2.72666666666667	1.33333333333333	-0.00377251105055093	-0.528551300357933	0.00514930881449938	-0.379080847538406	-0.127465550431031	-0.281419971960302	-0.246171084432749	0.115487912101912	-0.117905968714826	0.0548644983819846	-0.113847501990586	0.224720687118814	-0.0386527471687565	0.182130193001695	0.0358611418917002	0.28069365704157	0.0442812488225592	0.171905232296084	0.104337076346399	0.223515691019916	0.0947653077134756	0.03931243341633	0.226992473138031	0.118261965562444	0.136428807061835	-0.221840150084108	-0.0142050580295953	-0.578414237612962	-0.00810008448078874	-0.352513334351947	-0.0910838749413714	-0.227852225664883	-0.225582821666664	0.100428244582457	-0.0889385285047666	0.0363238474685037	-0.111939928544944	0.228691586023566	-0.0462739842313766	0.188988844181818	0.0106760471489553	0.285695847620423	0.040333905240564	0.182333227923112	0.0965896239832094	0.234949799108936	0.0880572431370489	0.00645506001046114	0.221982765402229	0.117948887665867	0.1284846954875	-0.223035546955352
"L408"	"4"	"L"	3.91333333333333	9.77111111111111	4.67333333333333	8.29555555555556	2.39111111111111	3.03888888888889	2.33333333333333	0.00677274040463892	-0.516876481136927	0.00716476799159893	-0.40859120106853	-0.130206578008063	-0.240723202196925	-0.22981685708465	0.0871861479659455	-0.133817237786495	0.0608985883808374	-0.129194058920536	0.218465900547195	-0.0736391423829706	0.193995627745666	0.0111101797693128	0.294893289050168	0.078039856058376	0.184619486790722	0.130066277258745	0.202171455959811	0.124704792509315	0.0625091752727109	0.21773852272553	0.0834770145329531	0.121076737465196	-0.222025801843628	-0.00981329418777427	-0.555651280028479	0.00525977720646746	-0.428311584499206	-0.0779124073925223	-0.248892094310089	-0.196771867690963	0.0998342249999316	-0.0973808683232181	0.100904313196711	-0.0962728469295177	0.223568448511611	-0.0584479826038283	0.202253876434844	-0.0155078251370933	0.282048886124774	0.0552166320066497	0.187118746904384	0.102241265866435	0.210288423890175	0.105204554801239	0.0720070975912042	0.185393157803939	0.0957264609699381	0.0987917045801864	-0.240895519785799
"L409"	"4"	"L"	3.43	9.435	4.765	7.585	2.405	3.56	2.5	-0.00682915875250796	-0.547700480262113	-0.00776056905810736	-0.410018540729202	-0.123465111013914	-0.229001086435851	-0.246219572830962	0.0474087012278111	-0.0902946873778299	0.0431168001349645	-0.0693712971596914	0.228005034656878	-0.0356044362229521	0.206836346365468	0.0163183827033035	0.264784082739142	0.0601585200587081	0.218803767393766	0.0786437133728833	0.225641074633182	0.0998261869040016	0.0786802048212107	0.211834276643298	0.110993949133081	0.112763752733771	-0.237549853678337	-0.0722440678627865	-0.529823123225704	0.0359987338744789	-0.385377626868184	-0.0781503776904176	-0.237513526849711	-0.247194862238975	0.0385599181925311	-0.11467908184224	0.0422826897428056	-0.104900800366832	0.226361264855915	-0.0558698535238074	0.213594379205567	0.000279678302369232	0.258115658364532	0.0528954277974277	0.220064313176764	0.0883962687339495	0.237028886360935	0.135342252656704	0.0815034055702912	0.227067387746095	0.0948450593156485	0.133059294414034	-0.259641297841391
"L410"	"4"	"L"	2.87666666666667	10.4633333333333	6.33	9.04333333333333	2.49	2.78666666666667	2	0.0124219412051101	-0.525320802810999	0.00920585214209241	-0.435694634581871	-0.152494484286709	-0.221280763026325	-0.199968701789183	0.118416548232955	-0.0947907816823022	0.0806672141548726	-0.0955271329793982	0.19939209013825	-0.0648639476766821	0.176008182506157	-0.0204054609892392	0.272067229167856	0.0569692481005677	0.194667371849166	0.1023412307575	0.223124152239607	0.122590547299895	0.084910507666817	0.219350506182707	0.117682090274383	0.105171183715642	-0.284639185810867	-0.0398485771775145	-0.477033060041771	-0.0262824729668654	-0.461286292472743	-0.258307335495262	-0.300319746588059	-0.299412164650928	0.0423544459905813	-0.0149151030580835	0.100218147028598	-0.202614186106384	0.180932575681793	-0.0249299773426576	0.11901927558689	0.0361730215320257	0.325553643788695	0.0194777346556764	0.239743075933281	0.214088250603254	0.183318373305574	0.059216325195886	-0.0518517866221134	0.313962119256875	0.0989320154073067	0.19315624144567	-0.0493205656112261
"L502"	"5"	"L"	3.29	10.18	4.18	8.765	1.975	3.325	2	0.0127890892627325	-0.59849917177608	-0.012665594880888	-0.385181731197388	-0.214495258780148	-0.19285625564715	-0.223813234568533	0.0747725243145416	-0.125468704390499	0.0613376381798716	-0.0410684786551087	0.211551186758273	-0.0295157977447823	0.200825035539697	0.00282728330480529	0.250291622822451	0.0394605771925791	0.202732873663827	0.0579038830167693	0.209910441283089	0.114285920084991	0.0473084706508622	0.208906458055721	0.0718357720612228	0.210853858102362	-0.154028406653218	-0.0582693111037361	-0.537368211924165	0.0260621810139646	-0.459524487755969	-0.264327470202915	-0.267357803086722	-0.31005987739377	0.066255213338358	-0.0419926076645651	0.111666182976333	-0.202614186106384	0.228356465894229	-0.0328166704124214	0.150367001582348	-0.0472264180735133	0.233081125658349	0.02977855991833	0.130816510778697	0.216003427265828	0.176324905166495	0.0240567847685033	0.10897238467645	0.324486742484123	0.0490330325353997	0.281401733157085	-0.0493205656112261
"L504"	"5"	"L"	3.675	9.495	5.57	9.255	2.38	4.285	2	-0.0162836377109899	-0.562360504802989	-0.0128203420524965	-0.374692416581753	-0.130680896512498	-0.227276062620022	-0.217753594557853	0.0721333591104927	-0.108961730660466	0.0290203006503335	-0.116279103081717	0.212500985848507	-0.0703089224579327	0.19346981293242	0.00173970253391542	0.309156582654766	0.0737263222453329	0.193839455824594	0.12219966981752	0.212081107852051	0.113322602335131	0.0302510840992642	0.206612000722947	0.0847989462842799	0.155487929379106	-0.172922651251945	0.0272507766623967	-0.610734748165109	-0.0105503838388214	-0.408074887049789	-0.146711370144678	-0.170256153668815	-0.181484760967341	0.114961490083316	-0.0986579495486013	0.0437082556729814	-0.1041140808987	0.215303696609606	-0.0669353581372285	0.181304392603387	0.0123235319308473	0.276708296397701	0.0705146374226942	0.186990088625072	0.10713158019377	0.21091385814403	0.094868690898294	0.0377142789179719	0.172829483436152	0.100079145413843	0.123535202991217	-0.178617713584193
"L505"	"5"	"L"	3.19	8.17166666666667	5.14666666666667	7.94333333333333	2.095	3.61	2	-0.0204663600332824	-0.577888704026524	0.00863314569302727	-0.444851579027368	-0.163485651196306	-0.206974903674658	-0.160125121449209	0.155176957355277	-0.0769080980649967	0.0783700541865614	-0.0817402327821502	0.209907779063784	-0.0540890770853945	0.164336471999326	-0.0211838923410136	0.245660329869135	0.0312425377365192	0.184641199767873	0.0606825780611933	0.214687449130421	0.100541891226834	0.0779471063500135	0.194072795731274	0.143108468273858	0.182825484503505	-0.244120629267699	0.0414126717929999	-0.683399486869884	-0.010393355210597	-0.378108083414548	-0.160713745609022	-0.114517124226162	-0.187817422438854	0.117066202843627	-0.0992410426711779	0.0470042695479882	-0.0824971813543305	0.210148221837656	-0.0402311274531599	0.175546899737401	0.0198740505184491	0.233081125658349	0.0506513470327214	0.17004116890538	0.095569964306894	0.205404352496579	0.0963544210073879	0.0758288645445506	0.161491275079934	0.120577740978627	0.115540144998754	-0.178674152039564
"L507"	"5"	"L"	3.065	9.865	5.23	9.465	1.875	3.47	2	0.0182013213454776	-0.528299891509095	0.00782834851851968	-0.432873146952983	-0.17891417625146	-0.218782682409589	-0.222779239275052	0.113349850272734	-0.116881723414763	0.0696612486262503	-0.0702133706772816	0.235974542588365	-0.0500419282909469	0.215437615205617	-0.0024445059056227	0.26180436536056	0.0392172278381946	0.199668009821987	0.0557565349219406	0.208424319623122	0.127189178043993	0.0231585996850727	0.207661218541853	0.0601497308114688	0.185421114605148	-0.207672561123511	0.0596548359984984	-0.527809780488472	-0.0325679507802843	-0.463785684625064	-0.28572483549777	-0.267357803086722	-0.31005987739377	0.0687415531532321	-0.0149151030580835	0.111666182976333	-0.214437814158172	0.21146493296287	-0.00782202781054908	0.193973872723086	-0.0415603142096829	0.281387254654463	0.0234980758436215	0.232386838315558	0.222163166945386	0.153834183604426	0.0238128295749298	-0.0650990640634601	0.324486742484123	0.00922021951663728	0.247987428200112	-0.0457966747871933
"L508"	"5"	"L"	3.08	10.76	5.99	10.07	2.26	2.89	3	-0.01567084750971	-0.555111604481873	-0.00727646069009435	-0.410637508755867	-0.114546682850998	-0.231923771177551	-0.224855309718009	0.0923505778975743	-0.104736349925838	0.0399235054039832	-0.0891913369611197	0.216333884845594	-0.0530230522120707	0.182599649488506	-0.00284097314825651	0.262386338990382	0.0596828974814057	0.205758369732307	0.090752296826561	0.237899863213633	0.124893671428426	0.0775010964908562	0.217196229011726	0.0955126048274053	0.119615918267977	-0.212593006474948	0.030502943256859	-0.576248553731242	-0.000521487886602758	-0.360308261478126	-0.0778471218871501	-0.227922872927965	-0.221847879832086	0.0867495135404721	-0.109857764993312	0.0614866486825526	-0.0969658261888832	0.246342330184062	-0.0579202031300181	0.212138080830538	-0.00798581990401154	0.308252061115634	0.0595956196702387	0.183853024489387	0.118326446636493	0.219929732584527	0.0883576511901626	0.012860094212559	0.211862536902002	0.0571584452122727	0.0643009061663078	-0.224290242714673
"L509"	"5"	"L"	3.4575	10.11	5.75	9.6075	2.5025	3.47	2.25	0.0146043820898432	-0.492070218752939	0.0157058423504476	-0.387958596353284	-0.126238554202243	-0.210545264524301	-0.241271939372857	0.107943306948002	-0.0914200848805188	0.0462683097265381	-0.147933021373391	0.241698750851891	-0.0985322067893077	0.21171330022814	-0.0266728077573516	0.314268282599668	0.057876106478783	0.17822156699065	0.12109789175598	0.224742551187679	0.119245254258107	-0.0228193878679256	0.259080850622765	0.0135412520921175	0.144458286819742	-0.225003853126238	0.0345670121059276	-0.564314737206691	-0.00908035909780979	-0.403044479553753	-0.120339446180385	-0.2119281889372	-0.218428731341991	0.0801400203555782	-0.120234836777474	0.05375728720007	-0.110784705477482	0.215176803124326	-0.0225573492093172	0.248694579342392	0.0144206641191032	0.284294087761531	0.0504302435432178	0.232386838315558	0.137862130390143	0.191132639833157	0.0873875167956911	0.00474019065339754	0.160258740239607	0.0797479351956876	0.116499120890769	-0.210782976084053
"L510"	"5"	"L"	3.765	9.69	5.37	9.815	2.29	3.285	3	-0.0108603463483601	-0.569499931921682	-0.00042414691654509	-0.461394405515771	-0.157453722704547	-0.217851240260954	-0.201397288958827	0.0975159910904329	-0.107587248222828	0.0473965845293957	-0.0688146176970857	0.21426594492309	-0.0472986090699223	0.199544737678527	0.0175002335499974	0.2628347856942	0.0572565938706029	0.208054401758179	0.0705776674811144	0.214204088779894	0.106913547993786	0.0640452793306063	0.174806635349285	0.0916786149967782	0.166781301673329	-0.150794851082697	-0.000432603893086136	-0.537368211924165	-0.00162587880697615	-0.505142314285719	-0.156795321472392	-0.132654235046538	-0.216225663176495	0.0594950071162251	-0.0745023011795262	-0.0166151211705754	-0.0924645425815512	0.241445649821086	-0.0546978959362122	0.194804128391699	0.00830764913191498	0.312346017981055	0.0589116599626016	0.216252168395659	0.10388763170523	0.234596190082234	0.063797525635278	-0.00511607725069539	0.194910693351763	0.0505955078161555	0.16692904725945	-0.112638709926421
"L601"	"6"	"L"	3.53	10.45	6.28	9	1.8	3.74	2	-0.0161462290900094	-0.585076182490505	0.000444270190542322	-0.409855440553094	-0.102225078018	-0.21360625615723	-0.188266115919225	0.0838589808477611	-0.10905554041807	0.072332805496167	-0.0841194192113382	0.207113790784318	-0.0553374167418977	0.187380990460575	-0.00855934776965691	0.272665532943561	0.0525085185534862	0.200053799476129	0.0825970461843123	0.222361219889047	0.120232855197502	0.0887236164873733	0.208716636200173	0.1186552632641	0.0992098208421815	-0.244608120448202	0.0200824529402317	-0.617326958644257	0.0044857356912708	-0.328835860307641	-0.0687836983068159	-0.19305365238078	-0.20701387083893	0.0796181252250372	-0.124959761549522	0.0614540971340857	-0.125550969906393	0.223900136371981	-0.0742301755547608	0.197608902604386	0.00631152180126254	0.312368734844037	0.0657390100120754	0.179057061395556	0.122148139166145	0.208432938866536	0.121784413533613	0.0444962805013061	0.201161498428925	0.0556914930223087	0.0588257045828979	-0.223411298632555
"L602"	"6"	"L"	3.47555555555556	9.50666666666667	5.10333333333333	9.41666666666667	2.58333333333333	3.39222222222222	1.88888888888889	-0.0128850681083128	-0.582709142183287	-0.00234757713779644	-0.428366016191716	-0.18766482604558	-0.250225372088168	-0.187582195775662	0.116104970704045	-0.0953735489289098	0.0610615785613044	-0.0655848726901364	0.20747088274086	-0.0308617320099682	0.183628022694816	0.0182228171679971	0.250002655379705	0.0435426072789133	0.215211131997149	0.0552579693324249	0.222999233809831	0.0916986959412264	0.0616260601020627	0.185402237814865	0.0990718036536819	0.18817549316094	-0.155875809180283	0.00375078246897499	-0.577201637689244	0.00426964040844332	-0.43945737623822	-0.134364202295632	-0.216238749780177	-0.191719641936872	0.112849079580399	-0.0906724972090777	0.0566425830026989	-0.0648719290158387	0.227238153336767	-0.035501716417336	0.195480387936437	0.00391834304032879	0.252820979135475	0.0449603771975015	0.202861700580588	0.070795462442844	0.223291341962575	0.0870653384307156	0.0625975831726053	0.18107112541163	0.115461078514462	0.121298917474318	-0.216345123514364
"L603"	"6"	"L"	4.09375	9.58375	4.75375	8.8625	1.655	2.81875	2.375	-0.00977876800315253	-0.555434355844428	0.0103845699803618	-0.402106517501027	-0.140327058148798	-0.206330578678356	-0.208733083897702	0.121573280665037	-0.090455630705452	0.0578605416919229	-0.0776645278008306	0.210687528800268	-0.0449985179274635	0.218696015967139	-0.0221645333560043	0.261643672680323	0.0147978278133742	0.228974812852484	0.0648486688097949	0.215610955220662	0.0970111212255486	0.00478649613044725	0.226613196121005	0.0786455017810714	0.180466735889319	-0.234607353765545	-0.0324123818518282	-0.627490781992149	0.0156144415214705	-0.321130944796992	-0.0699744778173268	-0.192910564953248	-0.202610932875027	0.0521938085521411	-0.112791039212616	0.0371150568142682	-0.126336284956286	0.216803577332979	-0.0683178771164953	0.208067439014388	-0.00252156721795759	0.311533946569183	0.0680630089662665	0.197055892511437	0.113998308606429	0.215932304198131	0.102125597423482	0.0245218089898142	0.201540773863146	0.0609953503886107	0.113622430666744	-0.182686892628564
"L604"	"6"	"L"	3.38333333333333	10.4655555555556	4.93555555555556	9.33	1.72111111111111	2.04222222222222	2	0.0301697337195589	-0.591257537831828	-0.00422035485825267	-0.429527262743824	-0.151470956011633	-0.246411319660318	-0.161698102209164	0.152079769223118	-0.0807924019987283	0.0836650062137719	-0.05691970946336	0.215373446822977	-0.0352581285880673	0.207586568888326	-0.000729583765911045	0.244841234006814	0.034458893534388	0.210251597184492	0.0607529995230449	0.218625682040259	0.0715185212025056	0.0699482222522702	0.16539610607239	0.119595740313032	0.128792982843229	-0.254771146709091	-0.00830329778791968	-0.607257103628129	-0.00164019360916629	-0.368271799959692	-0.09760700545172	-0.211554092708411	-0.197453042111154	0.0614821402158706	-0.0856486266433243	0.0088402444247506	-0.0761588955284775	0.244839382325684	-0.0364622646410724	0.215804337529557	0.0151790785015432	0.285047118119428	0.0450748785652951	0.214549941649011	0.0740535486578596	0.233628331759514	0.0683362242914768	0.0266114512536822	0.199046664052877	0.0939527744339305	0.101582931703782	-0.197672725415195
"L605"	"6"	"L"	3.235	9.845	5.055	9.105	2.065	2.9	2	0.000702148247490472	-0.612674213672951	0.00496461398295223	-0.420472375500186	-0.148762274936422	-0.200267079208343	-0.161678499421211	0.143604935633448	-0.0754841607983342	0.0883972571930497	-0.0755772176084308	0.211245337233041	-0.0509677373787783	0.194885534407342	-0.015524440997804	0.254741498668865	0.0353738919431298	0.180338930221519	0.0546396509778338	0.204286594059853	0.0902441490682153	0.0687760711452245	0.181994606817527	0.122093146541709	0.160075270103832	-0.234955636722573	0.0936230159507548	-0.668582087517279	0.00251212655489662	-0.331192321821563	-0.203807321740236	-0.147840561552796	-0.241162056838621	0.066255213338358	-0.103581375744364	0.00214579856877846	-0.0205430292987114	0.254021925221124	-0.00782202781054908	0.234052348443429	0.0482042515235252	0.271851327897946	0.0591884358307245	0.198571233764588	0.0740458424709509	0.205590148920892	0.0618540524988545	0.0201043405458555	0.152143096335167	0.0594699629640987	0.0853449902676081	-0.164447328773432
"L606"	"6"	"L"	3.87625	10.24125	4.97375	9.2525	1.785	2.46625	2.25	0.0867656502638275	-0.514067260475704	-0.0170018569886016	-0.400748534081013	-0.159915899107604	-0.24175125784928	-0.222382015744998	0.108410886397639	-0.130372989347665	0.0556297089965662	-0.0944601468191682	0.225030251226155	-0.0495480637641797	0.241094626491366	-0.0123812319542849	0.315913877106444	0.0722632840627368	0.188947731556312	0.106278093097074	0.201221432716278	0.123513597897535	0.0252730467447278	0.211407857248486	0.0387381887082796	0.085833721156843	-0.243692697537771	0.0199588102560669	-0.589872114976706	-0.00468345992650984	-0.387458659881541	-0.0792989333560084	-0.233613839311138	-0.170325711436923	0.0645806993599509	-0.112499518415963	0.0557729868572739	-0.0977025554218976	0.214158101968213	-0.0698075331812859	0.235264907408297	-0.00787576505931388	0.315088891627127	0.073062788010314	0.210154522111187	0.108910351987013	0.214007784716824	0.117154955104454	0.0599922496591577	0.187656856157698	0.0505393526668273	0.0354497152823559	-0.208614882205472
"L607"	"6"	"L"	3.546	11.112	6.079	9.711	2.014	2.174	2.2	-0.0385793906009106	-0.519871338828172	-0.0236131609986343	-0.411924541745034	-0.069341704345346	-0.280328775183594	-0.194165238542294	0.0822231653174805	-0.102597759292115	0.0351052221762272	-0.0872707056405806	0.229466499865819	-0.0545250309048424	0.209905138024694	-0.00905046004902237	0.28172127167878	0.0457292399239548	0.211139406244073	0.0838038841884765	0.234838502353387	0.108227119847445	0.0677531636498108	0.218921717694217	0.135614998647876	0.122461488719653	-0.275642712201348	-0.00162821423475109	-0.602137846762136	0.00833700021571939	-0.461286292472743	-0.113843622334354	-0.204847221845259	-0.168527084123518	0.132644256759036	-0.0868389778027706	0.0839344961403103	-0.0626474404913286	0.214250698354294	-0.0405760432605251	0.196934322728768	-0.0121270508366183	0.243783416888025	0.0389429186936006	0.20372729521331	0.061707607654427	0.216378352821336	0.0934557268023473	0.0765322109157541	0.168642779863884	0.099939277437562	0.115102399853887	-0.199852966178258
"L609"	"6"	"L"	3.72666666666667	11.415	5.93833333333333	8.71833333333333	1.59333333333333	2.45833333333333	2	0.00525846200162437	-0.556960810301972	0.00697534306560829	-0.378076227109323	-0.147641606410081	-0.235997446613723	-0.223489987715414	0.114284022581778	-0.0990990202054936	0.0526023974348396	-0.0727454450778775	0.225075637917931	-0.051435013645009	0.207688651161394	-0.00178674522071288	0.260871940426309	0.039030038553919	0.210849706715324	0.06360135572465	0.219559902573589	0.0985414343577211	0.0314359686459485	0.230208239274203	0.0830442761779257	0.152582945296862	-0.234378019610021	0.0310478180369407	-0.612578428050226	0.00081236851398412	-0.410739382503956	-0.121981775099311	-0.236683851642956	-0.170569335383929	0.129325300612992	-0.109537136703227	0.111666182976333	-0.0585348871747164	0.211183516868853	-0.0402227072150148	0.201893640351844	0.000751602212595306	0.255352905640019	0.0603213854947165	0.186847881096696	0.0749894107415182	0.189288908460059	0.0952825933357218	0.100841763845029	0.152810132545849	0.123703124412537	0.0848305306948723	-0.250101562067222
"L610"	"6"	"L"	3.94222222222222	10.4011111111111	5.47111111111111	9.28555555555556	1.96666666666667	3.51111111111111	2.11111111111111	-0.0497854358722662	-0.56366440716823	-0.00225711100868595	-0.446142131580295	-0.10523395198468	-0.265114075843677	-0.151502793763349	0.105331846061913	-0.0831678130469017	0.0653396960005658	-0.0661290682715074	0.219082528899	-0.0431950523343987	0.207063377670055	-0.0237472507563121	0.263813041580619	0.0277230801190349	0.216657529062112	0.0585682280155864	0.236200185625937	0.089689114516373	0.0780327016141888	0.190664464377729	0.109035597354919	0.158373590009378	-0.225635889277108	-0.0974295554591896	-0.662740260660051	0.0284707156628719	-0.406615116005157	-0.108717390485848	-0.184317899513455	-0.154983678295558	0.0778282964303279	-0.0752895736520285	0.0430203498647751	-0.0788094404081862	0.204485325612432	-0.0538093015369453	0.190293870494153	-0.0229760339162641	0.262176699554284	0.0360482430044855	0.18816171294646	0.0640745349609671	0.213117569667997	0.0979521640831707	0.0628199497020755	0.172313074596855	0.117711025559032	0.19315624144567	-0.105941523652874
"L701"	"7"	"L"	3.49875	10.61875	5.79875	9.84375	2.61625	3.39875	2	-0.0148679448486331	-0.542311251937696	-0.00514544368113253	-0.440992825462806	-0.117436100303276	-0.260723225118267	-0.161303652563401	0.106309612652567	-0.0964481631014202	0.0696267545796405	-0.0793373421261675	0.211687986104305	-0.0497447874333194	0.183509948138631	0.0101543542298947	0.277418264052503	0.0459068034730873	0.210472320280623	0.0690026466655229	0.230241803663709	0.0979684380158309	0.0999467304938104	0.182125674695851	0.148748858890727	0.119125516977164	-0.293934976337748	0.0186658410307733	-0.59587616203693	-0.00202951439796666	-0.397514824635989	-0.0918288778980674	-0.300319746588059	-0.165987042349766	0.14670083236625	-0.104734306290121	0.0991718622623426	-0.0865863184712376	0.202719531162878	-0.0349746408657162	0.208252914408504	0.0361730215320257	0.259855805573047	0.0529112367792683	0.193825039536204	0.0831447658015104	0.206714355372837	0.0734154154071494	0.10897238467645	0.143018692420011	0.129914936677612	0.0788117273021369	-0.262416928775147
"L702"	"7"	"L"	3.29142857142857	9.45285714285714	5.04714285714286	9.02	2.31571428571429	3.46428571428571	2	-0.00985135870076203	-0.523398758251558	-0.0024958378713418	-0.415132684442798	-0.138059971674996	-0.21182983038082	-0.224873587845854	0.087626715651839	-0.108404148600422	0.0423855508608724	-0.136549417133616	0.201168545554813	-0.0683577502193895	0.198440597901397	-0.00174199073577201	0.303891511491184	0.0690588413659075	0.176214545442345	0.120958639954308	0.217357443125015	0.122067027567396	0.0342776272405384	0.229355765446362	0.0836620421394281	0.148893788448179	-0.194663306332255	0.0619306993825272	-0.477033060041771	-0.0392044861505194	-0.233666821789742	-0.220106998546999	-0.299917087684627	-0.31005987739377	0.0970894211883875	-0.0376002963389974	-0.0163965288048064	-0.051837972464564	0.249963343934959	-0.0207126405499466	0.193865365814644	0.0305530119794243	0.277639787532375	0.0194777346556764	0.130816510778697	0.105056563528163	0.270522876722051	0.135342252656704	0.10897238467645	0.235931278765295	0.0683455691445643	0.0708907629877278	-0.258798705953517
"L704"	"7"	"L"	3.32888888888889	9.36444444444444	5.04555555555556	9.48222222222222	2.11555555555556	3.09222222222222	2.11111111111111	-0.000778004320075684	-0.557634077990979	-0.0100604022828076	-0.381330185369555	-0.127100869257331	-0.196706497906625	-0.228223788323048	0.0586184287359598	-0.103854499966811	0.0323361882301152	-0.0780307595760735	0.219742374460424	-0.0543645516049619	0.214237169927303	-0.0187758378985418	0.273502341832901	0.0398551665176253	0.237031075435154	0.0889254367318507	0.235941789505366	0.112685031408261	0.0262479323162758	0.24419665253942	0.0492892450327505	0.135526426032493	-0.21127578420909	-0.0242810813671961	-0.596402807490971	-0.0116810834219394	-0.415417085888344	-0.0982574384581295	-0.167785098866481	-0.187399197995573	0.0839309969013278	-0.101115613239679	0.0427655811501705	-0.139703833957531	0.198488565643347	-0.0807924884259497	0.173878327937456	-0.0116122470674669	0.271943683788366	0.0727901620363523	0.189442390184457	0.12375259165191	0.229839897114542	0.119290314680908	0.0593850259601269	0.217936790433311	0.0879605792342869	0.121073125130983	-0.158030055668284
"L705"	"7"	"L"	3.326	8.544	5.196	9.034	1.96	2.954	2	0.039822602982831	-0.532557366169544	0.00118404582037306	-0.393344677526549	-0.17153274262347	-0.170508027075081	-0.232379750225169	0.125383951123446	-0.123070169311894	0.0549128075826306	-0.126100307988236	0.197128944394814	-0.0675486894869373	0.162894416450727	-0.012039130363194	0.279028823410421	0.0688645407695742	0.234459407554558	0.131148278349024	0.197859719612786	0.105914202572785	0.0159704630573863	0.225558281721026	0.0759953425391914	0.160178837783287	-0.247223804954785	-0.0275163481508049	-0.596585221277072	0.00208441428709313	-0.389012238835472	-0.113256320487357	-0.20235932368948	-0.199567812717004	0.0997124858334766	-0.0935800529628077	0.0400993646865538	-0.113768627882019	0.214758042181411	-0.0661829430972116	0.181783517260823	-0.00400230884634841	0.281346503323882	0.0512498746604762	0.176276837548105	0.112847975075727	0.221968050254078	0.102123238692986	0.0423097067544089	0.200452412420817	0.0997077350202176	0.149116499006451	-0.170005459060933
"L706"	"7"	"L"	3.917	11.138	5.934	10.166	1.892	2.62	1.6	-0.0255440773901193	-0.59697946599409	0.00106966424403564	-0.448281549464842	-0.166115093236248	-0.161900793168797	-0.15020249490331	0.0916537081799908	-0.0896935807251515	0.0496980299243641	-0.0877455327617563	0.212334678941193	-0.0769864967609619	0.214359054011728	-0.0512632849920598	0.278943305627118	0.0472006065138455	0.166753815967453	0.0924916847990189	0.196492203687272	0.12751423513538	0.0442828886480802	0.209664213622357	0.100042998359073	0.169610156454969	-0.147398874718543	-0.0341202240177413	-0.616029086905056	0.0116693566867601	-0.410991910957033	-0.0939294835741911	-0.237953447533787	-0.156156174957089	0.117246530933764	-0.0738673395849989	0.0770128872882227	-0.0621075353192717	0.216491285550401	-0.0423186989454789	0.198432515034892	-0.00845792637900238	0.251585805193491	0.0328628144488683	0.192773916932562	0.057266238549307	0.224930993091498	0.0793379571116179	0.093392163735718	0.163419680374977	0.131786887490198	0.126401335606244	-0.23867853985487
"L708"	"7"	"L"	3.66666666666667	10.8333333333333	6.06444444444444	10.3688888888889	2.27111111111111	3.09111111111111	2	0.0504341184833746	-0.58855682820375	-0.037909195404941	-0.429654947368027	-0.163428254978924	-0.205396397193556	-0.159434947799047	0.0965039561166252	-0.0965018905097043	0.0673189506457984	-0.0686829991452419	0.204379048766887	-0.0345757881205301	0.18322792737195	0.0151419563119162	0.258649171256536	0.0552026043677586	0.218404996760551	0.0757590642372857	0.228925454619716	0.0939569525980429	0.107534209257892	0.169570316295202	0.136527595537886	0.100468063664809	-0.277863137568508	-0.0441409073018649	-0.615108812649597	-0.00635280462360892	-0.434503909306904	-0.0820539928838935	-0.224664507573452	-0.146837234831017	0.112915234345246	-0.0846605316318621	0.0922610444845748	-0.087234149352171	0.203678704877019	-0.0547530182220134	0.191749822596261	-0.0171786209271529	0.239300490644273	0.0374526011750155	0.198344041654618	0.0729080132096769	0.223703444374896	0.0967944944542206	0.0853054862477758	0.17385923140852	0.126483237709992	0.14219691952615	-0.1994642774047
"L710"	"7"	"L"	3.581	9.654	4.81	9.1	1.566	2.327	2	0.0127258494682763	-0.640296320139942	0.00522170278615957	-0.482644408215411	-0.203904442854775	-0.15193104835616	-0.150976021110291	0.150176943549161	-0.0799460998780138	0.0867797840572505	-0.0588098693718061	0.200672159209981	-0.0379711278617832	0.181131323848831	-0.00396415808880472	0.227061999317543	0.0337198709137172	0.171741234342994	0.0655808184387968	0.199340420773552	0.0880967424290188	0.0882166951197405	0.14230258648429	0.134406038993118	0.187924148645217	-0.164654822500656	0.00341993905140705	-0.663022236678519	-0.00725913117558469	-0.42410867617628	-0.16135191086011	-0.1497056083829	-0.178440136211809	0.120967470251923	-0.0959580485381735	0.0705731266780524	-0.0656078460714735	0.202415170170855	-0.036805524283889	0.1679543897068	0.010861027568855	0.227967437649096	0.0441120669413577	0.179190593344336	0.0687237983192086	0.203214890696477	0.0903181408843814	0.0772702911792407	0.167891259871573	0.128724996396469	0.160096364504257	-0.141441844835549
"L801"	"8"	"L"	3.075	10.89	6.335	9.075	2.235	2.11	1.5	0.00719241642702435	-0.622901493134986	-0.011250350877844	-0.442955916886518	-0.132355151453619	-0.284651805616138	-0.140136333586225	0.153848223709622	-0.0782827664014814	0.123045598830026	-0.0479383828885476	0.209098737764419	-0.0220654659698514	0.19753636681742	0.0018394994327457	0.235677055727728	0.0270527156625363	0.197310061106432	0.0518919245737978	0.202413728668147	0.0733473778639016	0.130335325108656	0.140745655891171	0.13938648862088	0.129958861326392	-0.238142370715687	0.00655570673301235	-0.643117196653176	-0.000502561983880816	-0.398976062082419	-0.0708474728340517	-0.22899062548164	-0.152217780101176	0.124470985106844	-0.0886478471001579	0.100218147028598	-0.0800792398183407	0.207034371853678	-0.0473041168203819	0.192360364874259	0.000703471965602283	0.269890340502155	0.0468469397264598	0.192221706989649	0.0834456326839562	0.209061716250038	0.0875836406923062	0.0890269788096386	0.14823059627586	0.11124073727647	0.0662330305807926	-0.224441464474094
"L805"	"8"	"L"	2.718	8.663	4.692	8.224	1.324	2.379	2.1	0.0113530568753176	-0.57594646099672	-5.2356505643357e-05	-0.440054306642395	-0.145725190459828	-0.227727390631431	-0.188167688990453	0.111528273037152	-0.103865602951903	0.0889529406539657	-0.0678078897619288	0.208756169097836	-0.044705416518826	0.197536295742096	0.0122717897961739	0.245066173009913	0.0351096498845837	0.216481859698123	0.0753121855983542	0.210322603461991	0.102260307628253	0.0933118080864279	0.180214696234032	0.108524385280871	0.133802459171868	-0.236752349797829	-0.0234948819417838	-0.565128594321092	-0.000567371185072343	-0.426227934832563	-0.129483567737857	-0.194623476913424	-0.199625010212253	0.0677156065053926	-0.130596127856016	0.0601895094049933	-0.120732802044056	0.218355622424407	-0.0660862629806366	0.225664361578398	-0.014204984151132	0.269690975704359	0.0734795428886418	0.194251773456679	0.111142754144404	0.200625261096101	0.119854281739291	0.0397489519721478	0.196103858841878	0.0603896003579011	0.184210570494591	-0.1506516564333
"L806"	"8"	"L"	3.25	10.515	4.8475	9.625	1.7575	2.37	2.5	0.0345291590617973	-0.568693629848053	-0.00783441825419837	-0.442502926046073	-0.185483052490002	-0.21696121086287	-0.15753361964197	0.119812890491523	-0.0860605082060807	0.0714853284543192	-0.0696267191640538	0.216597953106161	-0.0407523192230802	0.193187451251316	0.000405391322335722	0.264501202337646	0.0437124014320479	0.195102132085214	0.0689413880654124	0.226047582867806	0.0875685104294957	0.0752722500483734	0.179633394316556	0.118578253793678	0.13250039235174	-0.252427277679041	-0.00339414135510463	-0.624295703084457	-0.00412813993252768	-0.459524487755969	-0.153695067657471	-0.210811687931157	-0.14655110505136	0.129523952162892	-0.0832202549582766	0.0996819483439074	-0.0562513527103145	0.205927077714447	-0.034901004627433	0.185120724586698	0.00174688713148787	0.242645881720649	0.0377380967716446	0.190738542969302	0.0572174673611038	0.203381012603581	0.0784663474908919	0.0868873163167985	0.146096541844479	0.126511240691909	0.16087572569288	-0.175785818338599
"L808"	"8"	"L"	3.005	10.1525	5.1775	8.495	1.9525	2.69	1.5	0.00291468850363366	-0.566203940153138	-0.00393259142033984	-0.447305758503143	-0.120779078518584	-0.224416181631752	-0.19254951190091	0.107223599680494	-0.0906340908442322	0.069340470642338	-0.0833127815058279	0.216854271214978	-0.0447341610625209	0.210015933578716	-0.00194412389214309	0.276583340948322	0.043109440637604	0.209716699327839	0.0856102609994249	0.213362873401874	0.0890303600844927	0.0515017445875858	0.180113685952718	0.0867572843036005	0.137107902966685	-0.203430337397714	0.0189292176687063	-0.61413697028313	-0.00170523179214875	-0.411856447040439	-0.134310345588238	-0.187696358507686	-0.176562802790217	0.110828506349018	-0.104592888800002	0.0831498132069699	-0.0972986766218612	0.209045748444375	-0.0494540575512529	0.186969158033507	0.000813845437229887	0.264983917961046	0.0585257736775261	0.180198032871445	0.101457157507448	0.202039767266805	0.100275749698287	0.0745421688847617	0.172281936699887	0.105653530893109	0.111640322454637	-0.203720868079781
"L810"	"8"	"L"	3.08	11.6	7.44	10.89	2.73	2.47	3	0.0130365390058347	-0.587567067130153	0.0332874108101855	-0.41911039590983	-0.137241932932536	-0.213677422543642	-0.210036537042333	0.102883868018441	-0.103019894457546	0.0716693391309942	-0.0681218214838424	0.236255188827184	-0.0502470854424301	0.225529397537802	0.0065038009803598	0.27734961489421	0.0495166034676616	0.182567905560674	0.0864379953196905	0.200512885392637	0.0657018838392012	0.0353568597462758	0.185626721850281	0.0757057835659552	0.128556316085473	-0.187475957090548	-0.0259068606667398	-0.556111701041641	0.0178304869902837	-0.334110440204899	-0.169407663240032	-0.210946625744776	-0.224283992878507	0.0310385554749566	-0.0647414908898286	0.00855501758709001	-0.0867152979293875	0.246740725579201	-0.0402014884074099	0.205593972863013	-0.0054193239008272	0.286032393677765	0.0370983769788911	0.239743075933281	0.0687749411973604	0.260394953446041	0.0710829276948026	-0.0154656878535198	0.260084661662408	0.06221319063791	0.161804723388986	-0.22367743035442
"L901"	"9"	"L"	2.923	10.208	5.66	9.345	1.914	2.939	2	-0.0100007298803998	-0.612021935749917	-0.00510975712752579	-0.497445959417371	-0.154187080149541	-0.180805227794746	-0.165220421353937	0.130480037652639	-0.0812749205384127	0.0657476855018701	-0.056700794195328	0.201457726383916	-0.030893578610782	0.190518612077353	0.00804148481208787	0.245434350961586	0.0299134707275396	0.206887494008086	0.0544476323835877	0.211528471037112	0.0765351016678322	0.0657927806750443	0.157125974547482	0.121375612688055	0.177323617717397	-0.148949648023628	-0.00772926929764367	-0.625937608285771	-0.0050569750377309	-0.43799812832136	-0.116353630589694	-0.142600945731786	-0.181217593708447	0.0869109688231586	-0.0654244149135597	0.0179736128037079	-0.0782647013417733	0.217902752528058	-0.0499943036420269	0.194624050170165	-0.00389654153733144	0.273410079945674	0.0503249777452275	0.188019874201424	0.0813330652260467	0.216651041112099	0.0844465056478339	0.0496792596517549	0.188029348062425	0.127773588437211	0.103803533386674	-0.166408545334334
"L902"	"9"	"L"	2.93428571428571	8.86142857142857	4.53142857142857	7.82	1.98	3.92714285714286	1.71428571428571	-0.0149511831330535	-0.607790978276986	0.00799119750943823	-0.441700390033252	-0.193214928580947	-0.180453173711968	-0.159563167329038	0.108444939413041	-0.113539236327149	0.0926807870512862	-0.0584530511489768	0.191528869124806	-0.0219819543339363	0.141996928229076	0.0109444201819359	0.246806344274538	0.0378166247672588	0.211972254455751	0.0481384628777275	0.220038326788342	0.0909951794130968	0.0967975805816763	0.172087486700783	0.146542584502834	0.19373014940286	-0.226864072399143	0.0323578957198526	-0.628226697236557	0.00677179536934319	-0.349859792643841	-0.114789008578348	-0.198119782614306	-0.205097627177549	0.110011078696386	-0.130250310302703	0.0914356592776562	-0.108097983366636	0.236475355864539	-0.0855948433094293	0.22480030052775	-0.0454334327398183	0.343622754333026	0.0591436957937472	0.162063878248347	0.124285682814871	0.168290042022273	0.157497274675417	-0.00398659051636138	0.161651005079017	-0.0579552448443113	0.147555856022235	-0.0985509611146019
"L903"	"9"	"L"	2.976	8.111	4.139	9.361	2.13	3.253	2	0.0138959124797086	-0.607140367707981	0.00850272545755097	-0.444307948634279	-0.156046641662016	-0.174960145393341	-0.178822515007732	0.114505666675888	-0.0900849883356224	0.07439784356408	-0.0700185067808897	0.210233299689467	-0.0451156956770121	0.197943549148615	0.00583592057916918	0.264551063120225	0.0435212266555624	0.195786486648324	0.0621832285730558	0.203710392513994	0.0893060211398501	0.0652046756312057	0.173383217365008	0.106260369600994	0.143460095213368	-0.206184884857191	-0.0205576146168612	-0.581990900568529	-0.00587044203746854	-0.446806309686791	-0.103053074713519	-0.244297208779049	-0.175896719519742	0.118308290483144	-0.0996339694053418	0.085252615163214	-0.0678596881077787	0.213966889157327	-0.0402271566319395	0.192680490650765	-0.00577560779199396	0.245981595692821	0.0387644128921707	0.201466375946054	0.0668879355359272	0.22099585268705	0.0986988255160145	0.0853998014365457	0.177658158625244	0.11582866894742	0.13686494025529	-0.206786161129972
"L904"	"9"	"L"	3.08	10.1283333333333	5.75	9.06166666666667	2.185	3.50166666666667	2	0.00569110108969763	-0.619591002829013	0.0158084147092216	-0.444366581905012	-0.156709329986173	-0.160348926439305	-0.163520752438739	0.112074968633634	-0.0933444496949293	0.0775771742866753	-0.056677793978474	0.214083489652037	-0.0372471319691339	0.19976135415886	-0.00280707352664769	0.246767929346501	0.0361680592777993	0.199200701148109	0.0525320675974146	0.210672114847631	0.0911887547641139	0.077830398227698	0.159882207128682	0.125274295878772	0.149035927027168	-0.238935915006586	0.0296090637243835	-0.534068193924588	-0.0316204919551063	-0.365920691915462	-0.28572483549777	-0.0543092649186405	-0.308761341927039	0.0496441151767735	-0.0313219452876704	0.100904313196711	-0.202614186106384	0.180932575681793	-0.0207126405499466	0.139389198846789	0.0305530119794243	0.243783416888025	0.0283192387763252	0.238942310847633	0.214088250603254	0.153834183604426	0.128537058864349	-0.0518517866221134	0.259822356739989	0.140581147068584	0.132844536059729	-0.326246151625078
"L905"	"9"	"L"	3.396	9.623	4.924	8.633	2.081	2.951	1.8	0.0129973127655502	-0.566229739847514	-0.00419890381734306	-0.439282372177965	-0.145934456479313	-0.21577743663185	-0.192650152559787	0.120917300721657	-0.0959315632686835	0.0528724985675314	-0.0989948262959091	0.208500642455416	-0.0595524818146192	0.185475253170089	0.013258664066936	0.296940676299861	0.0476143053557641	0.18241465683622	0.0988187574329692	0.216843070536867	0.091168795800929	0.0305133977916973	0.200230672364849	0.0946047243788669	0.133173876448657	-0.167792672100876	0.0468171708440298	-0.602762553495884	-0.0109416761333188	-0.421335720281426	-0.121596210556638	-0.214691689159631	-0.190616965526533	0.134585935707297	-0.0983433984192489	0.0715223541285221	-0.0797517614197443	0.219503628311524	-0.0396201482339146	0.218917570876503	0.00107057884225436	0.286846412079989	0.0582071878805369	0.167846167255559	0.0960811594325767	0.194405750316985	0.0901645920309956	0.048154809696727	0.156773243127683	0.089096861146251	0.0917562281313206	-0.192089526582416
"L906"	"9"	"L"	3.54666666666667	10.9766666666667	5.82666666666667	8.68	2.07	3.28666666666667	2	-0.0095414353769301	-0.638038468963244	-0.00705289776519215	-0.477202227244194	-0.16512724419228	-0.137363899341351	-0.141263252488618	0.134686198832869	-0.0701148330813301	0.0683309886619869	-0.0610783609960389	0.188912127293754	-0.0459732584293788	0.177358800487234	-0.0135184166099948	0.244632845909869	0.0326779155731541	0.177616831860622	0.0564183121084914	0.20585684177055	0.0886891678135732	0.0983418984748828	0.163494017113382	0.161096062238323	0.172390286331162	-0.204227999981303	0.0271761252000282	-0.690478081051515	-0.00514359765737056	-0.455300492743428	-0.117556880863353	-0.130271645359794	-0.127183188829143	0.132631857505146	-0.0790774974311518	0.0950455200337763	-0.0546287000174061	0.197507291583371	-0.0364347996750596	0.181473421986875	0.00650487523982281	0.25070510781643	0.039024456318721	0.185196848727903	0.0589574785397305	0.197898816411449	0.0755922445461668	0.0961651932206902	0.119781656589343	0.125985594781834	0.0929878280396728	-0.186559432912739
"L907"	"9"	"L"	3.3475	10.9075	6.44	9.88	2.235	2.8125	2	-0.000739209281880135	-0.578130221564927	0.00235299189561807	-0.488753303216961	-0.142534221398531	-0.157993179308597	-0.18097741743597	0.107721558655082	-0.101321615877097	0.0607656778646627	-0.0731836065303222	0.206907169103948	-0.0475536082788018	0.194123450550381	-0.00258775562902245	0.257780302914488	0.0476534334357691	0.213503998980769	0.0611834027512037	0.220155190325557	0.109434649096858	0.0706272088956535	0.172153550098388	0.0909651072345645	0.156119407153787	-0.19767296043462	-0.0191680160954008	-0.659173587633805	0.0057134042373671	-0.430283351695563	-0.110720338316075	-0.180189625204112	-0.143753824618118	0.105629700673585	-0.0901481979163619	0.0828764742500469	-0.0567079523182639	0.210581790603716	-0.0403896551174473	0.200999442565046	-0.00250165254042859	0.246399218142145	0.0342904491780501	0.199145530055643	0.0490351325485481	0.206955520479014	0.0907268922132414	0.0869311283901966	0.144763579969316	0.104963915124864	0.138860178775571	-0.174836155750778
"L908"	"9"	"L"	4.09714285714286	10.7028571428571	5.35142857142857	9.33714285714286	1.73857142857143	2.20142857142857	1.85714285714286	-0.000549041051356713	-0.551078500071712	0.00568620766864044	-0.421402856263104	-0.16548962211068	-0.210606003411941	-0.205917216009353	0.0995568455593428	-0.104201900990816	0.0441723869116435	-0.0758098161303486	0.211829220587793	-0.0452392749862593	0.195559553323582	0.00877897223044336	0.259748736039196	0.0504901191196924	0.212239526696665	0.0787268129801445	0.221417529894542	0.0933488310574223	0.0639929300417006	0.199014800671904	0.115456685426149	0.161161127550566	-0.240886054733857	-0.00732985802282022	-0.608403195053401	0.00199497492487101	-0.448464548641918	-0.151365066735625	-0.151099366481219	-0.184976051240753	0.117128711444132	-0.0906143312249908	0.0855596847471785	-0.0774031800283675	0.196309611703126	-0.0396093808186752	0.17501141515535	-0.012777342242027	0.235936798181746	0.0425761972969206	0.194588642335133	0.0753588114048988	0.21130258083601	0.106112015992628	0.0825498436737673	0.171635761889575	0.120580365916097	0.166397448804365	-0.211000543816001
"L909"	"9"	"L"	3.42222222222222	9.65111111111111	5.74	8.73333333333333	2.00444444444444	3.71333333333333	2.11111111111111	-0.018624238597092	-0.577523310302388	0.00873922761460024	-0.40633142392926	-0.141661624977081	-0.213367499030923	-0.196827308236871	0.103571801403066	-0.104966566374186	0.0590834090265451	-0.0959786989715119	0.220528404459573	-0.060209115774032	0.189120883725895	-0.00602723030613824	0.276887913789216	0.0620464207447607	0.188756505180998	0.0831509561475819	0.205535252908953	0.113785054408984	0.0513326909828033	0.191524583594129	0.102315694704831	0.165048540726855	-0.199910322919311	0.00537956794522114	-0.623954913042054	0.00158073610719875	-0.38848771630638	-0.150030924786755	-0.172027595315487	-0.172810676276566	0.0970894211883875	-0.0985726018543315	0.0508331718452959	-0.0729242391065145	0.224930520508936	-0.0462093959596504	0.194828714821888	-0.0120015586729442	0.265642173733404	0.0347678178633292	0.193392800030375	0.0711125965981217	0.225532859456176	0.101837971465902	0.0389492751575257	0.196190939876468	0.0767603655845858	0.14167976680052	-0.183489077662652
"L910"	"9"	"L"	2.88875	7.7575	3.73125	7.35375	4.325	5.165	2	0.0107743217783055	-0.551003117130636	-0.000200384469334534	-0.43729066143639	-0.178187916702471	-0.258952950749368	-0.163286048185931	0.133597823742238	-0.0901989113620631	0.0834566870918949	-0.0641391325886205	0.212336968267385	-0.0331427673032939	0.197938399517225	0.00243642296490877	0.256136344623568	0.0360325074832551	0.197356334336347	0.0621253141108729	0.219926186750244	0.0914840172031411	0.0900573155826894	0.166331884596629	0.137939156289321	0.159970692474601	-0.281498486884519	0.0319392763166925	-0.534068193924588	-0.0325679507802843	-0.246176912763162	-0.227234071119002	-0.267357803086722	-0.337985421040653	0.00830634080921858	-0.0274970925667282	0.100904313196711	-0.217126668580853	0.181496150255778	-0.00782202781054908	0.110824022800114	0.0526506889754046	0.32663023435329	0.0234980758436215	0.232386838315558	0.214088250603254	0.186463345946135	0.154604016353085	0.041398972925951	0.237599674332564	0.00477726973423861	0.115102399853887	-0.259641297841391
"L911"	"9"	"L"	3.068	9.915	5.15	8.93	2.177	3.323	2	-0.0426384403292158	-0.606897562255955	0.0207847217758883	-0.420307083950518	-0.156445737729119	-0.176557671715673	-0.190152586267916	0.0876992315800365	-0.0936429313130514	0.0610890277119766	-0.0633239833973686	0.205404465897869	-0.0401838240135514	0.195256086188583	-0.0100397072160928	0.248684392442449	0.0338478156846328	0.206480286401331	0.0508011372158165	0.223819631283072	0.10425081289526	0.0621957607705963	0.19741175518564	0.101289551221936	0.189330967509078	-0.188156115575704	-0.0328818907345693	-0.606657995977055	0.004677110691203	-0.420021375470389	-0.109300203604858	-0.188013248797407	-0.206716245924561	0.0861478860000573	-0.0695814677168173	0.0554931653516861	-0.0424943948061561	0.217735816420348	-0.0296916812859973	0.206293711439086	-0.00832017504735596	0.248615752134964	0.0187044432300274	0.21813679715881	0.0291797752311711	0.227470650067044	0.0875904784655791	0.0377298000387872	0.215426803445004	0.110985796755079	0.143407448057331	-0.193916755121008
"L912"	"9"	"L"	3.23	10.45	5.46333333333333	9.25333333333333	2.22333333333333	3.31666666666667	2	-0.0473698805859632	-0.599239438352978	0.0208580204578114	-0.427591568150896	-0.135438877293688	-0.259741238755824	-0.159487914141398	0.101231380533342	-0.0892010368218506	0.0729233092514762	-0.0437870946922212	0.210644508309772	-0.0278775608203698	0.20390829850491	0.00864005396991897	0.246748462766232	0.0309830779124298	0.216975479077231	0.0488999063758426	0.227985816943996	0.0839972946418881	0.10196553770242	0.151056381961158	0.14334135956673	0.158727629036442	-0.23915190739641	0.0374153806014124	-0.62918167445311	0.00506755725705347	-0.410034209110296	-0.124949925252331	-0.167638357157592	-0.18548515097947	0.0970682457872855	-0.115455533310631	0.0876667553408155	-0.0478467797757477	0.227746713473998	-0.0432273653129105	0.218123688562167	0.00177873981713069	0.255327353536475	0.0430831611272762	0.204491748945085	0.0605575101665769	0.20849521822563	0.100334538334839	0.052471593344786	0.16876173315252	0.0623046053756405	0.0999661341742811	-0.206841681870886
"M203"	"2"	"M"	2.10833333333333	8.54666666666667	4.35833333333333	7.47333333333333	2.20666666666667	2.49	1	0.0179359324165307	-0.672038407183617	0.00643034914191444	-0.353595219066546	-0.226984247145235	-0.0113189847946567	-0.249789137909475	0.0478341105463885	-0.0916892691184689	0.0127831238368492	-0.128691207882459	0.198287860762247	-0.0641885573932124	0.149127050373807	-0.00453738686984496	0.320452116964423	0.0599877676874469	0.13782084897254	0.125405143177974	0.191654264076468	0.0900307254103194	-0.00554767712561044	0.248422649350332	0.0247261072578801	0.217667239134178	-0.0401851946201736	0.018089988006218	-0.636376538437032	0.0226413400751947	-0.391678142765477	-0.28572483549777	-0.0809011235599558	-0.281938143181056	0.0204769720289703	-0.0692367838395085	0.0884531468024352	-0.0499251381691698	0.224662226670748	-0.034278397992299	0.21254478255026	-0.0106750252569793	0.241563561416081	0.0441636216580451	0.128627348935656	0.0986815344475019	0.193643651411993	0.0938735490666046	-0.00921397045708644	0.230005647507961	0.0801918730360556	0.224322643175257	-0.0719937876326484
"M204"	"2"	"MED"	2.83	10.96	5.61	8.57	3.08	3.11	1	0.00127069804623087	-0.565700729445417	-0.000286675085406438	-0.301189345533626	-0.233343264077072	-0.0976711517416828	-0.303499079837494	0.0479377823349247	-0.0839100078874839	-0.0300727543423552	-0.173009775701341	0.221816068707444	-0.0591356274941967	0.13768241513761	-0.00286270626175397	0.329251974291439	0.0601202133594077	0.126289270853735	0.170148131691753	0.212111304833257	0.0894632311592688	-0.0246095871970057	0.299537468788882	0.0517560328360272	0.235507393299207	-0.107601280734351	-0.00703729658045233	-0.623555339101447	-0.00405439946353758	-0.309424363630801	-0.181656316907025	-0.125818477593811	-0.255924755363764	0.0411461533349974	-0.11005044366924	0.0123662151579855	-0.15663300595197	0.237408524845779	-0.0783493509149611	0.172091273533133	0.010920209286094	0.313194059900915	0.0681430469272947	0.132518765083039	0.158556293732271	0.206528261806539	0.088225286295485	-0.018027436219992	0.241477325691755	0.0376723368308687	0.22638340691805	-0.0760999739472039
"M205"	"2"	"M"	2.51142857142857	9.26428571428571	4.92428571428571	6.81428571428571	3.24428571428571	3.25428571428571	1	0.0209517504489246	-0.438699597491013	-0.0154844740523653	-0.252467762066898	-0.229015437342594	-0.149321657688574	-0.379685239536954	0.00204470336016461	-0.0784859582133968	-0.0364948493535318	-0.285967247011366	0.217155432407497	-0.0708346075288196	0.128839453426251	0.0215696963670188	0.420194795648504	0.0671893966250148	0.137777991931953	0.270473956170584	0.162226365725191	0.0680195870165143	-0.0311120893097311	0.359851198242174	-0.00612705936303175	0.251417378815266	-0.154015727226781	-0.0259291714699187	-0.57187616181568	-0.00494710421547322	-0.310122906033674	-0.168792279533951	-0.172837789082814	-0.306160145010962	0.0578627010655876	-0.109338171681248	-0.00825369013811116	-0.186304183965179	0.227285215958232	-0.0766039017962495	0.154246536397532	0.0242998535849349	0.333810044158592	0.0593154262855405	0.121350976209296	0.173452342155189	0.153834183604426	0.128537058864349	0.0336759463589999	0.276531866293181	0.0820887278053553	0.215938410489787	-0.10106378448774
"M206"	"2"	"M"	2.295	8.9775	4.345	7.435	2.6325	2.815	1	-0.00355113303355935	-0.646166792319203	-0.00574330999142268	-0.376729555546471	-0.212945402653724	-0.0773564900556466	-0.245302419433028	0.0812951359353009	-0.0831349251546529	-0.012715073820593	-0.107242643027641	0.214122226803779	-0.0393009642655664	0.155236257605432	0.0126121185369974	0.259536614202989	0.0432290821878356	0.164165056571404	0.0967928819140267	0.211856241953597	0.0840993600637706	0.00287327559862766	0.244918529015364	0.0976363622378829	0.215568825841601	-0.0737532591670998	-0.0107870861380933	-0.693779155634835	-0.000636512266554784	-0.308358893556874	-0.18550606697179	-0.0789184755395983	-0.243246634536765	0.0536613380245831	-0.0788727838165685	0.00375219303106323	-0.11935017904254	0.213227419386198	-0.0542540952111363	0.163767890811017	-0.00293550852731454	0.281770628283302	0.0553018644738985	0.154329034822552	0.12631724789549	0.205733943514703	0.0834722443349941	0.00427744255304676	0.229494912751619	0.0636129272951967	0.20100259705476	-0.063076292990354
"M207"	"2"	"MED"	2.36	8.36	4.92	8.19	2.24	2.31	1	0.000406748233291792	-0.590501488381783	-0.0102285865086417	-0.319907008371878	-0.188515898773953	-0.160831404260767	-0.273689435341757	0.0684556779060341	-0.0817674673064473	-0.0286992064189244	-0.119242817090916	0.231930647467773	-0.0495408946352355	0.164642035827208	0.0187075218515792	0.293938129575512	0.0576420111615017	0.170104198636424	0.11860247835353	0.221519139330411	0.0786524924373286	-0.00380257098749842	0.259111658376063	0.0840966350997599	0.189862189243658	-0.130944785422274	-0.0113072961517471	-0.630983143289744	0.00577135216920159	-0.3555499791442	-0.179619726295288	-0.130774127815796	-0.229660808615387	0.0920565766545762	-0.103328960553415	0.0278618878277958	-0.102840101275115	0.221853456373615	-0.0544818521906933	0.163782284164142	-0.0122850715259591	0.270498584601962	0.0469969732632493	0.171242153475918	0.0954195976143974	0.217643028003278	0.0955632698362335	0.00320312641394717	0.240384068297798	0.0560779939513324	0.209388555426726	-0.106911841216829
"M208"	"2"	"M"	2.51	8.316	4.726	7.876	2.344	2.588	1	-0.0191298155396204	-0.539143591287696	0.0167607849315994	-0.317004501116451	-0.254476055057268	-0.0930147506304443	-0.317908937545976	0.0233940348352469	-0.0758358772698426	-0.0387222027907405	-0.201221837356361	0.220054301309778	-0.063804754882028	0.145454766226143	0.0137680270897364	0.343118994213174	0.0670864279663734	0.136837478923226	0.202787806378108	0.194585248182433	0.062826970548048	-0.0548528774379908	0.292428464438802	0.0485076725889601	0.276718796298427	-0.0692145730156371	-0.00199865951289596	-0.621289083503919	-0.0120081515147183	-0.275983867652397	-0.225938012147979	-0.0849602443303776	-0.269600112105419	0.0403489054959006	-0.0737461483292265	-0.0175278801410069	-0.167888044962121	0.192612963937198	-0.0642101074624546	0.149883819837386	-0.0148422436373254	0.311564969825554	0.061082473975963	0.170460261840629	0.169642759251907	0.23676212737611	0.0819471410538122	-0.0209485989747655	0.286733410523117	0.0284543443858728	0.23082569486734	-0.109377718096183
"M210"	"2"	"M"	2.21666666666667	8.59666666666667	3.57	6.96666666666667	2.56666666666667	2.87666666666667	1	-0.00436356698523597	-0.554021637709681	0.00513558677088774	-0.283940469086341	-0.234118824960425	-0.118820392844703	-0.305040996310509	0.0197275726712558	-0.0704980636701097	-0.0277092595039121	-0.199454381315176	0.189475191310989	-0.0689917297088964	0.128009051517996	-0.00496255114629233	0.373028912304929	0.0868740101328111	0.154173614480862	0.218384542752977	0.198487183311659	0.0845227814313765	-0.00428271416598535	0.28602791770343	0.0429608671870074	0.206485275305162	-0.117087919474076	0.0456278913451896	-0.61282889505816	-0.0237008384701543	-0.2650615133974	-0.266698451156794	-0.0866774862180372	-0.278671964273256	0.0762439326718151	-0.0878680288722684	-0.00860320379789643	-0.179566964798221	0.194357944600773	-0.0771842561481332	0.155322922508719	0.00137843662647029	0.309356131168688	0.0686553996464736	0.150310837210607	0.185024964998564	0.1955698058706	0.0784882136769684	-0.0123495604682306	0.287609114782102	0.0268439547012126	0.246906482643059	-0.12248486979269
"M311"	"3"	"M"	2.44	11.22	5.96	9.14	2.95	3.23	1	0.00817457558410056	-0.59057109143569	-0.007537908448664	-0.322741403669803	-0.225441951132767	-0.0626497959157072	-0.264758002685284	0.0499683580203954	-0.0709009115999933	-0.040434817818044	-0.175896227323849	0.192575138149295	-0.0735267385555188	0.153508124639885	-0.00854104820764914	0.354196953911716	0.0680405864009194	0.166805639164413	0.164977509083502	0.210590867289773	0.0796737106743017	-0.0353441696051211	0.267441263764859	0.0129215191872486	0.238295142446042	-0.0888253219183614	0.0216337019349159	-0.527809780488472	0.0129643921947547	-0.505739310461478	-0.28572483549777	-0.25396059048577	-0.299412164650928	0.0586342541443415	-0.0271572615816322	0.100904313196711	-0.214437814158172	0.252518932076944	-0.0296817489211454	0.248694579342392	-0.0472264180735133	0.255327353536475	0.0187044432300274	0.183874410766426	0.219599781801323	0.176324905166495	0.0395699915014377	-0.0650990640634601	0.288057952690095	0.0370124702625141	0.281401733157085	-0.0467912587185789
"M501"	"5"	"SUB"	2.21666666666667	7.60166666666667	3.87833333333333	6.24333333333333	1.93833333333333	2.23666666666667	1	0.00192273519072744	-0.590943119414536	-0.0103335023645654	-0.299080260786513	-0.217600882781703	-0.0934726408740555	-0.261059364843008	0.03657448751013	-0.0716788977687356	-0.0409126143561648	-0.177787053806669	0.199412071505141	-0.0756006356713769	0.156633967309132	-0.00451352970669591	0.35317222184208	0.0763675137260798	0.182105364289946	0.171573740597977	0.203469260716234	0.0809163933497737	-0.0314455905957862	0.262548006418666	0.0283714509780234	0.22524547765953	-0.103884598123632	-0.0722440678627865	-0.527809780488472	0.00677179536934319	-0.463785684625064	-0.264327470202915	-0.299917087684627	-0.284001183465202	0.0448050409456505	-0.0271572615816322	0.0996819483439074	-0.217126668580853	0.170603476545027	-0.0207126405499466	0.123259154498517	-0.0415603142096829	0.276708296397701	0.0187044432300274	0.231391168160568	0.222163166945386	0.186463345946135	0.0240567847685033	0.140922218766227	0.308999805318464	-0.00172870033714358	0.233144832066944	-0.0467912587185789
"M601"	"6"	"SUB"	2.9	10.085	5.03333333333333	8.09166666666667	2.7	3.31666666666667	1	-0.0139401214207791	-0.534682218633205	-0.00153732317734466	-0.247874884490218	-0.201536994136753	-0.168094511592467	-0.305091789498278	0.0161155175849337	-0.110908322119561	-0.0189871436054514	-0.203577166497734	0.20663553297104	-0.0784730043329977	0.136476719957209	0.00627595861622137	0.368026520010558	0.0782341638817723	0.153484243716408	0.197428257079551	0.205724396934316	0.111582122272236	0.00410290623681786	0.311035260910123	0.0219847423364406	0.210508958423544	-0.142911821426384	-0.000669394206635806	-0.59916652012218	0.00356597611482162	-0.233666821789742	-0.119734450150667	-0.158370099951356	-0.303522402765338	0.0521323333047688	-0.087453314240349	-0.00515092264697277	-0.228656027365367	0.207149367438146	-0.0774362438507033	0.158664863038254	0.0167003139362385	0.370092830820502	0.0757965795491939	0.148857672211256	0.214088250603254	0.189456708667903	0.0778271523668642	-0.0152243014243789	0.284578679016659	0.0314657991182774	0.144914880992029	-0.146240908664478
"M701"	"7"	"R"	2.86	10.72625	5.2625	7.95	2.7125	3.12	1	0.0501343616818074	-0.531488459379913	0.0183135885670094	-0.30744892307294	-0.246220286131825	-0.0971212877812223	-0.300862202920892	0.0603468238988392	-0.0561393814361442	-0.0526794714538808	-0.202136211254665	0.235974130752787	-0.0702899915625006	0.137174993081186	0.0110332526524009	0.355750938103176	0.0589105233010254	0.137313592383614	0.209478457925032	0.215913466839868	0.0599618105808775	-0.0417047544133853	0.305540172218016	0.038295262557583	0.162275906379858	-0.150326311515711	0.0587552539531608	-0.605826812728192	0.00928257399586485	-0.264555521417058	-0.220106998546999	-0.0936364617912086	-0.308761341927039	0.0685188713874656	-0.0567104643451966	-0.0425025512074028	-0.21484565503439	0.245162584208302	-0.0674042247793472	0.149539185451565	0.0432185000040045	0.368334072415245	0.0668474523337654	0.127893916789325	0.219095984037426	0.192908949841437	0.0140391305803457	-0.0650990640634601	0.278225773021335	0.0135569326784418	0.178364016707069	-0.0942941015644592
"M702"	"7"	"R"	3.21625	10.74125	5.13125	8.90125	2.535	2.9875	1	0.0166556870828591	-0.56764303837314	0.00182980061228583	-0.419193862904584	-0.220497589593856	-0.0276376436052614	-0.264693956367495	0.0720413305125207	-0.0626913130914298	-0.0339301253139459	-0.181349941374662	0.189885422122226	-0.0566620580664834	0.205451971769781	-0.00241718995838577	0.324861005132121	0.045128663798051	0.128293100628513	0.162592681429038	0.213813794232267	0.0641880082425161	-0.0518227273420963	0.264220797117704	0.0302894444565952	0.233696410169859	-0.0644086713149958	0.0747479651777549	-0.529823123225704	0.0044857356912708	-0.463785684625064	-0.258307335495262	-0.262655928841727	-0.287249470105939	0.120967470251923	-0.048582144552029	0.100904313196711	-0.213938062302385	0.234690021031229	-0.0207126405499466	0.199513104607431	-0.0472264180735133	0.25838137666522	0.0234980758436215	0.231391168160568	0.214088250603254	0.168290042022273	0.0285762677524348	-0.0728504931498853	0.288057952690095	-0.0219395749988392	0.22046756734306	-0.0493205656112261
"M704"	"7"	"R"	3.57	12.6966666666667	5.68555555555556	9.67555555555555	2.12666666666667	2.05555555555556	1	-0.0420425562547726	-0.558991729228176	-0.00629567991332855	-0.350908495865323	-0.129778805470017	-0.170381528165693	-0.268554962544592	0.0765896405792468	-0.0589179015753408	-0.0660159687563154	-0.159037937621958	0.245729115185082	-0.0541677539303847	0.157996954423845	0.0093780066523834	0.328457752734761	0.0467530187927728	0.148534067994549	0.14959552155266	0.234379286481728	0.0640240957538255	-0.0329647541679974	0.264450341454867	0.0996930976746881	0.184594613103885	-0.112117438890395	-0.0334097711117333	-0.68159555302819	0.0299877565517474	-0.288106514890024	-0.178775247896548	-0.0850057388900992	-0.268446068158311	0.0857638766293112	-0.0716100221533867	0.00568547851687216	-0.177660827839413	0.204336124387832	-0.0660169100035108	0.14632747718851	0.000218283228817662	0.287856209894854	0.0674356904748883	0.139668105547632	0.163443578286475	0.200139692801811	0.0712573466180154	-0.0202028721679825	0.235931278765295	0.0570221711504518	0.227644913237664	-0.0518884571409805
"M706"	"7"	"R"	3.52888888888889	11.9166666666667	5.52	9.02555555555556	2.22333333333333	2.19111111111111	1.11111111111111	0.0117946459091653	-0.705294726155214	-0.00806491730352627	-0.224006093860075	-0.212064046290127	-0.06397943887705	-0.247694008601439	0.0519952743867967	-0.0244431087496714	-0.0658993112148006	-0.184940842015588	0.196982234927834	-0.0376620433061618	0.12589870006565	0.00711927965089726	0.356041948860422	0.0457563124728255	0.154359356295281	0.19611934838937	0.22609019818191	0.00994407288143705	-0.0479573797686112	0.260634713604478	0.0555421718274671	0.183500593358341	-0.0597729346696087	0.00315917470868099	-0.610792681749008	0.000226899734114447	-0.316885970317806	-0.198298637891705	-0.087454770001178	-0.257885375209194	0.0882132674488386	-0.0354617846801049	-0.0487138393563709	-0.16346653181012	0.224646549618943	-0.0528272750948578	0.134378139406739	-0.0179445596274008	0.332720162693811	0.0471687355276535	0.135917365582344	0.178292541877319	0.252092032965594	0.0413910225872501	-0.0728504931498853	0.269041532015119	0.086897268246467	0.186604257863245	-0.118167031388487
"M707"	"7"	"R"	3.01888888888889	11.8044444444444	5.25333333333333	9.67111111111111	2.65222222222222	3.02333333333333	1.11111111111111	-0.0203315156354013	-0.584611224254723	-0.00368944591404834	-0.333195075924468	-0.267238011384687	-0.0665101285420484	-0.281202367948636	0.0593729740320488	-0.0659425550535725	-0.0691463570870814	-0.174489961098643	0.208902358338097	-0.0562033855789632	0.115235603436714	0.00583563613290116	0.317205926480904	0.0561900014253645	0.138715669762257	0.16843527393718	0.237475152831002	0.0823431257883505	-0.0408046739648451	0.276600961983729	0.0591939808466055	0.279692243346427	-0.0418342059544623	0.00901977644296511	-0.685320263906357	-0.00639315282069077	-0.285119210518107	-0.193939122811725	-0.0832533449568368	-0.251799153809009	0.0913527905768675	-0.0709194160618229	-0.00348127825266818	-0.176685771713081	0.211755526036315	-0.0616216159949093	0.140982034089519	0.0022670129622693	0.314595115182586	0.0630197441300577	0.133615440199927	0.166735304133783	0.192761166987632	0.0698222431772649	-0.0198253222905035	0.23144419367269	0.0377340216388183	0.219049958692209	-0.0457966747871933
"M708"	"7"	"R"	2.95714285714286	10.2957142857143	5.04142857142857	8.48142857142857	2.34428571428571	2.80428571428571	1	0.0264687080839315	-0.584205287244888	-0.00537076736614729	-0.339175262433495	-0.289511833877037	-0.0398561297116509	-0.301812910438281	0.0423944362367928	-0.0676947059868534	-0.0631789928689609	-0.130483281164979	0.24887269877733	-0.0476084388233224	0.142687734238711	0.00553168377990996	0.314415451231605	0.0492497120501584	0.127224841078688	0.148704655672377	0.223311908709419	0.0645970869264075	-0.0732266234008657	0.276790953903858	0.0500623796849701	0.271139137239978	-0.0493271542976561	-0.0149380500298573	-0.638158527064937	-0.00428704760617299	-0.282169262629287	-0.247990001408639	-0.0543092649186405	-0.282446395179785	0.0564201198305441	-0.0407006794899685	-0.0737203290499961	-0.158703139471596	0.213476706328203	-0.0459353989952016	0.11901927558689	-0.0245243407942378	0.321549272317234	0.0547421702488087	0.142069520069434	0.159776655699269	0.240154994031217	0.0590321081141735	-0.0261007338151569	0.297986690713095	0.0507115074109557	0.247987428200112	-0.068943278096462
"M709"	"7"	"R"	2.98833333333333	12.5283333333333	5.91166666666667	9.60166666666667	2.54166666666667	2.82333333333333	1	-0.031498315751384	-0.567033522487444	0.00650639861521542	-0.329894542666417	-0.237337868786122	-0.106009859838937	-0.294062926808317	0.0164340066629149	-0.0738098316402139	-0.0383680293866717	-0.152090175363118	0.241463008416438	-0.0525081987149525	0.154345962268318	0.00677111987543896	0.317990081809049	0.0515908278824733	0.128300468614341	0.160903850347922	0.229389265957076	0.0712303619228848	-0.0539862921598435	0.283182877997365	0.064653752402166	0.261121880422809	-0.0572842995909892	0.0414126717929999	-0.527809780488472	0.00494170560230431	-0.505739310461478	-0.247990001408639	-0.300319746588059	-0.299412164650928	0.146519994086325	-0.117557569221953	0.0497172154972527	-0.213938062302385	0.249963343934959	-0.0225573492093172	0.196057694334867	-0.045548945354377	0.253189848807074	0.0187044432300274	0.127893916789325	0.222163166945386	0.168290042022273	0.0285762677524348	-0.0518517866221134	0.316780036060807	0.0701449013954305	0.281401733157085	-0.0457966747871933
"M710"	"7"	"R"	3.64	13.1728571428571	5.82857142857143	10.34	2.24	2.16714285714286	1	0.0111023851353434	-0.528592354903469	-0.00644239388982294	-0.346352692333832	-0.258365697011684	-0.0692810637892368	-0.28326607020035	0.046187753410166	-0.0502916528169241	-0.0346253601830292	-0.173600934624074	0.226555881051201	-0.0735131760408823	0.168858430613849	-0.0294042530561642	0.332982627217211	0.0541115966853855	0.144661876456975	0.164918410364849	0.224187352785871	0.0595915791188493	-0.0742485215153062	0.309414450575354	0.0122803615557469	0.27574575576012	-0.102614290366146	0.0747479651777549	-0.693333633922057	0.00658962544181468	-0.265143183407777	-0.21894050571564	-0.0554069035014969	-0.261947395951821	0.0578089813920091	-0.0541169153703041	-0.0210468565967113	-0.144705881707097	0.243089708733379	-0.0440731663709591	0.173510612843233	0.0305530119794243	0.324383416652292	0.0518930706817518	0.158463301682636	0.160813121323851	0.198049776540317	0.0285762677524348	-0.0313907427847359	0.227948448498156	0.00536294351709856	0.142662354260634	-0.0943474211481874
"M711"	"7"	"R"	2.9	11.23875	5.235	9.11375	2.57375	2.9625	1.125	-0.0111155685549195	-0.540860838746957	-0.0135828754356158	-0.40690876498672	-0.289280435983869	-0.0635160091920379	-0.293226086122741	0.0589367421637455	-0.077936165467391	-0.0479884250266333	-0.108073644964076	0.216610038371626	-0.0388076660374737	0.134387678373512	0.0126337900752446	0.299535806092838	0.0444900876622772	0.171801887741987	0.0672747564486791	0.23328403897756	0.0865134274288762	-0.0665402484185595	0.306096378424153	0.0466186531908705	0.315014002526855	-0.0353605585412295	-0.037037560389029	-0.640976092497127	0.014043858879454	-0.300810755340085	-0.216529727779828	-0.0674724372578047	-0.269212287902858	0.027911346713854	-0.0376002963389974	-0.0481467577148125	-0.171497638519481	0.20622154670579	-0.063925637043658	0.147485507179255	-0.00810274111301083	0.318762547918672	0.058742681671707	0.162188270355481	0.170420951176606	0.234565767864165	0.0408699292495982	-0.0351333396154701	0.286683636042554	0.0421956544066601	0.233144832066944	-0.0467912587185789
"M712"	"7"	"M"	3.202	11.106	5.526	9.721	2.305	2.819	1.4	0.0401666408799545	-0.525209372224763	-0.0294058997029094	-0.347967883256995	-0.283281120347218	-0.0783731046127748	-0.310550014107061	0.0643114032942904	-0.0680205008419318	-0.0686234282920212	-0.149990352752405	0.214170156662962	-0.0544180420238848	0.135671128474643	0.0122249341021821	0.331490489050144	0.0576654308655391	0.149361824960462	0.151870177827701	0.235062561864362	0.0682441050050023	-0.0614186059790097	0.30478340608318	0.0442166162666387	0.260711235011852	-0.092691786207938	-0.0630260510875496	-0.690864420962116	0.0238417370674885	-0.367548806544914	-0.264327470202915	-0.0518794935399061	-0.234398919050772	0.0664779550925066	-0.0585167861496272	-0.0428947622725554	-0.0877681403335147	0.208521659806453	-0.0252230367225117	0.13329549705165	0.00197912446676332	0.244164953233937	0.0345751674971175	0.183861495452272	0.0681703408294764	0.215609206499917	0.0826717683292936	-0.0235962622466422	0.240620532199666	0.121581194146445	0.281401733157085	0.00327178428295136
"M901"	"9"	"R"	2.885	11.7075	5.6825	8.6925	2.0775	2.26	1	-0.0663930822628343	-0.574456166400445	0.0133372710964186	-0.330682847816607	-0.220766996672776	-0.0709607575805056	-0.257993947389794	0.0625043961908411	-0.0395689551522482	-0.047517863058838	-0.19099418861375	0.192759165654824	-0.0636459001506204	0.129142708974578	-0.0330503894236155	0.28784735468514	0.0437906256740466	0.153132706937868	0.160953480467763	0.250519004950304	0.0991989982503886	-0.0276405819292583	0.308108945861845	0.105788847217944	0.247024138315176	-0.130435967825843	0.00552876232787166	-0.600025722244233	-0.0112878463373489	-0.327780991053364	-0.111950403120366	-0.134006579738205	-0.253756525321813	0.0586342541443415	-0.0636476655849205	-0.0234304567254509	-0.193323294893431	0.218567245172993	-0.0695662394475559	0.171689326290608	0.014132834162615	0.385097804308055	0.0567389841728113	0.154410584736239	0.197420452518298	0.204895551680814	0.0395699915014377	-0.0254071812485149	0.237599674332564	0.0272897689812384	0.152541275689837	-0.109933604304522
"M902"	"9"	"R"	3.37333333333333	10.005	5.05833333333333	8.295	2.29333333333333	2.33833333333333	1	0.029148512121161	-0.561334245657658	-0.0142972758800796	-0.429428544037485	-0.300668840546827	-0.0570682188622012	-0.301099945612323	0.0375550495171975	-0.0777786353229736	-0.0484159780663902	-0.104312167642024	0.220540122794344	-0.034327415387422	0.142731555964796	0.0223710659564706	0.291603901406192	0.0655605093345215	0.167364270522837	0.139396569984225	0.223070844910758	0.0805287755476826	-0.0257735592687315	0.24504457646837	0.0583386534762461	0.250434270979217	-0.019183852699905	0.0216337019349159	-0.624754467025618	0.00228874586955464	-0.317794474598579	-0.223920362614455	-0.0534493631304672	-0.249446276706956	0.0690852018540267	-0.0274970925667282	-0.0451523263436527	-0.187577123419956	0.218302711263694	-0.0554249111455797	0.15411785662116	-0.0031826398638212	0.366127005689169	0.0513021644215533	0.154370806353456	0.182960222803513	0.210404301289361	0.0238128295749298	-0.0688835296885151	0.246359850856179	0.0291858034035895	0.218690890856851	-0.0915595256876234
"M904"	"9"	"R"	2.84	11.495	5.265	8.64	2.63666666666667	2.89166666666667	1	-0.00280980901036794	-0.563600486908109	0.00483712826259912	-0.361741406565995	-0.265326714326397	-0.0661321864984278	-0.284547816687633	0.0555026459302808	-0.0714185867135533	-0.0427890113756191	-0.172551644543783	0.21620952728783	-0.0581076369723437	0.130629344325245	0.0111111110320473	0.307106337010532	0.0595553963859842	0.144802214893969	0.162467749166564	0.218172068040697	0.0781500410242498	-0.0349636287676649	0.284163670423104	0.0668129349146478	0.254477111959529	-0.0700083522873862	0.0936230159507548	-0.601965812733299	-0.00468345992650984	-0.459524487755969	-0.258307335495262	-0.25396059048577	-0.245415754813029	0.071382931300838	-0.0790150058043557	-0.0728900691960715	-0.178927752496599	0.254855058123896	-0.0249299773426576	0.197208930757694	-0.0415603142096829	0.315431432532252	0.0187044432300274	0.148575007637433	0.219095984037426	0.153834183604426	0.0238128295749298	0.0458065215582896	0.305831340604329	-0.00172870033714358	0.218690890856851	0.00327178428295136
"M905"	"9"	"R"	2.84625	11.8075	5.85375	9.10875	2.7475	3.04	1	-0.0152304543564825	-0.565713793669357	0.00972756760478664	-0.31711909927152	-0.212031969075746	-0.0999349216464618	-0.287058970510747	0.0496648528553254	-0.0525698067952567	-0.0527406983155362	-0.17771016017453	0.231169695924364	-0.054547696514946	0.15282977843265	-0.00949490952249094	0.333717935615347	0.0551399368235786	0.13724879192318	0.181898640780138	0.244967513575346	0.0462226100873391	-0.0791320802883994	0.288068872893049	0.0515743043388352	0.227586338761308	-0.0865322794737732	-0.0838268290988061	-0.699711262226745	0.0141088567540815	-0.273446193649578	-0.157933431082488	-0.0924936385857373	-0.238628416341579	0.0255845091377754	-0.0149151030580835	-0.0420841365692644	-0.160031874176682	0.184542196065832	-0.046989128972044	0.137792773964245	-0.0178713035633761	0.337984027351679	0.0500892115452361	0.158708219485925	0.144510972006129	0.23774018866235	0.0540709839970343	-0.0138153439289596	0.248875063696691	0.0820676872135662	0.208540998293887	-0.0428690269210862
"M906"	"9"	"R"	3.25111111111111	12.1355555555556	5.73444444444444	9.51444444444444	2.44	2.82666666666667	1	0.0368658617858098	-0.557495720694425	-0.0229006066012197	-0.377717231302204	-0.269418693300945	-0.049446646015223	-0.288301275773486	0.0696100630065283	-0.0723824482648938	-0.0306417097628205	-0.140308862293007	0.23023600170392	-0.049453093684474	0.152337452184751	-0.00766674987537928	0.303072116437	0.0434471387041756	0.144260067995749	0.127398168434436	0.22814589478121	0.0608983719331508	-0.0525543928639219	0.295680527910871	0.00595584483443023	0.286141661024961	-0.0657617403049949	0.0468171708440298	-0.477033060041771	-0.0325679507802843	-0.505142314285719	-0.247990001408639	-0.300319746588059	-0.337985421040653	0.110182630893591	-0.0274970925667282	0.100904313196711	-0.214437814158172	0.216254053949471	-0.0252230367225117	0.170496592062549	-0.0454334327398183	0.289863488108362	0.0283192387763252	0.232386838315558	0.222163166945386	0.168290042022273	0.0140391305803457	-0.0348993010012007	0.313962119256875	0.00477726973423861	0.247987428200112	-0.0467912587185789
"R001"	"0"	"R"	2.95333333333333	11.1966666666667	5.83166666666667	8.325	2.62666666666667	2.35333333333333	1	-0.00744207833984862	-0.527916212042592	0.00403078190948414	-0.301102024789444	-0.108644890855226	-0.179179389719821	-0.263588193218381	-0.00938080874278432	-0.0599799400538807	-0.0333371170136143	-0.183933112161624	0.238465293428096	-0.0778061338747842	0.187005167013622	-0.00705724802100322	0.409832229435303	0.0782252519160139	0.156209466191807	0.192917264041555	0.239182183075831	0.0736295132336087	-0.0322567943150075	0.281202090345316	0.0490157196850486	0.0784466950787697	-0.196537712206445	-0.00418898095378352	-0.617624293335767	0.00386839364193025	-0.350592908121316	-0.063873637765308	-0.205619516286612	-0.212195870731628	0.0745313191260004	-0.0978482853393946	0.0457015397856524	-0.110175835768096	0.222331789009691	-0.0579108154343463	0.181310916703378	0.00674510702931733	0.317773273569699	0.0675329099597047	0.189530321760542	0.110180414481868	0.212229387687818	0.0844022334970061	0.043687394560816	0.204648831416066	0.0827687234339149	0.068815535966664	-0.196027947893817
"R002"	"0"	"R"	2.5975	10.36	6.2	7.3575	2.17	2.715	1	0.040921763510495	-0.538143075807209	0.00360461763117267	-0.315908646923197	-0.122402865437235	-0.210876252828808	-0.268947722487492	0.0803858792774378	-0.0861122690649448	-0.00834309100340209	-0.15071033738797	0.252098077790708	-0.063152686255788	0.186690982044429	0.00738533496815272	0.344840521702044	0.0632445517757092	0.16259925585379	0.151261823313221	0.221083259821365	0.0768342437694077	-0.00839281382682732	0.268539806111653	0.0518908390162937	0.0795337395536182	-0.217924935116624	-0.0190257667819954	-0.562217209853878	0.0200271794844267	-0.346421698135585	-0.0819251105646011	-0.210014175817288	-0.271641581288971	0.0799718248925203	-0.0917402599191776	0.0154621785245246	-0.11606157984177	0.234690021031229	-0.0552903627137841	0.184618166147817	0.00561506443635341	0.300141828639115	0.0494058199779037	0.190733686603423	0.109782861617369	0.228634866267541	0.0885607602613571	0.0208773574657924	0.26166459194982	0.0723472014059764	0.100628383383069	-0.208824047171187
"R003"	"0"	"R"	2.93	12.77	5.83	7.49	2.57	2.93	1	0.00519199521496541	-0.576344191418449	-0.000690154418130404	-0.349555060402513	-0.105534427291224	-0.199230422086045	-0.271296995326003	0.0859454944505054	-0.0750178508780934	0.0163498616431358	-0.0999352954898862	0.246357843914895	-0.0443007268641816	0.171239290992759	0.00215430029523934	0.306261010507998	0.0447631485923202	0.212995627825579	0.102057612005374	0.205119715955789	0.0772785081296446	-0.000373176362095076	0.241471537807694	0.0726778505991678	0.123858348222282	-0.191443845620727	0.0191638978420199	-0.645589454600299	-0.00116969323423912	-0.300721989253447	-0.132663455277139	-0.1334227784781	-0.225940666192034	0.0630822134783918	-0.0847510647867379	0.0259810852889083	-0.140983009554523	0.215273327681631	-0.0629991018089361	0.178120022509368	-0.00817423099613479	0.305210901146509	0.0640611191943154	0.172274230321019	0.138296809108422	0.209650028353359	0.0906291181263356	0.0337504671351136	0.241626288989329	0.0519408789662249	0.102903988589322	-0.175548932548678
"R005"	"0"	"R"	2.66	10.86	7.92	8.32	1.99	1.99	1	0.00956104709662236	-0.571557442673337	0.00247562241604875	-0.298711727509667	-0.124154533941868	-0.185360058561313	-0.275174255012949	0.0489897571920434	-0.0924786533256653	-0.00303630565869202	-0.151655204027526	0.245840974096689	-0.0587059347993256	0.174622821096519	0.00865449754770033	0.339705262696959	0.0654961524099937	0.158578083593064	0.156546384696023	0.227376914574439	0.087336235036897	-0.0093083374630192	0.250220378817138	0.0514509140030809	0.121878263086911	-0.178590855386767	0.0246270934701692	-0.548135702782472	-0.00776706429353778	-0.396941354871666	-0.0720222777502876	-0.218598480651607	-0.25765265486902	0.122728215609389	-0.101475657828473	0.0517796014599742	-0.103053131737447	0.240132578653298	-0.0520059570319937	0.172187771125685	0.0110951084350206	0.295004611665252	0.0451120434595452	0.193747918419205	0.0960493712405608	0.235821118602761	0.068440530058498	-0.000699348614828533	0.255836783664972	0.0542439883986995	0.0928158131819936	-0.20127091701369
"R006"	"0"	"R"	3.165	10.08	4.8825	7.86	2.6825	2.6725	1.25	0.0184253376364212	-0.557898523439686	-0.00768230157318749	-0.312393491080513	-0.117623430410617	-0.187407759971553	-0.245775895377046	0.0638306189354195	-0.104119653615043	0.0057288383075153	-0.167015437017709	0.23263701812908	-0.0602907227582788	0.153293091458981	-0.0123117002838437	0.346649008984094	0.0722572966476023	0.178831017113579	0.156983569811975	0.240984649418736	0.100030366864863	-0.00167293999850392	0.264764231322737	0.03329874576025	0.102358338752127	-0.195880273617399	-0.03696668565616	-0.574209337445613	0.0124877540777712	-0.385719776076524	-0.0509839859265681	-0.206176808665623	-0.238864361588865	0.0687415531532321	-0.101623267660063	0.0307981691195315	-0.107246260961406	0.23012707454393	-0.0618730358237031	0.197208930757694	-0.00336316099222126	0.292225514181411	0.0528818936926601	0.184299917897159	0.0984208369555339	0.230742389964835	0.0995876737321788	0.027941793329106	0.24911955776109	0.0905983750458888	0.0884230423897525	-0.186577795805027
"R105"	"1"	"R"	3.002	9.206	4.81	7.236	3.036	2.308	1	-0.00544903964396054	-0.501835402586266	0.00651164361231879	-0.265353765446723	-0.182062193428596	-0.165623722045923	-0.325731866148158	0.0155339767742546	-0.0415360100989568	-0.0719027883335062	-0.176506148805204	0.233690793199721	-0.0512739731153918	0.134557750463878	-0.00893608236000813	0.391821928902015	0.0642708873826972	0.166940771986942	0.186228690744205	0.266242948635705	0.053404902537338	-0.0631207098189455	0.333339159213939	0.0334328575530767	0.147740030109777	-0.174384639284228	0.00760777738055214	-0.572617852407427	-0.0209663625085523	-0.259114402426816	-0.0991564505458089	-0.180476948467308	-0.254811607543355	0.0603767135198864	-0.062327636630002	-0.0405683328193562	-0.175781520146779	0.22576139083704	-0.0827530243221856	0.166177747328018	-0.0232578628245971	0.364783070567487	0.0678774096620034	0.183874410766426	0.167828435704929	0.25327897010652	0.0696314526692825	-0.0396423628755446	0.313962119256875	0.034412814746338	0.092147269847638	-0.196245218875264
"R106"	"1"	"R"	2.81	9.09	5.33666666666667	6.78666666666667	3.02666666666667	2.34333333333333	1	-0.00676509050639689	-0.50328397423846	0.00908756744353833	-0.269830788530052	-0.2126576189579	-0.158925698388274	-0.303222198388822	0.0397816532352231	-0.0356845204827147	-0.0675255454539478	-0.210357064146988	0.222261996172422	-0.0571824218895472	0.127776922622469	-0.0227564552373114	0.387953589130342	0.0684084748123997	0.133255024454664	0.205934708396074	0.238747673672216	0.0698472015112984	-0.0503693085918961	0.345151662011293	0.0739521372099319	0.150195755435077	-0.17379368129464	-0.00137741983752905	-0.549496223743496	-0.00517028764260735	-0.26607411120765	-0.129969068580221	-0.167770426391031	-0.299412164650928	0.0361753951237488	-0.056629533776127	-0.0521244954337782	-0.214437814158172	0.231997555850018	-0.0667851661207706	0.144269244489068	-0.000375118155718711	0.394029841642202	0.0721162625914722	0.14615033682913	0.210057256171341	0.236558716659882	0.0634234060507646	-0.0348993010012007	0.311233304854629	0.04668634209988	0.117326343253867	-0.165502874916771
"R107"	"1"	"R"	3.14	10.78	4.41	8.82	3.34	2.21	1	-0.0255479780763373	-0.509636802170009	0.00116121049286357	-0.304210271904299	-0.118362337552748	-0.188169054178134	-0.305677838859107	0.0550600100801294	-0.0518140884965218	-0.0518915047452684	-0.180174997507465	0.247671281577362	-0.0544041661572817	0.1372060365052	-0.00756092717011425	0.366424295457642	0.0566688759824703	0.154593520373564	0.162057406692757	0.260343676893673	0.069787680688995	-0.0469523497910519	0.314261017335675	0.0591287630278895	0.139606142626814	-0.179567601126698	-0.0649819684623428	-0.550769796790012	0.010329171482307	-0.270234845907329	-0.0805476469838988	-0.164755419467314	-0.283962064312736	-0.0332598530144463	-0.0443126279586592	-0.0388936955798809	-0.213938062302385	0.234722965512018	-0.0703984404442524	0.142699682587874	-0.00568229031061069	0.437405185986688	0.0678186625539698	0.1621055638232	0.180792849746274	0.246671974165213	0.0843276464236093	-0.0353791242575805	0.294037902653774	0.0408338453165919	0.126516867914952	-0.171146482375022
"R401"	"4"	"R"	3.045	10.19	5.09	7.285	3.715	3.395	2	0.0100857335508452	-0.512603433530965	-0.00803511833522998	-0.302111485784047	-0.0649450907071533	-0.252762996202574	-0.282520991785286	0.0625964667124896	-0.112913849668598	0.00514552759997677	-0.163396656529035	0.24232310599504	-0.056561218407106	0.160630341177851	0.00828365535052751	0.349888378820547	0.0648100470678237	0.172744041397615	0.167806173228281	0.242848429944428	0.0908969292423415	0.00489151329993646	0.289675278348284	0.0741080555636906	0.0568151086443054	-0.247697944993988	0.0619306993825272	-0.641163906857629	-0.00953922581410319	-0.272932676327385	-0.130772277303208	-0.160806765491477	-0.239589845341146	0.0564949532207977	-0.104944287958493	0.0330302568683805	-0.150727824379678	0.223303859788093	-0.0678138390993158	0.170638215024563	0.02328468664627	0.353507581806736	0.081628693647578	0.176213232481317	0.162925455724312	0.198648269960079	0.0941839991449178	0.0213533412311973	0.208348153528643	0.0125986356545237	0.0710856118216965	-0.170884997359197
"R402"	"4"	"R"	2.7	8.99	5.38	5.59	3.5	3.23	1	-0.00355352425221984	-0.575437731018988	0.00450266329280937	-0.299138022208999	-0.0675401603466744	-0.190782539824823	-0.247830357571438	0.036540808924792	-0.103920695596955	0.0240586477674647	-0.186647633300574	0.207496261728227	-0.0893049959758293	0.180387288156266	-0.00565873002867537	0.379096918091854	0.081498518770748	0.177779452120453	0.18524736663131	0.211168647944191	0.0995435897534734	0.017098306058667	0.256480670805891	0.0210762008436005	0.0771832878181353	-0.189344238582705	0.00366941195182554	-0.555382923171918	-0.00796890620527005	-0.312682591845022	-0.0503638349152573	-0.214427031182779	-0.256362294941821	0.0508355970136041	-0.0993197176212047	0.0213277508063039	-0.174269842284977	0.223081403133073	-0.0769271628472178	0.177582149833362	-0.00774258294653135	0.365005279446768	0.0727847141766225	0.172728174066957	0.176590522599623	0.220501779562545	0.104632516149391	0.0187243094274919	0.267374740216953	0.0490330325353997	0.0479024366678643	-0.216326929625786
"R501"	"5"	"MAC"	2.7325	10.715	5.3525	7.8525	2.3025	2.615	1	-0.046622330053007	-0.600352193972232	-0.00890158926698248	-0.280369316998032	-0.0902673539447421	-0.203824097069733	-0.290708505331548	0.00490748256432605	-0.0759312554097777	-0.0473301003353002	-0.150150535608631	0.23571590161952	-0.0463622233584358	0.14927805600797	0.0443994843623344	0.321368355058104	0.0930326128738891	0.215873577989681	0.134448686531543	0.232700958122179	0.10272735796839	0.0640238017470494	0.217012388797167	0.0886845670659451	0.1173232624398	-0.180676991799478	-0.0178263701404615	-0.617823823142011	0.00422371601666624	-0.272380901510392	-0.105315122451624	-0.170519781883461	-0.261510131842281	0.0538174427136789	-0.105927477105269	0.00868869956152174	-0.181037111280392	0.208371558559635	-0.0809578049277251	0.156300502760237	0.00935190891876284	0.314839436423968	0.0797772615644406	0.160983197176291	0.182594859883346	0.215960173536225	0.107548643836357	0.0190592530563885	0.258418593568186	0.0828520456096952	0.110659033959994	-0.160147802861776
"R502"	"5"	"R"	3.24	12.8	6.35333333333333	9.28333333333333	3.56666666666667	3.61	1	0.00544017822847082	-0.584397542425267	-0.000269095111869812	-0.32831012192164	-0.207446873722441	-0.0850039921317483	-0.273601255797454	0.0705296502510267	-0.092154615491135	-0.0128998910544023	-0.178312923363393	0.223013196119373	-0.0649879946681727	0.135236874961363	0.00832056292324459	0.293578598567334	0.0651230969339198	0.130068827883781	0.145889856392744	0.232948818245583	0.0949270216061811	-0.017982600779967	0.28891345027235	0.0692872645801189	0.208158591797555	-0.126069082295555	-0.00819707845833605	-0.619468146017164	0.014400243668376	-0.343005591134267	-0.13975969853733	-0.167168967089948	-0.233750134686203	0.107234136501424	-0.100728570417732	0.0345585851691999	-0.11899414180609	0.220542176621918	-0.0462414925432866	0.155016768559644	0.00702548021040483	0.262222955968237	0.0470099595256238	0.154204592013486	0.109876976441996	0.227069705515114	0.0993948353651375	0.0375575355963306	0.23711908517771	0.115313810365766	0.132844536059729	-0.18407756206974
"R504"	"5"	"R"	2.86571428571429	10.6757142857143	5.25142857142857	8.45857142857143	2.74285714285714	2.93714285714286	1.14285714285714	0.019754174133559	-0.574328900759024	0.00875942295086295	-0.31613112286887	-0.187656688540071	-0.119394111760744	-0.275387067644117	0.0743059562920919	-0.0969470164840274	-0.0155865962442025	-0.173031201715254	0.237399134464511	-0.0676121040885464	0.143525866263926	0.00715476628243084	0.301221112439267	0.0627932228270162	0.127161470393111	0.174250928852647	0.236059141061665	0.0813548778669521	-0.0177521066175055	0.28649905223883	0.0722569951043827	0.160067633319718	-0.148736837768609	0.0319392763166925	-0.602102560850184	-0.00755995893845502	-0.345229147759368	-0.146348162040396	-0.152267159266366	-0.253931572982678	0.108396845114441	-0.0772590115060011	0.00239991049630037	-0.119817112912659	0.241923839282888	-0.0495297114317425	0.165276820832748	-0.000894050076687369	0.294117830535871	0.0480425290855016	0.158503765174533	0.120817458147853	0.228032653601982	0.0736994076572834	-0.00441301243970726	0.257658265309385	0.0646903890066699	0.123182643371905	-0.159330173729808
"R506"	"5"	"R"	3.33	13.6	5.9	10.48	3.8	3.94	1	-0.0117632234463569	-0.568381721541527	-0.00164272360059384	-0.33542866574225	-0.184595199064344	-0.150983233547242	-0.265326448956522	0.104083984725773	-0.0778309773585089	-0.0294010949454471	-0.162266300511924	0.225237618806995	-0.0582305101598794	0.123658389414028	0.00435543230140628	0.301384616306245	0.0530593370822222	0.133677559425369	0.154011257114091	0.237554035260363	0.0867729313845296	-0.0142087857339446	0.277569583241876	0.110578869883432	0.185886841974004	-0.137771572311794	0.0596548359984984	-0.529823123225704	-0.0320764221557011	-0.463785684625064	-0.247990001408639	-0.131113152052748	-0.299412164650928	0.0987604978320048	-0.0271572615816322	0.111666182976333	-0.228656027365367	0.170603476545027	-0.0249299773426576	0.123259154498517	0.0361730215320257	0.272742128719245	0.0283192387763252	0.234341497920929	0.216003427265828	0.183318373305574	0.135342252656704	-0.0577433959820228	0.259501171861429	0.0765564637701121	0.0942047078981494	-0.120599717668821
"R508"	"5"	"MAC"	3.08	11.2	5.85	8.58	4.34	4.46	1	0.0148845380654915	-0.548603547992075	-0.00376087354115365	-0.257408489173904	-0.140749541387336	-0.185630556892285	-0.299831421614299	0.0332059532968883	-0.100657158835912	-0.0195654595392412	-0.18746377089822	0.222505969554324	-0.0666557208538075	0.15915775176563	0.0156417177373939	0.35944095510947	0.0801578279513443	0.169379417589671	0.197903583947482	0.234374760323545	0.0866511977227623	-0.0185443120380365	0.274356072779497	0.0345507877715284	0.129523548926756	-0.182863229775516	-0.028374202789614	-0.655306595578711	0.0141479821526378	-0.265672793506956	-0.0940753096041587	-0.156218385158472	-0.244286895778216	0.034903153044412	-0.0744290687744187	-0.0194841538618848	-0.186632323587601	0.209888218709581	-0.0699204044906752	0.142420761179547	0.0158880204072786	0.362422371713183	0.087013666690738	0.165299246024728	0.201335032775393	0.211919495991222	0.0739043308213595	0.0111099420971191	0.211224464279126	0.0854467592773702	0.0942047078981494	-0.126728019931139
"R510"	"5"	"R"	3.375	12.755	7.525	10.12	2.85	4.11	1	-0.00858116725999078	-0.564160349888735	0.0108113974640408	-0.325669003882414	-0.206716115913021	-0.126198178921441	-0.276217129899717	0.051740308600841	-0.0872655652672705	-0.0379117318733867	-0.168812049045936	0.229286549464435	-0.0503417575185021	0.126631468725407	0.0216098573326783	0.316125352536865	0.069046453192183	0.132833272173097	0.157920348349357	0.239401812207624	0.108869959021448	0.0121533780352657	0.258341738712935	0.106849748083589	0.171334030831795	-0.161082625261146	-0.0682101415926945	-0.597445127740263	0.0231178495108732	-0.321802345375662	-0.10405805870181	-0.14062191077247	-0.224712437324431	0.0713821817927125	-0.0313219452876704	-0.0677307906672164	-0.199654903353784	0.191778850947392	-0.0585282588008842	0.110824022800114	-0.0235396973284114	0.380295983005478	0.0542726638664146	0.145680833580472	0.193904021326097	0.284215424596129	0.0613665374452061	-0.0308771965053594	0.268622064060947	0.115749500482016	0.108742306180146	-0.141449426143344
"R602"	"6"	"R"	3.28375	10.3525	5.33875	7.2875	3.3825	3.79875	1	0.0201799494246479	-0.566972639540202	-0.00788438805311636	-0.351896956575806	-0.209537690252543	-0.137411556369121	-0.269856493227318	0.0939112626294088	-0.0884604540731835	-0.0112373307167418	-0.145906306720297	0.236650432890837	-0.0567330211078667	0.14497071294595	0.000343000964206878	0.299833625550346	0.0597787075374928	0.139134316602629	0.155474314914328	0.211832019868228	0.0811602179816689	-0.0144184775598018	0.257007163686289	0.0813525551257661	0.204434998925691	-0.125747964851492	0.0145999299507361	-0.659667714130313	-0.00195104551425649	-0.337722796798494	-0.178377570969366	-0.150982682552569	-0.237107377812701	0.12459449163039	-0.067258362932399	0.0132942821219127	-0.0616041501965655	0.23174255103245	-0.0245938737803776	0.137631571497659	0.0111487490202169	0.253189848807074	0.0388778092511265	0.17872844789233	0.0668814100677061	0.21343317065185	0.0684262080297814	0.0111849814138448	0.225967586543381	0.143848721718402	0.144990688342718	-0.159274873284537
"R603"	"6"	"R"	3.633	12.766	6.395	9.111	2.502	3.073	1	-0.0298522449242662	-0.58115339110679	0.0186316285582528	-0.321740444468255	-0.19046547554809	-0.13131092829564	-0.276028351888968	0.0803761696171255	-0.058716230678662	-0.0295248631282933	-0.170341338813832	0.225014093480638	-0.0599052129369617	0.144845612689061	0.0019807182405283	0.293552636678893	0.0643861244023553	0.144995883919371	0.145855809431642	0.224788640320739	0.0909599950833494	-0.0114575350941409	0.269052031562319	0.104803571408447	0.194442547512333	-0.143189446021156	0.0979856149320807	-0.529823123225704	-0.0316204919551063	-0.505739310461478	-0.266698451156794	-0.25396059048577	-0.308761341927039	0.134585935707297	-0.0267898321030952	0.111666182976333	-0.214437814158172	0.180932575681793	-0.0207126405499466	0.123259154498517	-0.0331978281663211	0.311564969825554	0.0194777346556764	0.238942310847633	0.219599781801323	0.153834183604426	0.0240567847685033	0.101646882437258	0.242664052454414	-0.0579552448443113	0.247987428200112	-0.0493205656112261
"R604"	"6"	"R"	2.81	12.86	6.095	9.03833333333333	3.28833333333333	3.71333333333333	1.33333333333333	0.0288451895142165	-0.598973425879117	-0.0088504046060764	-0.386503153902732	-0.178331608544539	-0.152192203703044	-0.240231044448378	0.13454055969996	-0.0827051893999963	0.00359011531420796	-0.101377311936848	0.224335640920909	-0.0488033277752416	0.178321411803626	0.00273195148313343	0.280132565572728	0.0430860022293775	0.14638587759416	0.108363265597429	0.211311642723075	0.0855363682322183	0.00582489998052869	0.220601853766664	0.098972670008019	0.171134255888039	-0.145746600132321	0.0195623478383548	-0.537368211924165	0.0057134042373671	-0.459524487755969	-0.247990001408639	-0.212574732789229	-0.31005987739377	0.095446813501753	-0.0271572615816322	0.102062887553774	-0.214437814158172	0.170603476545027	-0.00782202781054908	0.135919852918479	-0.0331978281663211	0.290312359934973	0.0187044432300274	0.232386838315558	0.219599781801323	0.186463345946135	0.0395699915014377	0.0147332230044431	0.288233678858523	0.00477726973423861	0.233144832066944	-0.0428690269210862
"R605"	"6"	"R"	2.402	11.961	5.405	8.689	3.089	3.817	1	-0.00860046874600052	-0.582717635829526	0.00533915982122717	-0.347798214707007	-0.169411768724096	-0.151738191354707	-0.270745761262037	0.0958277875647052	-0.0842682136346392	-0.0134585440264712	-0.129896272843513	0.226447540694391	-0.0464966709304509	0.162885715563956	-0.00204886160512955	0.301941750198097	0.0470557104591435	0.128160951595438	0.128121931028976	0.228905870137585	0.0921148092506937	-0.00550962482247196	0.26059261714092	0.0884852066017421	0.178243790044904	-0.131432611615732	-0.00614587726738303	-0.636531405956149	-0.0351127925161453	-0.346496307068521	-0.13439203326515	-0.116488099185624	-0.22596437419758	0.0871253734633975	-0.0890669065254938	-0.00639919383728657	-0.164299994871074	0.180932575681793	-0.0717998718556374	0.119112786233011	-0.000737437390966673	0.328883825593668	0.0660423072260901	0.141269170731496	0.186032874682356	0.230383210239073	0.0857737505948812	0.0178656668883533	0.231018271477733	0.0989320154073067	0.158652083908369	-0.0985896181905197
"R606"	"6"	"MAC"	3.83	11.31	4.03	8.81	4.36	3.36	1	0.0501552269238601	-0.623196668092264	-0.00972979504483895	-0.278476889308155	-0.122913539708991	-0.172683423644069	-0.252615497242876	0.0909970283722224	-0.0757128038085484	-0.00928953306987027	-0.134214702214468	0.254935352597447	-0.0581177126843639	0.18082901391851	-0.00746400098683351	0.334829791929479	0.0500703897151269	0.167896768756945	0.157729337161362	0.209473783679998	0.0594167887682689	-0.0303545430261252	0.2411924517838	0.0404489906970648	0.102203857338502	-0.165409672811181	0.000928397022437739	-0.676788078565235	-0.00590043068070242	-0.278748679876701	-0.0677522014882481	-0.182873716951632	-0.21912713313984	0.109427209666791	-0.0640187666660915	0.00926078124680104	-0.111897653706786	0.231821377273092	-0.0503433901669636	0.170816279999052	-0.00567099475679198	0.316008123066505	0.0448443466054283	0.148347522569297	0.119923504977933	0.237054292060376	0.0596272726260326	-0.00623020235912404	0.211621188025321	0.0887524366316579	0.0877658613482714	-0.16684734476088
"R607"	"6"	"MAC"	3.1225	10.4025	5.085	8.625	2.7775	3.31	1.25	-0.0338973062298924	-0.607754115437618	0.00576282835289698	-0.340445472891318	-0.0883816150538528	-0.201816918427305	-0.243793034764883	0.103834515365535	-0.0740958331714662	0.0226105076308318	-0.11665239823256	0.234089682537656	-0.0491799995827079	0.169559951323153	-0.0124314093242074	0.287821408150718	0.0428765815256208	0.157735441201272	0.109545197704524	0.229450749344093	0.0898624841364961	0.0223221833821505	0.235816619697936	0.106143383725459	0.134567884942095	-0.183551315904628	-0.0142050580295953	-0.534068193924588	-0.00494710421547322	-0.463785684625064	-0.247990001408639	-0.300319746588059	-0.302948738717223	0.0216517436454506	-0.067258362932399	0.102062887553774	-0.202614186106384	0.170603476545027	-0.0245938737803776	0.123259154498517	-0.0472264180735133	0.297893193023883	0.0194777346556764	0.232386838315558	0.219599781801323	0.176324905166495	0.0413910225872501	0.10897238467645	0.311233304854629	-0.0579552448443113	0.246906482643059	-0.0493205656112261
"R608"	"6"	"MAC"	3.32333333333333	9.845	5.40333333333333	7.96666666666667	2.37833333333333	2.74333333333333	1	0.0532872949230142	-0.563204864223251	-0.00419624230510112	-0.284549340094928	-0.157942475193837	-0.162099222958669	-0.296438784222997	0.0294539213889616	-0.115166767443229	0.000742568432754474	-0.174659367067412	0.242311550927926	-0.0768408039615545	0.181192068301037	0.0322819876331977	0.332934832195268	0.0823907311924969	0.175674663409692	0.182078439173073	0.233529792924001	0.0945949428146547	0.00196964410532998	0.244833358491455	-0.0294440921127926	0.13577768596624	-0.15851152229533	0.107552992563988	-0.615819676151945	0.00408150447484559	-0.304185879318779	-0.198211933693148	-0.125667636176038	-0.281984269239666	0.106999613616065	-0.106962740741655	0.0125963016289825	-0.157862766245264	0.24972092693221	-0.0800058715054207	0.192566447825469	0.0526506889754046	0.293120938311845	0.0869340712150863	0.152915339715612	0.190792451477628	0.176324905166495	0.0742195333608966	-0.010706435536753	0.201418344115568	0.0370124702625141	0.107377995241735	-0.164877316275678
"R609"	"6"	"MAC"	3.643	12.677	6.457	9.746	3.767	3.607	1.3	-0.00938048221666696	-0.636738348187839	-0.00749853964450971	-0.303754732550789	-0.10234253352062	-0.187232033320651	-0.242427395238441	0.0901116245403143	-0.0697738804957646	-0.000249807686523229	-0.114656992251955	0.223896007233167	-0.0390715307664187	0.147467291508332	0.0131114771518622	0.297864090607292	0.0535161797145937	0.171744852666566	0.105736994792242	0.24605618477262	0.0775408908610011	0.0229277236578956	0.237173700905563	0.122900970386152	0.0980721107091143	-0.194993823626535	-0.0418875560183365	-0.693330612800934	0.0126880053805805	-0.255056266276773	-0.0508927111100064	-0.159489515318889	-0.222758578113211	0.0448050409456505	-0.0419926076645651	-0.0180220665020035	-0.139555120250996	0.225861980445445	-0.0558909310543784	0.17983541948721	-0.00939878908430212	0.348354011712923	0.0579398865682072	0.168857965952186	0.136788838308483	0.229278727722509	0.061331404499807	-0.0106714917860043	0.21092029439569	0.0786523776743844	0.0827078641430281	-0.139075571255706
"R610"	"6"	"MAC"	3.84285714285714	12.3314285714286	6.35857142857143	9.63857142857143	2.57714285714286	2.74428571428571	1.57142857142857	0.00603800356627112	-0.621553414399958	0.000260357510152866	-0.302348613687002	-0.105683579388459	-0.201025380949433	-0.238837129234686	0.0926819199667679	-0.0727971490912202	-0.00664913403940341	-0.0962984667950973	0.245643274797669	-0.0367165892035619	0.167625125317669	0.00741262586353664	0.30475678105229	0.0403897759863691	0.170979956926829	0.101028943735804	0.245332714866872	0.0692063331363393	0.00596120297557047	0.238422373730424	0.111779989583998	0.0875745001841276	-0.213184422411869	0.0207447308181289	-0.527809780488472	0.0359987338744789	-0.459524487755969	-0.264327470202915	-0.25396059048577	-0.337985421040653	0.134585935707297	-0.0274970925667282	0.0996819483439074	-0.214437814158172	0.254021925221124	-0.0252230367225117	0.139635578011018	-0.045548945354377	0.264412616435015	0.0194777346556764	0.231391168160568	0.219599781801323	0.153834183604426	0.0240567847685033	-0.0650990640634601	0.299397256694273	0.00477726973423861	0.281401733157085	-0.0457966747871933
"R701"	"7"	"MAC"	3.58444444444444	13.8844444444444	6.61555555555556	11.1911111111111	2.22555555555556	2.25888888888889	1.22222222222222	0.000908090608535027	-0.569733172136861	0.00400801166537627	-0.294412658285634	-0.124478739467889	-0.195559435437503	-0.280790890301732	0.0617898494593684	-0.0904949317362909	0.00735656094792914	-0.138669646103254	0.22365033709302	-0.0600486196355117	0.180804508568003	-0.00103994388890622	0.321105213289074	0.0638567691688539	0.175810759145208	0.139866663858001	0.22297354130083	0.0940349970103781	0.00349518601607151	0.269396353635322	0.0597664744625374	0.123451885187118	-0.197047164422044	-0.0899726034548469	-0.534068193924588	-0.0316204919551063	-0.45418619696369	-0.266698451156794	-0.114517124226162	-0.266631302949552	-0.00177491881304333	-0.0267898321030952	0.100904313196711	-0.213938062302385	0.183470164102562	-0.0245938737803776	0.134378139406739	-0.0472264180735133	0.295004611665252	0.0194777346556764	0.231391168160568	0.219599781801323	0.183318373305574	0.0904064221988463	-0.0688835296885151	0.316780036060807	0.102641961934223	0.246906482643059	-0.0493205656112261
"R702"	"7"	"MAC"	3.26857142857143	12.8385714285714	6.58285714285714	10.94	3.03714285714286	3.14	1	-0.0356268283913326	-0.557561590494583	0.00416477918716085	-0.325239450871072	-0.132368312403503	-0.210132870885813	-0.250859596677603	0.0829747433429204	-0.0841849059605719	-0.0086423211319039	-0.138658464472509	0.243169377254281	-0.0542653137892292	0.151233162673566	-0.00445654726729644	0.315847480111175	0.0395632609363127	0.143578773991082	0.126875153478865	0.236484378388552	0.101780228321686	0.0129149379750701	0.267682863189526	0.101508924479447	0.160353683848494	-0.186135544832721	0.0383371287684727	-0.537368211924165	-0.0201521086803049	-0.505739310461478	-0.247990001408639	-0.25396059048577	-0.275463941393879	0.108799757187037	-0.0274970925667282	0.0996819483439074	-0.213938062302385	0.180932575681793	-0.0340611833071119	0.134378139406739	-0.045548945354377	0.292225514181411	0.0187044432300274	0.238942310847633	0.219599781801323	0.168290042022273	0.0240567847685033	0.100841763845029	0.267374740216953	-0.0579552448443113	0.281401733157085	-0.0493205656112261
"R703"	"7"	"MAC"	3.849	11.472	5.67	10.787	2.062	2.189	1.1	0.0160649177213733	-0.552111631262493	-0.0310987139405371	-0.303593733541901	-0.14194909969541	-0.239092851037377	-0.262271752259398	0.0856282814096872	-0.121795826543132	0.00620845312916815	-0.143891602684376	0.239719058993325	-0.060409092724264	0.210735220498788	-0.0109366681103402	0.327827018104778	0.0778194462156916	0.150187480052254	0.154402422295132	0.195176182214687	0.0939482504947658	-0.0221864167662127	0.23632128966931	0.0490314333971357	0.193796429561183	-0.147528495191838	0.0596548359984984	-0.613645471608825	-0.0320764221557011	-0.355584156983889	-0.148771680374446	-0.153099959702564	-0.23235900504073	0.0844812280072897	-0.0903912197474975	0.0072409797333486	-0.0883765845185095	0.222536245011103	-0.0570997882557352	0.17463817336723	0.0292611218131188	0.283881004345967	0.0550375653270947	0.184269302188534	0.100398715596655	0.241440580321847	0.0913616726215088	0.0280686392309994	0.240917725069061	0.0800177688683986	0.0724430636666814	-0.184244332779442
"R704"	"7"	"MAC"	3.33	12.1028571428571	6.08857142857143	10.2042857142857	2.68285714285714	3.06285714285714	1	-0.0354646362573273	-0.48768178062555	0.0137568548703848	-0.303650619908375	-0.11485117694397	-0.216981098077724	-0.325599011018253	0.0279016486807452	-0.10798545710269	0.00598069432367271	-0.175696509176276	0.227795459609268	-0.0646500386460858	0.156881648111316	-0.00397056605850247	0.34625568252161	0.0712621295389265	0.165399331391952	0.16436167178896	0.247074024527421	0.121764502898076	0.0041716591338037	0.305540742417627	0.0243771456723457	0.151531493689131	-0.197523795360486	-0.00082540667503548	-0.529823123225704	-0.00514359765737056	-0.463785684625064	-0.258307335495262	-0.0817783281981535	-0.31005987739377	0.0508355970136041	-0.0279328513210915	0.100904313196711	-0.202614186106384	0.181496150255778	-0.00782202781054908	0.134378139406739	0.0305530119794243	0.226206997528261	0.0234980758436215	0.239743075933281	0.222163166945386	0.186463345946135	0.135342252656704	-0.0577433959820228	0.286683636042554	0.143848721718402	0.0643009061663078	-0.207261932027233
"R705"	"7"	"R"	2.79333333333333	9.68666666666667	4.65666666666667	9.31666666666667	2.79	2.48666666666667	1	0.0662575358436625	-0.438699597491013	-0.0310987139405371	-0.247874884490218	-0.249083195134169	-0.283996967817996	-0.144517558247554	0.150176943549161	-0.0356845204827147	-0.101227208663612	-0.0556172038599935	0.260830884636703	-0.0979847431161117	0.222632431982939	0.0349589105161003	0.391821928902015	0.0254140171534176	0.237031075435154	0.0508011372158165	0.14697997141816	0.134429445528495	0.116541602832554	0.296907818976991	0.161096062238323	0.0642290660529629	-0.293934976337748	-0.0253511389737191	-0.669234733063269	0.00279475668861972	-0.264303862184079	-0.103869049682229	-0.149568802798825	-0.194755310106842	0.0700640582041068	-0.104373290464305	0.0172414831405518	-0.142772807902162	0.222101061371811	-0.0728238890142431	0.154638878435834	-0.0161650698877412	0.296426972030915	0.02977855991833	0.238942310847633	0.137501528559668	0.209032801572645	0.0926362597576156	-0.0103334743421339	0.237407850948272	0.0342967454952885	0.159991600158735	-0.149303438710479
"R706"	"7"	"R"	3.21571428571429	12.93	6.60428571428571	11.3414285714286	3.41857142857143	3.03428571428571	1	-0.0281323852133222	-0.587855622344453	-0.00264889566306455	-0.25695530420694	-0.18801864462542	-0.144274351691143	-0.291780209562984	0.00459516839745406	-0.102548944171522	-0.00613964393761754	-0.143707091259281	0.221696147100378	-0.0593681152740192	0.173760872092654	-0.00910050535925874	0.326724010405493	0.0493204439514861	0.163716083402471	0.154638931992745	0.217469600920295	0.0887161026526011	-0.0178127977956587	0.295547986452513	0.0214886864501932	0.237081326079526	-0.116412848793127	0.0398693440862241	-0.654259468354752	-0.0115307014701497	-0.24654294224784	-0.191016162859981	-0.108417114770548	-0.253653838216354	0.059887347124562	-0.0877922062595252	-0.00273690373255023	-0.1892508105283	0.221471885234668	-0.0725559083543535	0.157347523283335	0.0126337757897138	0.323155186707216	0.0744721852948141	0.14389261317141	0.187335442234245	0.196235697853768	0.0810478887111141	-0.00403739594197935	0.255617109241999	0.0383699361039697	0.154823882330553	-0.12436636443126
"R709"	"7"	"R"	2.865	10.24625	5.0725	10.0425	2.855	2.58625	1	-0.0271483636195713	-0.625928910844467	0.0148402792053804	-0.323427493859584	-0.244267616427433	-0.0979497814444017	-0.271143147722135	0.0475893103913844	-0.087913921144266	-0.0212493669820592	-0.145279348211425	0.198153806913298	-0.062576309014321	0.142053022795826	0.0115710637995379	0.2925691353282	0.0723010715456393	0.144717634321316	0.159448184520136	0.220906742624841	0.0977516651508642	-0.00832090867054168	0.24879872451576	0.0773408066150627	0.233617717401833	-0.0464539971888739	-0.077620661062303	-0.629977206744395	0.0325420876702725	-0.307395291103608	-0.149247227887393	-0.134563263046077	-0.226867167629658	0.0146281225454957	-0.115957247096249	0.0180845512377945	-0.174752597593491	0.181496150255778	-0.0639480144271838	0.147328874846025	-0.00699113902217472	0.297893193023883	0.0747532592388967	0.185519842756222	0.152043613388919	0.243715119798668	0.108568504303844	0.0153194678263881	0.265170356944143	0.0701449013954305	0.182306233172377	-0.102194462791606
"R710"	"7"	"R"	3	10.95	5.13	10.56	2.94	2.06	1	-0.0375823143155731	-0.590495858086617	0.0155820952056677	-0.299350482137643	-0.225345432078186	-0.151557953731728	-0.254856223046928	0.0153738239380365	-0.0943507923842385	0.00230622423915904	-0.136014987154157	0.177941842975328	-0.0590485817044069	0.170665859748422	0.00576489529708243	0.307361612567792	0.0639378853142417	0.177480204639085	0.144688285360978	0.242932399364483	0.098911562349693	0.00478400831063801	0.272644560687384	0.0648710768698891	0.205669046468443	-0.122312758696844	-0.000177538915712559	-0.640630124468111	0.0365011302716929	-0.25256075301743	-0.146260726885611	-0.130697490003293	-0.270247071384897	0.0389791873113485	-0.101884808608929	0.00839495959880237	-0.176044431513905	0.198256712173898	-0.067660018294219	0.138826295255345	0.0019035849104714	0.338192752378355	0.0889624662802963	0.161960602737099	0.200338606344859	0.222661743200907	0.0912734453618822	-0.00319850596553022	0.263284430698137	0.0620799187325346	0.0800109317359348	-0.142265297933926
"R803"	"8"	"SUB"	3.22	11.3	6.32	9.38166666666667	2.71166666666667	3.17666666666667	1.33333333333333	-0.0608724640982867	-0.499498696137957	0.00862489001424132	-0.323560812614847	-0.198728706271522	-0.162063211685859	-0.332620457404525	0.0300127142474557	-0.0920748506385633	-0.0376778933667971	-0.141718946497257	0.216336615786324	-0.0606282836134295	0.145776619185075	0.000961632089648196	0.345470786204066	0.0524642798044923	0.137246487109248	0.133479148824782	0.224584014127823	0.0996789367511436	-0.0365056197247111	0.335871596341259	0.072637464367687	0.255563224698017	-0.112758467497508	0.0542741317236033	-0.549685084077932	-0.00985290437515393	-0.318084005195051	-0.189124612026593	-0.149775944161123	-0.287249470105939	0.089889885245923	-0.101826366046483	-0.0046840693647717	-0.165658688663398	0.220228083788377	-0.0627681873629575	0.161644983501721	-0.00170588121948905	0.334265388783516	0.0659946093241032	0.151234842752821	0.170373951662509	0.219786507544993	0.0880213525478881	-0.0149202883714044	0.305831340604329	0.0253801203488328	0.13369072393758	-0.165280420795902
"R901"	"9"	"SUB"	3.4025	12.15	5.63375	9.38125	2.3025	2.515	1.25	0.00523914599022358	-0.556853085102768	-0.00580185893461754	-0.337320984969399	-0.131308036999333	-0.169050525406596	-0.274452667701567	0.069146522579387	-0.106775470536034	0.00293687867148723	-0.169503573749314	0.221153888753987	-0.0869298940809967	0.167465058338153	0.00868238092805155	0.33787115313682	0.0804860915336228	0.150275507662549	0.169315665320301	0.195491337007094	0.095038635554321	-0.00393270129838907	0.269890836754487	0.0632885240632395	0.146118745920855	-0.140471573435566	0.0200824529402317	-0.529823123225704	0.0365011302716929	-0.459524487755969	-0.266698451156794	-0.199808646584416	-0.299412164650928	0.113587152248959	-0.0279328513210915	0.100218147028598	-0.217126668580853	0.183470164102562	-0.0245938737803776	0.123259154498517	0.0305530119794243	0.245981595692821	0.0194777346556764	0.239743075933281	0.222163166945386	0.186463345946135	0.154604016353085	-0.0650990640634601	0.231084351093834	0.11582866894742	0.111640322454637	-0.0457966747871933
"R902"	"9"	"SUB"	2.73111111111111	10.6277777777778	5.04222222222222	9.15888888888889	2.43222222222222	3.10444444444444	1	-0.028187422881144	-0.573655385690462	0.00435536118022218	-0.350804497123701	-0.109097718188841	-0.1496315716037	-0.277854628634388	0.0243951302315606	-0.110846248113468	0.0303089734789927	-0.160272258849608	0.223021374088637	-0.0676770874735314	0.174179639410462	-0.00347233360705232	0.320485522253599	0.067807611603126	0.152642802145383	0.168394796552667	0.204352395460219	0.117961172050602	0.0306689820901611	0.248601373485349	0.0611440848401173	0.150287382876069	-0.14710744958127	-0.0150698438766519	-0.595265774263969	0.0120820429670791	-0.290987161891013	-0.114944364468427	-0.161515462834161	-0.263581540626277	0.0423544459905813	-0.122816004988607	0.0198170168556685	-0.189837023286791	0.201252901852119	-0.0892317717765294	0.162333497017835	0.00648233047252097	0.323027337889527	0.0872131740773043	0.165090463965687	0.189994549449263	0.214477172034539	0.12517572458107	0.0259554575907401	0.259822356739989	0.0556823606138445	0.114710370736058	-0.162222254821401
"R903"	"9"	"SUB"	2.8625	12.0725	5.1975	9.1975	2.385	2.925	1	-0.0243087802251614	-0.561090606967739	0.00114572676111646	-0.271121786531302	-0.155381415986575	-0.162931945067299	-0.274827120426456	0.0102861290820591	-0.10127686114944	0.00560909686044744	-0.192928681864822	0.200349743075293	-0.0771624081611183	0.16273265608442	0.00809405620110046	0.341096572120916	0.0672262374237165	0.175974121774048	0.17006472909417	0.226090283026353	0.113001670616218	0.00855823723345083	0.29846812646625	0.030966601073152	0.167884721251001	-0.166519101763801	-0.105765609751525	-0.601965812733299	0.0361846891549375	-0.33629757152336	-0.126823153555539	-0.181187169479092	-0.231730423783348	0.0385411269593424	-0.0923311013014292	-0.00326578301188168	-0.134799684925044	0.221121199586575	-0.0577920123789998	0.197502903975832	-0.0308726372499859	0.282924996622496	0.0521830181552376	0.179164454748766	0.10076088904512	0.211181485639356	0.12491731747041	0.010358656452487	0.258301884662118	0.102521230431597	0.207766824458049	-0.120599717668821
"R904"	"9"	"SUB"	1.795	7.69	3.13	5.775	4.835	6.64	1	0.014683766686338	-0.56088077440493	0.0025334647872569	-0.37926107519272	-0.145140743945529	-0.138432062758158	-0.262791546976055	0.0482939287955469	-0.104414508509398	0.0183541082085633	-0.154979133707932	0.230834539785307	-0.0732386058917993	0.177820643093773	0.00201629947851965	0.312295777827213	0.0654873109418087	0.152066700170613	0.156356368850024	0.224844090263082	0.110683106393104	0.0160781047300376	0.261348745465072	0.0319325565799688	0.12745547642859	-0.133946537098298	0.0064417709226728	-0.634209966620129	0.00819251059344384	-0.295683081580341	-0.136872511794498	-0.153823135044125	-0.253238645618944	0.0874382839585166	-0.117388723694528	0.0448820222808683	-0.12521114281494	0.216993090231544	-0.0648938032086483	0.176905068813212	-0.00401269467142821	0.275088334031799	0.0590767224400508	0.16179830141999	0.127551491211853	0.210365485539169	0.111518674941852	0.0197951634347771	0.242664052454414	0.059930877150746	0.146172299238701	-0.169480443616028
"R907"	"9"	"SUB"	4.12571428571429	10.7842857142857	4.54571428571429	9.17285714285714	2.39285714285714	2.73142857142857	1	0.041797253052728	-0.593473975156638	0.00572959373306873	-0.302176739629087	-0.223963103307197	-0.114134908662976	-0.302242553986209	0.0803859879691939	-0.100863416024493	0.00563125998867353	-0.107983281891574	0.23957465180078	-0.0428676403701073	0.139541190640829	-0.00663181180345623	0.283743137369535	0.0383759046666889	0.122864770498416	0.128714954572394	0.239864038707799	0.100494500932232	-0.0109138527484614	0.299129484269387	0.0554936021005479	0.170310116156538	-0.14639916287861	0.0747479651777549	-0.570176176529835	-0.0325679507802843	-0.237712526965893	-0.198298637891705	-0.300319746588059	-0.302948738717223	0.13965425505133	-0.0274970925667282	0.0996819483439074	-0.217126668580853	0.173198480283572	-0.0209109486352392	0.11901927558689	0.0432185000040045	0.264153557860105	0.0283192387763252	0.239743075933281	0.185024964998564	0.189288908460059	0.157497274675417	0.140922218766227	0.168642779863884	-0.0219395749988392	0.246906482643059	-0.260062223258254
"R908"	"9"	"SUB"	4.0075	12.0925	5.515	10.315	2.68625	2.515	1	-0.0227878901914869	-0.593082507507992	0.00849399164352042	-0.26670746940731	-0.103777325124754	-0.187060481231492	-0.27711698276857	0.0472155281767461	-0.079777470678667	-0.00435855975678578	-0.147557553565066	0.246036307382282	-0.0589487384411111	0.170591335899116	-0.00612120125550108	0.317691761874673	0.0586763520722851	0.174162419515732	0.135929601897174	0.242605990716991	0.0775946758977423	-0.0198161791917212	0.281243429222666	0.0484862285147661	0.134149111291768	-0.175764374985005	-0.0282568946040065	-0.671060275227511	0.0133228223124321	-0.258387756749471	-0.0665801682304584	-0.157369759553595	-0.275442637792256	0.0552450583398019	-0.071556082306293	-0.00937233951406689	-0.109425183492133	0.231491714152569	-0.0492394976550837	0.166627151874939	-0.00375325162533808	0.326017549115615	0.0493188814936589	0.167340960681549	0.117533920173355	0.228479214051303	0.0813748389603638	0.013487811392473	0.238431641678685	0.0512592452702935	0.104271611087074	-0.143758573833901
"R911"	"9"	"R"	3.3475	12.0075	5.8125	8.7825	3.8125	2.8575	1	-0.057400908108431	-0.56275927965818	0.0140037926187097	-0.363775185789111	-0.192691528127138	-0.153536389829047	-0.274424138587431	0.0489786538565772	-0.0930474301709338	-0.00453890197429409	-0.133973438344557	0.218108273671816	-0.0590234441420378	0.147657894024532	0.00897936692330215	0.275879147317905	0.056603448924042	0.148242452861768	0.123487173001559	0.229538934973832	0.115649634353718	0.030718290139551	0.274677281846948	0.104533368311003	0.21716018981225	-0.119047257906353	0.0747479651777549	-0.477033060041771	-0.0392044861505194	-0.237712526965893	-0.223920362614455	-0.25396059048577	-0.302948738717223	0.146519994086325	-0.0149151030580835	-0.0657131941200298	-0.0205430292987114	0.249963343934959	-0.0249299773426576	0.134750689547704	0.0361730215320257	0.319217544951087	0.02977855991833	0.110681287396212	0.039042402655303	0.257530036969334	0.128537058864349	0.100841763845029	0.288233678858523	0.0902856405447557	0.0354497152823559	-0.326246151625078
"R912"	"9"	"SUB"	3.465	12.135	4.99666666666667	10.4883333333333	3.64833333333333	3.11666666666667	1.16666666666667	0.0684552417835891	-0.595848112650917	-0.0304513629862765	-0.38264127868123	-0.203082075433225	-0.165846043042433	-0.245036379816327	0.143769306990686	-0.106728908436594	0.047585780471936	-0.0701187372588006	0.230358211015779	-0.0454023376065426	0.179526121004053	0.00225004830293457	0.248621500303759	0.0286355427600946	0.141300818866612	0.0724064067268192	0.208292829850918	0.0997617636034156	0.0295163273906713	0.255596104290127	0.0763235905867227	0.173714694070786	-0.160959052106558	-0.044422532399679	-0.732547888718328	0.0246324237494277	-0.311848775637766	-0.156300143061167	-0.0742277271850552	-0.212662967122284	0.0777840472672265	-0.0948189643815035	0.0434465820180843	-0.105158978277309	0.173198480283572	-0.0473300305749759	0.135919852918479	-0.0140235464057948	0.226206997528261	0.057478372797635	0.163710814468653	0.105056563528163	0.211069702692317	0.116766166989325	0.0747836870468389	0.217803177361419	0.140581147068584	0.152980457796744	-0.128076919750866
"R913"	"9"	"R"	3.14857142857143	11.4071428571429	5.39857142857143	11.2057142857143	3.59142857142857	2.74428571428571	1	0.0382668626267759	-0.591844761951286	0.00291465310180957	-0.316410257633204	-0.225045157163894	-0.126963775181597	-0.240171461560586	0.11494635799402	-0.0977449519601607	-0.0319383987618565	-0.149789002533586	0.222919508258322	-0.0722149143593276	0.152729744323759	-0.000931303617849461	0.299004874054823	0.0657880130026412	0.167929432528554	0.14275969460527	0.216991466209487	0.0945883560636676	-0.0162550020494239	0.255874903682665	0.0515749832056637	0.185704308112575	-0.142684170997261	0.0227157217158927	-0.652414197626539	0.0226391619641194	-0.343334796665827	-0.13438128461037	-0.145031946096987	-0.2044955241563	0.109137358720716	-0.104933629297199	0.0505766485623893	-0.094736891841764	0.223202725885744	-0.0670768350087132	0.195924403325517	-0.0036594964115323	0.291816417374147	0.0611910106979822	0.166719310405117	0.108366497932119	0.202725600980616	0.086773001730246	0.00954888851273844	0.183819692387383	0.0607292608227398	0.123778574898137	-0.169599674200371
"H401"	"4"	"MAC"	2.21666666666667	12.0725	7.14	8.32	3.036	3.46428571428571	1	-0.00555024008352279	-0.546004634816688	0.0118222216558302	-0.349662163535913	-0.152506893310853	-0.210675029902036	-0.25548348819877	0.0946035805433589	-0.0985011973117619	0.0234882438554693	-0.119250549216692	0.22491269498581	-0.0499441158041458	0.173143868329948	0.000542863147286456	0.283022244080062	0.0565637987009938	0.175613169920276	0.109066966839668	0.229461794159484	0.106886287197431	0.0222543423369964	0.255123415781302	0.102750196038128	0.141230930603233	-0.222908305994894	-0.0136275002945276	-0.555144011436741	0.00682811322025706	-0.346207691614965	-0.0975072446993607	-0.217737610371758	-0.245394849165299	0.0995921104360417	-0.0919546417793852	0.0227594775969498	-0.135866676267641	0.232487655952007	-0.0573041575836761	0.177115198024502	-0.0139146073959148	0.30852935407988	0.0491847834820431	0.16644326257817	0.137168734642006	0.224349873580318	0.0955946074174512	0.0157554482749553	0.247592621962779	0.0942208634845013	0.119200816461267	-0.222163930583862
"H402"	"4"	"MAC"	2.7	10.89	6.2	9.1	2.177	2.11	1.83333333333333	0.0115032900473979	-0.55895447431797	0.0111999153840463	-0.345819966442817	-0.194911710824548	-0.181271896286174	-0.248150565621556	0.095195376423477	-0.101932740478892	0.0402508041153915	-0.116014823485938	0.215076763146449	-0.0576570916087361	0.18145176936015	-0.0161088970834988	0.268294212705667	0.0496542356088476	0.163120112945569	0.124956726327138	0.216492647518538	0.1148969538645	0.031113238646177	0.256877408314127	0.0920517154001275	0.16568729955711	-0.217000303214585	-0.00082540667503548	-0.591395558283267	0.00112626047944681	-0.329790572905436	-0.118072945261264	-0.211089823267873	-0.237916552876938	0.0809118902646667	-0.0999288568807778	0.0246694442958989	-0.127987895277563	0.223910234063307	-0.0636033829396655	0.18353523573109	0.0183911082999555	0.300074979079879	0.0649250966401621	0.178678571789296	0.119526969119342	0.215313263900645	0.0969525096929692	0.0426813332110687	0.226068823159468	0.0765086632878572	0.1213442725199	-0.194007661167133
"H407"	"4"	"MED"	2.51142857142857	12.86	7.14	9.25333333333333	2.95	2.35	1	-0.0149684968888439	-0.59434476278147	-0.00169425530690548	-0.393775824412153	-0.106218701737107	-0.235012103868897	-0.209806307703078	0.108070131196914	-0.0954135196371244	0.0479902952207367	-0.0799411756830722	0.22767259643427	-0.0450154004646779	0.177310883299675	0.00898224199656338	0.273065901324294	0.0511610930317334	0.192453016586754	0.0673612445613653	0.221338708948008	0.0926685452913484	0.0691009425329472	0.208149239214383	0.107592662127393	0.124735493325414	-0.201462446608474	-0.0433068724116903	-0.64283818276967	0.0260621810139646	-0.356129999373553	-0.130361960620697	-0.134122910548801	-0.209325060512851	0.0552927130227376	-0.0975350164960035	0.0449557234212848	-0.106529922281059	0.199689359426387	-0.0574672054787982	0.166759989086776	-0.0137394337685735	0.275790079066531	0.0503755321976917	0.180753014661555	0.0944387361110089	0.221652613668739	0.120940083979951	0.0573427912450146	0.23081802202476	0.0925496754085272	0.135630916242295	-0.161694866315529
"HMAC001"	"0"	"MED"	2.7	12.135	5.9	9.66	2.96666666666667	3.74	1.28571428571429	0.00332792040070041	-0.555482452756614	0.00935555321019015	-0.345746816455078	-0.14789657286312	-0.165710923324532	-0.256914116526627	0.0775767122814479	-0.0952663822663644	-0.00836620486587077	-0.171396058841581	0.229029588289474	-0.067639913655896	0.165457927861573	0.0198649914126393	0.331657174878245	0.059925564282859	0.167656032188798	0.16002196554152	0.215752951132807	0.0789667422846528	-0.0139627771195198	0.247356401728082	0.0566067880998309	0.160293905292945	-0.154468000210562	0.0324163688959359	-0.609728432783308	0.00105109083980676	-0.319383150638795	-0.138266251564614	-0.15310084003903	-0.242475301549763	0.0657736330477375	-0.0957783184168739	0.025966783460448	-0.146965992046649	0.237264963676092	-0.0645613642751676	0.178648327961433	0.00622021725719379	0.315431432532252	0.0706048367250584	0.172140158230956	0.158287964908989	0.206949811724932	0.0849467886970839	-0.00464143821126647	0.226959350623916	0.0549610403495129	0.107560609905085	-0.170282289310964
"HMAC002"	"0"	"R"	2.115	10.74125	6.255	8.32	2.68625	2.23666666666667	1	-0.00773208541071549	-0.550505663345767	-0.00458839498451125	-0.305209655577139	-0.100301454183816	-0.212439520549293	-0.269142957231356	0.051378213935086	-0.0865949441502027	-0.00314532315568102	-0.150197235280262	0.229688489222104	-0.0636014584432295	0.167018547673567	0.00454887057301063	0.335733149609352	0.0635177513736196	0.177751964340672	0.14603461128006	0.243665329224645	0.0931454602864778	0.0110514758012461	0.275169041518221	0.0652558222549841	0.099742794652703	-0.210242829433777	-0.00502549494177033	-0.582360677670433	0.00146692537226044	-0.313608966937443	-0.084146274955664	-0.221481620855271	-0.251543696507881	0.0850502646275147	-0.086814907506659	0.00792171647930642	-0.124776077367673	0.222327394584013	-0.0577365656503239	0.183382039395802	0.00545162566699319	0.299244870073631	0.0568125102457291	0.196427030360039	0.116197582286744	0.24110865095924	0.0915983489495422	0.0264988465456745	0.258245385528014	0.0734115540823227	0.0802706388806887	-0.217921101644396
"HMAC003"	"0"	"R"	2.21666666666667	11.9166666666667	6.35333333333333	9.11	4.325	4.46	1	-0.0153843140042639	-0.55907843688336	-0.00398397240381625	-0.319529330712938	-0.122535295382775	-0.206848632955044	-0.253572891708101	0.0858279470110422	-0.103074409360095	0.00991473451377756	-0.152610138197939	0.227231880251493	-0.0637028286044159	0.159577155408056	-0.00242977658716616	0.303153336723178	0.0638091108443222	0.161579491802524	0.136242948590639	0.23695419610485	0.0999309628757316	0.0190213269449739	0.266520697323011	0.0776259549657563	0.150789906614868	-0.19542962317431	0.00950966959536809	-0.615138392975893	-0.00652002419154237	-0.344973753452886	-0.145201029131607	-0.204743116042255	-0.212413254608531	0.131316390240098	-0.0853135293667223	0.0406395982159928	-0.0986967074802283	0.219704953931974	-0.050222468501478	0.165023907813914	8.99949519564761e-05	0.268943604563868	0.0490494601780893	0.1706010175189	0.093225315554967	0.215502699223001	0.0791838299353601	0.0351673273982328	0.227915231172611	0.113457311371187	0.139393511891756	-0.195501547806133
"HMAC004"	"0"	"R"	2.51	12.0725	5.83	8.59	2.53428571428571	2.04222222222222	1	-0.000484924252132543	-0.547038117314548	0.00278346627278109	-0.293748172897836	-0.0958603266815661	-0.218421189227478	-0.278857209083645	0.0391891105004201	-0.107706891991489	0.00481996080041601	-0.158119467795682	0.231691005427352	-0.073657593380536	0.17449945131057	0.0144159280448042	0.34022135018486	0.076582104842667	0.174684159154445	0.161692987326814	0.232734091614036	0.105134558639011	0.0138512912373532	0.269952486894979	0.0596378477397425	0.0841248811639941	-0.212120788529333	-0.011235694238878	-0.59392585817814	-0.00815744049711962	-0.304150446861353	-0.0760513177670178	-0.227107424408533	-0.254702743074133	0.0772065308405222	-0.108371840802323	0.0306227073640643	-0.13544758765087	0.211789599287635	-0.061575075601594	0.168507411250868	0.00992205224589122	0.310929166159543	0.067236395173468	0.183465709839135	0.130886929341236	0.21752071257137	0.0967373046970414	0.0382778765764266	0.253650471645276	0.0824851814169775	0.0971085465290219	-0.195621165858514
"HMAC009"	"0"	"R"	2.768	12.1355555555556	5.83	9.695	3.3825	3.57666666666667	1	0.0114200596322734	-0.545248126230278	0.00364591348399882	-0.289322628408569	-0.134807184249741	-0.184379666859421	-0.260749916130368	0.0335388951215633	-0.118061688352345	0.0166844912405388	-0.164300161057515	0.230092330126279	-0.0747564945107904	0.192937063564195	0.00513841856515036	0.331362753510244	0.0745196831974122	0.189134702398035	0.146179257836708	0.216813698307566	0.108089644870292	0.0171181128747673	0.260815974941069	0.0273281799287334	0.142866491773854	-0.236059805573653	-0.00146061688997538	-0.606089869195753	-0.00225923570108769	-0.289393183988376	-0.0776781091861577	-0.19461136062969	-0.245415754813029	0.0467394790064778	-0.08615950873002	0.00323307226808016	-0.135001510710812	0.235885586627774	-0.0648748033735525	0.194319877283881	0.000706747635130772	0.332685002623519	0.058124986943965	0.17532126325291	0.138284976428074	0.229146028437949	0.0802436263245973	0.00732394302628255	0.257117897378571	0.0558879913397441	0.0783713046942987	-0.190447830052798
"HMAC103"	"1"	"L"	2.32	10.005	5.15	8.03	2.27111111111111	2.515	1.5	-0.00858325421621363	-0.537607025996224	0.000951941331811894	-0.379571132353147	-0.137197199451953	-0.215734809189369	-0.224537723179278	0.0654728265278976	-0.100821061710726	-0.00610186446170041	-0.108590314620506	0.232687170503626	-0.0637590800547766	0.197661024813417	0.00573263425459097	0.29734349585441	0.0690841614728671	0.212731018554862	0.109070251055106	0.240600050326636	0.107665946463197	0.0172737011833324	0.22293262865741	0.0832562978180725	0.128051069998468	-0.208010753581812	0.000539572922045406	-0.580757909083524	-0.000348222874396135	-0.405831538498928	-0.131353414994778	-0.20557462974674	-0.207600457668559	0.102874474399487	-0.105572946794561	0.0497172154972527	-0.0946570769179339	0.221967867329509	-0.0535407688827741	0.191372453517422	0.0018080987913071	0.274597711125297	0.058312833832687	0.183922827116851	0.082328001462094	0.208952773975264	0.110544473410689	0.0552561718449629	0.209925267984784	0.0936535782735663	0.129614639729396	-0.190150995750419
"HMAC106"	"1"	"R"	2.36	11.495	5.82857142857143	7.585	3.22	2.815	1	-0.00151457601445929	-0.528430137429355	-0.00295898413741526	-0.298679331818359	-0.112349486521682	-0.195262819047129	-0.290872130820562	0.0159771007775269	-0.102469170251154	-0.0135158831288016	-0.175311402607251	0.226792786175007	-0.0721429330434558	0.180552259414793	0.00848820307655039	0.36913828515911	0.0815046639176532	0.171577920530465	0.179956181929962	0.232714572431579	0.101071946809422	-0.00310753291388863	0.270614378802291	0.0266115738985924	0.115983308860101	-0.18436879404954	-0.00712397683300494	-0.588337682269029	-0.000247477914336142	-0.316987919150527	-0.108826495449687	-0.198485066805019	-0.255459760190505	0.079446008177091	-0.103980326258347	0.0260114898299458	-0.118808767299211	0.22628134918812	-0.0595070185599355	0.178702842325794	-0.0119215879244967	0.296086750921416	0.0581190654436224	0.180325548494767	0.118692367811598	0.223223799328156	0.111925132059768	0.0310743200974988	0.249906482270504	0.0617016316401542	0.127232362844032	-0.199043071778369
"HMAC201"	"2"	"MAC"	2.51	12.0725	7.20333333333333	8.81	2.34333333333333	1.685	1.33333333333333	-0.00398460496631358	-0.593348769827584	0.00290466106650733	-0.406919039922506	-0.139710630930461	-0.265486576477273	-0.160619169096709	0.154818439306449	-0.0780497073810319	0.114697970435681	-0.0827771983627117	0.212391551265464	-0.0459202286295657	0.191643649021501	-0.0155958298612001	0.253644777442683	0.029283264561261	0.17184187080686	0.0719360440905208	0.197619221343126	0.0855662715449266	0.0790917515906494	0.190128995564871	0.143956639410539	0.146838132399905	-0.253951484395589	-0.00320173592801878	-0.596155629773621	-0.0109374482992988	-0.316753788809199	-0.0831203819173267	-0.180573192866484	-0.229235645606706	0.0634263609512196	-0.135812464374135	0.0367802491731119	-0.178927752496599	0.170603476545027	-0.0852404484877173	0.134750689547704	0.0295653378584445	0.336156481552665	0.0861183175668545	0.186715333895718	0.161369829267664	0.234350395944911	0.120507935994514	0.0486893421186211	0.252760619201384	0.0716803996883751	0.0761538372209418	-0.18967011796805
"HMAC503"	"5"	"MAC"	2.718	9.69	6.335	7.95	2.22555555555556	1.97	2	0.025053870651172	-0.609916571689542	0.00172011339656231	-0.399255752467731	-0.162463167106296	-0.120086678154235	-0.234035766261022	0.0796532597783015	-0.110724348709429	0.0415334325027348	-0.097465968683793	0.218818562341025	-0.0481844790966144	0.168933336698188	-0.00878884288820589	0.294330141279134	0.0661052153449985	0.187158928528469	0.0990151006357145	0.195146335544887	0.099816671529483	0.0294255351123175	0.221850283869939	0.0599825264002725	0.148101317317492	-0.145723055873822	-0.0398485771775145	-0.626897627654496	0.0212682260345968	-0.385167785176525	-0.0950133648082619	-0.177894526896219	-0.216208336169728	0.0971432953679544	-0.0791483488086692	0.0290190724327158	-0.0911926625198765	0.215974065610939	-0.0458174104504253	0.175751809313241	-0.00284376562937537	0.270526872728296	0.0491603038317229	0.188245328067104	0.0874377659915043	0.220910528238619	0.0863741545997004	0.0501284438847917	0.199213969935837	0.1140822542776	0.126618045170491	-0.171821730194021
"HMAC804"	"8"	"MAC"	2.4	9.26428571428571	4.67333333333333	7.80333333333333	2.94	3.395	1	-0.0256025939659577	-0.548901743441265	0.014986083953692	-0.326295748581555	-0.157064401630704	-0.184907178679332	-0.217848432618261	0.0808117390894562	-0.140076504943797	0.0480612470123217	-0.170368307689147	0.1839693256564	-0.0921047611397689	0.174180710342152	-0.0310382413271468	0.299589040135037	0.0798501303090537	0.160604376838622	0.156850082731341	0.21986550022672	0.146872594669138	0.0450900548650582	0.262859712921433	0.0722751616137901	0.172684638730126	-0.224342485077404	-0.0103719927397489	-0.634144579972746	-0.000679896179791004	-0.338802830811827	-0.0864437837926856	-0.200263236615143	-0.201674988091911	0.102098869383269	-0.112286550527929	0.0719580349878587	-0.124620266474303	0.208356192268588	-0.0635453990191849	0.164760265725953	-0.000939426973544219	0.271575609624417	0.060215040694428	0.176774797459723	0.111778910898341	0.219762838604065	0.121111655251766	0.0626782354436865	0.204149632128162	0.0915422325198194	0.1033070648264	-0.196296428617663
"HMAC805"	"8"	"MAC"	2.865	10.86	6.335	8.19	3.8	3.97	1	0.023388539599568	-0.578060497049492	0.00973451779218193	-0.418840862936398	-0.12964021261625	-0.17804867332384	-0.238325862918959	0.127759744624838	-0.0904942680063391	0.0241391616782013	-0.104031217653713	0.237760767830982	-0.0474785684980038	0.163812973388309	0.0137163912736621	0.283085943373346	0.0600595564314586	0.170477459037817	0.114494525992208	0.226823052840987	0.0788183130211563	0.0152051976222231	0.19633066146564	0.106162250358203	0.113427624117391	-0.180276517445176	-0.0801297901470131	-0.614267669638922	0.0375154520411746	-0.356340294314608	-0.0489510207503351	-0.18756927460094	-0.213170186294808	0.076710054730884	-0.0948261708254983	0.017575095725728	-0.16611652055495	0.208858259352213	-0.0613249785882087	0.137468949417873	0.00687123997267903	0.320356725685782	0.0626365033070617	0.163704928180461	0.127141187200382	0.238206202766375	0.10438165343123	0.0435417646132957	0.220980649419302	0.11180231844346	0.104991981788985	-0.160047060361601
"HMAC806"	"8"	"MAC"	2.7	9.67	5.04142857142857	8.27	2.48666666666667	2.31	2	-0.00786113123614748	-0.60505047123226	0.0179750669592236	-0.470815418788477	-0.154489447466748	-0.165645128495136	-0.202969833160775	0.131805726140902	-0.07211812405622	0.00828675011184527	-0.0589881456913035	0.221393311537661	-0.0313328326373841	0.174434301642524	0.00879084141038542	0.273842080089019	0.0487482978393434	0.199285047774405	0.0707546005236653	0.218353264884168	0.0533025039243017	0.0109135167379781	0.18097932041542	0.126939982139012	0.147208883176238	-0.123742962541641	0.0236886819659711	-0.643039167014252	0.00605094433317347	-0.402818400443757	-0.119958598073899	-0.182970475977596	-0.176773625650265	0.146519994086325	-0.0887397608446279	0.0604681547683967	-0.0625371150035487	0.232181400333914	-0.0387464251524716	0.194765810073179	-0.00519468771624375	0.273808077163482	0.0325766282869819	0.173488900259404	0.0624019568150691	0.196298628763402	0.0649378716838691	0.020653459780233	0.189729035922627	0.0981745158952746	0.112565093433364	-0.167530897688005
"HMAC807"	"8"	"MAC"	2.5975	10.8333333333333	6.079	8.90125	1.59333333333333	2.189	2.11111111111111	-0.0518982991500056	-0.60303125278883	0.00193733441508351	-0.401969037368412	-0.139313268126026	-0.171094422875158	-0.208196876911076	0.082295970330313	-0.0647473962198013	-0.000609952233516721	-0.108535052605299	0.199746697903642	-0.0530757663297352	0.166263853082705	-0.000421809279647972	0.305306077584426	0.057076960809849	0.186764712284784	0.109379142050619	0.222902250566995	0.080712449077204	0.0181711284562514	0.203176213548678	0.129724764578141	0.173906368720157	-0.13447078952134	0.0166835613332518	-0.625883366651384	-0.0165128889802859	-0.505739310461478	-0.157436420514688	-0.157517842449121	-0.154074968388737	0.13965425505133	-0.0637253911745286	0.0605647367248694	-0.0398134220882008	0.217913079103862	-0.0207126405499466	0.191193484021402	0.00193626675165305	0.236948472077661	0.028671752962615	0.189378002586579	0.0456115334813963	0.210197736399011	0.059216325195886	0.053105876865691	0.15168183002552	0.142683876295747	0.148474461946065	-0.152498999564167
"HMAC808"	"8"	"MAC"	2.51	10.045	5.858	8.07	2.16	1.97	1.5	0.0224996605128035	-0.595630560294514	0.0117753676458323	-0.375836770743984	-0.16654333440321	-0.157161599760796	-0.217657699684583	0.107542559598525	-0.122699438962013	0.0482898918306201	-0.126046334439326	0.201776250423287	-0.0667099934273018	0.155280649755065	0.0115560321792538	0.277798101721766	0.0658322259058478	0.182992193274923	0.117053859413097	0.216258003964107	0.117542181177911	0.0483823270073009	0.222615375381595	0.0824770786870761	0.130782098700094	-0.192168125463376	-0.0183210448794093	-0.631384284609255	0.00206481826221634	-0.375846154047107	-0.112896948884732	-0.176730174957215	-0.199828701283275	0.0990876672009852	-0.0979779188874384	0.0553967216433628	-0.0967762309850787	0.203915196472679	-0.0534776058558677	0.168390052843048	0.000942888209239287	0.264084966807179	0.0560132258145345	0.180000334125252	0.093366095205874	0.211866207542285	0.0953371491343539	0.0662120408456463	0.203092625763882	0.125362388415651	0.128461648385701	-0.190354962282511
"HMED203"	"2"	"MED"	2.21666666666667	10.8033333333333	5.82666666666667	9.02666666666667	1.74666666666667	2.189	1.25	-0.0187861594485892	-0.592020092828209	-0.00322929922695647	-0.289624435502618	-0.191924858348869	-0.117369387118899	-0.296284506244607	-0.000790181978504084	-0.0636986260626725	-0.0407589698947042	-0.171038094410787	0.20302579594507	-0.0638500579209974	0.151120417767274	0.00852234077534728	0.361372887728209	0.0841383543357133	0.160077604742364	0.195662212723118	0.195471314555629	0.0725863752043279	0.00410022373023688	0.26585556274763	0.0741455662952558	0.182046755877343	-0.108750743441103	0.0204963822895548	-0.633990247170034	-0.0073239866953998	-0.262863240382219	-0.131559493758374	-0.143353144035866	-0.25456071882172	0.0310974000163098	-0.0709903571913147	-0.013594170454565	-0.167943883633834	0.21464004260362	-0.0623309543419521	0.180956677332757	0.015602912106669	0.35456531759979	0.0689181969544742	0.174986732480718	0.166033389424413	0.213978005286178	0.0694753708231729	0.030732951959735	0.243514864376341	0.0134991725459013	0.11066827846797	-0.160655497782325
"HMED209"	"2"	"L"	2.62666666666667	10.3525	5.04	8.301	1.77666666666667	2.16714285714286	2.25	-0.00614507335538938	-0.564829832809699	0.00218314152675503	-0.395179702332592	-0.116167945597845	-0.203713782103365	-0.204772168519339	0.0918031628292985	-0.101279610090788	0.0414259800537497	-0.100149793451104	0.223647251697418	-0.0599045566846508	0.202098209312129	-0.0171869338025192	0.291935712452356	0.0561565559609114	0.19174778344336	0.099721279635669	0.229557516093367	0.106785443597777	0.0181655536559555	0.212077895325134	0.0891916651241019	0.128681765455389	-0.215849517416079	-0.025051383866578	-0.614887741895131	-0.0110065682965501	-0.404992013950693	-0.096361741217759	-0.216288407608469	-0.177520776919561	0.0921847498775009	-0.0932357393120843	0.0538847963431138	-0.0819986888147139	0.208460753038972	-0.0427285909288128	0.180298474993473	0.00559031474868272	0.264966526991467	0.0487610908465489	0.20367752391703	0.0772098716361706	0.224606127402032	0.0913444591449547	0.0740927084351401	0.184188067041215	0.126855249086963	0.120809685938486	-0.1928587466314
"HS102"	"1"	"R"	2.10833333333333	11.112	5.405	7.35375	4.34	3.94	1	-0.0210269353633741	-0.510376078391503	0.0203908525684243	-0.258160029536401	-0.179687791450071	-0.159335426738071	-0.312445930030477	0.00104175408853392	-0.0477029235971886	-0.0566265805816684	-0.200231460204647	0.23761827238218	-0.0584768897488211	0.154188161560964	-0.0226309225648824	0.40641003937429	0.0677763870277749	0.141635805099724	0.194934701006411	0.23816335830264	0.0771554915912035	-0.0512791327527283	0.325797490052207	0.0243653536039111	0.15614793071344	-0.167645496411873	0.0208554491196414	-0.579247847384487	-0.0103931080767713	-0.31488368580131	-0.143451096715032	-0.155735324299143	-0.270612028495993	0.0724657435614587	-0.0720756139770302	-0.0301356031943826	-0.146450091716274	0.243999530573324	-0.0559772046615441	0.168061185341125	-0.00558177516517203	0.346924370901468	0.0581793504441174	0.153310788184903	0.150677550026719	0.225663900571534	0.0707808883920635	-0.0289969687753185	0.275076875905319	0.0519321418382647	0.128970804919956	-0.153358231517436
"L008"	"0"	"L"	2.21666666666667	10.0516666666667	4.548	7.91166666666667	3.02666666666667	2.52	1.4	0.0370313172319763	-0.532748926940504	-0.00301817946715452	-0.340123369793331	-0.152721153964354	-0.199483014761796	-0.269671500168066	0.0383085654283675	-0.0641162298136015	-0.0410712685228357	-0.120441468752412	0.260830884636703	-0.0590186610425836	0.216833144689309	0.02869679400523	0.335490372749385	0.0701445085700333	0.210677844122641	0.141441794668765	0.238079339937942	0.032905776237413	-0.0426208163361777	0.235752822557182	0.0365639732218656	0.123014179937572	-0.180736728431567	0.0266598805642404	-0.624433389062201	-0.0177559372926689	-0.377254230486597	-0.167522686971886	-0.169163960511453	-0.223352534311385	0.100834854852956	-0.114582959281848	0.0615630302791575	-0.0885485151900517	0.214922068795372	-0.0448522343768194	0.179312411455539	0.0133026936171871	0.24094456101817	0.0584649818569177	0.186866001859591	0.0959794135486094	0.214931000678868	0.0919117338039244	0.0313277682347139	0.211038334182048	0.0845299105645103	0.159257829851732	-0.144380027678629
"L009"	"0"	"L"	2.83	11.9166666666667	7.92	8.90571428571429	2.065	2.9625	2	0.017864870848605	-0.563388088909559	0.0029715187402708	-0.464947730877325	-0.117753429542137	-0.215479378432203	-0.177049506619608	0.12154999115639	-0.0937826995085582	0.0817347455948956	-0.102711443778399	0.222801447248264	-0.0481951158832306	0.201921143236145	-0.00766656425022498	0.264917147618145	0.0452184231194045	0.205837963053289	0.0872759014389252	0.229487741087479	0.0985478074309249	0.0465246614403202	0.193767369503489	0.0712956345611727	0.101512868500539	-0.202255276777013	0.0207447308181289	-0.605865877266778	0.0088355819749596	-0.45418619696369	-0.124095124742024	-0.1670833909639	-0.178079331139486	0.114898772302904	-0.096117879109763	0.0834558396915103	-0.0996333640276446	0.22038614438427	-0.0549072020189048	0.198280959503416	-0.0129727013467012	0.264153557860105	0.0523597160175537	0.185434162421941	0.10935488641162	0.209684320379259	0.0980075630978082	0.0469671427195076	0.170768410733743	0.0659588660229588	0.10573471333071	-0.162084300091502
"L010"	"0"	"L"	2.95333333333333	10.86	5.8125	8.7825	2.081	3.073	2	0.00181738269631534	-0.592816750854764	-0.0103779626265822	-0.394101549851613	-0.153157340521672	-0.217002509078273	-0.205780967234536	0.0897067080479696	-0.103934067936158	0.0416632536648867	-0.077257826358215	0.218137836839071	-0.0420339871762274	0.196976489216556	0.00673766359642447	0.260134631401187	0.056385946261934	0.197470353211007	0.0922189767204783	0.217444479976537	0.100120084755331	0.0743452882971794	0.184335416445679	0.10711089292871	0.15092668137723	-0.199069123798454	0.0325138563460435	-0.584035265531409	0.0102210465540963	-0.401395346740004	-0.151490351835418	-0.192851482934154	-0.227138504336974	0.0883018049464662	-0.105218875829129	0.0641743840760832	-0.0726527699601052	0.232243042002946	-0.0340611833071119	0.202592036162562	0.0210388667655252	0.248153250187106	0.0376871289789577	0.234341497920929	0.093524965640931	0.202739544520247	0.0904064221988463	0.0516990092202827	0.188956789424712	0.0735096180543177	0.116212609359626	-0.219472091885374
"L105"	"1"	"L"	2.36	10.005	5.93833333333333	8.34	2.092	2.37	2.2	-0.00955393908183476	-0.569959385405177	-0.00839219630881746	-0.419148384063157	-0.0910402498732315	-0.255615038216842	-0.177429263306082	0.109407022015212	-0.0983916761601927	0.0674978610026382	-0.0787258815669904	0.210946387359684	-0.0500950368912748	0.192263548751065	-0.00065117006399347	0.277303142669451	0.0510749585665293	0.222887142125547	0.0705687897858097	0.231488006047833	0.101667836593468	0.0708725703190712	0.190587492653357	0.112520720281218	0.100380335653254	-0.250463592886542	-0.0119466389997189	-0.603583470516742	-0.00193093777786777	-0.37836918508385	-0.076840883920105	-0.224126954308093	-0.18329045848395	0.0735280574946544	-0.106086238555351	0.0592118157971129	-0.107295314906003	0.204461299427512	-0.0682507659798873	0.193302892735252	0.00699474012745215	0.290312359934973	0.071605447440162	0.20450261950947	0.108663822149804	0.221886511725743	0.110888675847341	0.0840069856304299	0.181534284502457	0.0932516870929638	0.0759542685556671	-0.218384619439427
"L106"	"1"	"MED"	2.885	11.8075	6.08857142857143	9.111	3.41857142857143	3.57666666666667	1.5	-0.0127098804301088	-0.582227589692177	-0.0167052701430315	-0.375362619847161	-0.124716731123975	-0.198921570711212	-0.244377141449559	0.081742561669036	-0.106637908351309	0.0133907423272595	-0.112105032144673	0.223027487307505	-0.0471306667591739	0.158646099458116	-0.0116763640132001	0.302606141703289	0.0578931982178037	0.205325581571097	0.124670089495935	0.214324782100379	0.116417855761675	0.0413787087746419	0.21647335189277	0.048832038923978	0.160604499046846	-0.132762363584749	-0.0217225102545197	-0.622612307552265	0.000673919511366232	-0.361047142780282	-0.108165262552431	-0.17098585276238	-0.2110750395535	0.0590590104201385	-0.105213553894617	0.0298329137465798	-0.107616003430797	0.225014893324359	-0.061326218780296	0.185315485136253	-0.00108045255275478	0.273433865140059	0.0564897558677944	0.194113065112794	0.107182642322678	0.224590744100088	0.112012410272658	0.0363316860095169	0.215908317989307	0.084206931755826	0.123931995055112	-0.157253291650688
"L107"	"1"	"L"	2.81	11.6	6.095	8.5875	2.39285714285714	2.515	1	9.01193710762666e-05	-0.517330307053869	0.012211027572928	-0.332783512217008	-0.0854444336854894	-0.235241926403132	-0.243408072368097	0.0595355604016942	-0.0668676176186975	-0.0323752057810527	-0.135490436109831	0.257135974312947	-0.0692217518605556	0.233541853186401	-0.0222039798579352	0.373482147273787	0.0615886744636812	0.193253353865693	0.126385089879774	0.230774553527583	0.0964713523507653	-0.0271728192648613	0.245010381267725	0.0255809238019779	0.0808796465946579	-0.228400595650162	0.00765999506121285	-0.583490871242597	0.00115871686017425	-0.37512207076615	-0.1139734964173	-0.21406626589632	-0.21378017058775	0.0841152003993298	-0.0989393416601429	0.0372753943216484	-0.093751491361198	0.232277938901051	-0.0456993379075493	0.203322620854529	0.00737799861355779	0.292002791130888	0.0475883265174812	0.202345265326544	0.0883914440844084	0.233617396264227	0.0948831745214106	0.0333844424903075	0.204797096238162	0.0525373389901638	0.114287086037534	-0.198199180773622
"L110"	"1"	"L"	2.51	10.96	5.405	8.59	2.588	2.327	1.5	-0.0166430342527043	-0.540848277700449	-0.00824366292666614	-0.404457188383426	-0.08587529625871	-0.283996967817996	-0.203920666871578	0.11058737261262	-0.0986240503904986	0.0512014592374908	-0.0996428414731973	0.218587904627211	-0.0550880800214644	0.199313222491867	0.00462011930705395	0.287270587207246	0.0588276006600735	0.212446656622288	0.0939984780383512	0.232311504966165	0.0967573694599961	0.0547626797246586	0.196231969124412	0.0989138670821638	0.117602095604932	-0.236092820669838	-0.00997638506635767	-0.588547074658511	0.0153791383470611	-0.410807063888326	-0.115613998982119	-0.212779218293248	-0.187202155561515	0.108805528508755	-0.0950510984453587	0.0969456740717674	-0.0902549657837644	0.213464745041688	-0.0563428960314877	0.199513104607431	-0.0203753652062491	0.262109660931405	0.0445050659792524	0.180752725826923	0.0913151769350025	0.202956384486745	0.103877907279955	0.069832250721917	0.200221641910232	0.104971956208996	0.119517934625349	-0.227218673565543
"L310"	"3"	"L"	2.865	9.26428571428571	5.555	7.285	1.84714285714286	2.35	2.375	-0.0115310177700031	-0.555960869661878	0.00313649269936771	-0.402993500168715	-0.148135910793787	-0.219050288158887	-0.204989279195737	0.08900478364849	-0.11202038762118	0.0493143582923501	-0.0948093944434278	0.209683634014995	-0.056748145710872	0.187945042969206	0.00229540064685183	0.271760004984794	0.0619171687365202	0.196629826137272	0.0984476129318158	0.218620817421013	0.114939121475804	0.0705092281115831	0.202480015409616	0.120918650310786	0.145018323635032	-0.236381687901008	0.0124933788765665	-0.588275893154881	0.00494170560230431	-0.394881626995269	-0.107139515862427	-0.229082129569084	-0.183501228249592	0.117665855788334	-0.107606541087184	0.0801138422679628	-0.0994107637753329	0.215716180109943	-0.0587568711904341	0.197301414368894	-0.000910523728687813	0.265015745418626	0.0574090670226977	0.190938858806792	0.0980457201494611	0.217398581501517	0.11184853495057	0.0717741149644573	0.184444193935316	0.0952145070744742	0.0881428433567426	-0.238899450581767
"L402"	"4"	"L"	3.59777777777778	11.4071428571429	5.515	9.255	1.59333333333333	2.9625	1.8	-0.0361096304705582	-0.514615055501445	-0.00950998623739031	-0.405464245628423	-0.13951705097687	-0.169426792147173	-0.217672818094788	-0.00197653165245785	-0.07975504374422	-0.00951799416146899	-0.128106416940314	0.234508591937664	-0.0708127429452017	0.207862635569092	-0.019874565937596	0.306930130267151	0.0630572190669085	0.218368614639451	0.128253049622627	0.24725089697251	0.107796410813757	0.0198586876008996	0.25020803695569	0.067416279056597	0.152043538887955	-0.201195216952397	0.00917834427169153	-0.565641305994554	-0.00628722762201525	-0.399917869007009	-0.123417431833746	-0.217647463536446	-0.207789848370586	0.10144941637491	-0.0833053007272614	0.0274559795615748	-0.0889732973963495	0.239349296761481	-0.0506992861249404	0.204266115305596	-0.00540962514321864	0.283393460183794	0.0469546014359411	0.191548246698591	0.0981292349125758	0.229355204772922	0.0784119238183751	0.0328516912451539	0.208547613731887	0.0818198254958589	0.124660299047647	-0.208282597861872
"L404"	"4"	"MED"	2.7	11.472	5.405	9.695	2.95	2.15333333333333	1.625	0.0128507001540894	-0.54181850308245	-0.0116185589202083	-0.336804082540491	-0.151877609792753	-0.175238779732324	-0.255990950526204	0.0532389662434961	-0.0790581432747483	-0.017796285589298	-0.170423105348304	0.210970770014039	-0.0729230355798341	0.173795685379471	0.00670094378525854	0.349604870094806	0.0766230210978822	0.189468074390359	0.168701560703663	0.219275865796902	0.0761897701095959	-0.00204121503988177	0.262617979750821	0.0465660042511343	0.138207427840741	-0.169221370185762	-0.00840057166511894	-0.546507255070737	0.00732426663280215	-0.363131015732315	-0.137682521565914	-0.183678895008463	-0.242535566624612	0.0571441767937277	-0.096231207595322	0.03151116870504	-0.170950242413357	0.21360369646742	-0.0806177866142746	0.19509160873492	-0.00141141316651504	0.318550894020033	0.0764942593059036	0.182143719044993	0.160674889696971	0.199796833920036	0.106894839948497	0.0197264248319861	0.242348832895793	0.0627233411611008	0.144092221165147	-0.186974697867741
"L501"	"5"	"L"	2.775	10.75	5.52	8.854	2.168	2.37	1.83333333333333	0.00823014880224428	-0.525494700166801	0.0195225145697906	-0.375048933781125	-0.148380648458113	-0.230828649114175	-0.235231152743993	0.0910226103849734	-0.072075151095614	0.0349217113055098	-0.0756558280074038	0.242122893410929	-0.0521841972721569	0.222632431982939	-0.0185157672620242	0.277096018554989	0.034136278734837	0.206552182991437	0.0691451179603988	0.247345188257829	0.099391853372446	-0.00290911843465577	0.256668491546205	0.0690977440332436	0.114948339853383	-0.256509379425093	-0.008618536107249	-0.571115168534702	-0.00737522248712622	-0.399039735788818	-0.110982174661076	-0.223268648226933	-0.199442228479468	0.101685688002065	-0.0991798797372731	0.0524045798013833	-0.0910117449810682	0.210775917960453	-0.064922704110445	0.184685525821978	-0.0138678361823435	0.289863488108362	0.0574188366845805	0.206824617432104	0.0964569365994575	0.226474069480066	0.109955208244024	0.0445910977776221	0.202573660130366	0.0800240895883207	0.12899568508762	-0.203905521421901
"L802"	"8"	"L"	3.633	12.5614285714286	7.525	10.57	1.79	3.16	2	0.018477028014681	-0.589332872988888	-0.0120549615528737	-0.427341517799974	-0.128991215349995	-0.226700024672449	-0.16389569834607	0.136616723767874	-0.0892511734897994	0.101281794384525	-0.0701402455749436	0.217196926641074	-0.0409723204830992	0.196884357697042	-0.00893491461637914	0.269423476138191	0.0264041246272502	0.193792071357768	0.0506303147213511	0.214598766249981	0.0928170058718811	0.0627481156441288	0.182171651712833	0.100192339090225	0.143740404465165	-0.249360155509497	0.0200253582247081	-0.627475097993678	0.0117496352917432	-0.42633452459459	-0.141364169648721	-0.190844871611395	-0.186792667471852	0.131083156520199	-0.0878576040920725	0.102062887553774	-0.051837972464564	0.216614855922535	-0.0296817489211454	0.196057694334867	-0.00113583135562847	0.234549212073142	0.0276913253163835	0.178484152250786	0.0607872289543993	0.204120845371497	0.0835776507194218	0.0825704749506734	0.178681943415084	0.106804641855339	0.116156852032244	-0.207693426633151
"L803"	"8"	"L"	2.9	10.715	7.44	8.57	1.73857142857143	3.71333333333333	2.1	0.00993038044166514	-0.564999531135881	0.00260851253874078	-0.406511678709631	-0.174916277052101	-0.197331811078729	-0.203826549246398	0.093466348567607	-0.12937820664206	0.0749486039701444	-0.113181149901834	0.207513344391517	-0.0699283127810355	0.183373833881403	-0.00873688793986267	0.292296785356677	0.0675834699492158	0.174082908685214	0.118858214068469	0.19233240613099	0.123749449077847	0.0530573069695636	0.207794839285644	0.0710188059154752	0.16944251820171	-0.17324732294435	0.00534172836019047	-0.588180074215756	-0.0085285003075367	-0.463785684625064	-0.12574794513958	-0.162198604286672	-0.185006508520908	0.0946468935355068	-0.104645920778548	0.0618103220005214	-0.0786468241657285	0.219993969012963	-0.0508469051515298	0.205229073942773	-0.00718955580826182	0.271087901432468	0.0522490688450934	0.20142925848986	0.0773555833992247	0.208126218709745	0.105231355389288	0.0442880315056522	0.173117175078064	0.0785961827852616	0.147317248800233	-0.171043488287261
"L807"	"8"	"L"	2.718	10.78	7.92	8.58	2.014	2.81875	2	0.0151442335902162	-0.584955474411127	-0.0101064690780691	-0.421424138486847	-0.166596949373888	-0.194970267268489	-0.173073996819839	0.11110633275129	-0.105123052901926	0.0868332874633522	-0.0835266141541502	0.213627692625698	-0.0538418534087061	0.194169784262018	-0.00935586299207938	0.263474339523136	0.0456010749892724	0.191914151549883	0.0671737187204698	0.205916274716558	0.110436453219459	0.0539401900281503	0.195476144741952	0.0991353505408215	0.167793173467289	-0.218767523294444	0.00198549587821509	-0.601799637533016	0.00102856642067905	-0.427567898283439	-0.13868762512774	-0.217622213288274	-0.166860934027633	0.113587152248959	-0.0999760381828742	0.0902079163315666	-0.059326199875835	0.207049890502725	-0.0334689457877407	0.194240749787017	0.00203718202127789	0.234830884854847	0.0358429318385875	0.201998758514426	0.0646044419505804	0.214005430473426	0.0961878021607583	0.114221210838898	0.169266633655438	0.123148646503634	0.127366689076285	-0.24630089095077
"L809"	"8"	"L"	2.865	10.72625	6.32	8.633	1.892	2.327	3	0.00601630518008723	-0.555735926921934	0.000720661996409318	-0.440026744593091	-0.125883702821175	-0.215133707029946	-0.202627619502093	0.0967253302397828	-0.102108227011506	0.063786286490098	-0.0795448014088769	0.216513719979959	-0.0471624025681851	0.202092783704118	0.00357985878594188	0.262573261068248	0.0499466559150838	0.205871178478042	0.0801476669345099	0.220346072354498	0.101954766095471	0.075680269323934	0.201877328938906	0.110422325674457	0.113083509465427	-0.243114848768165	0.0103697007901983	-0.580900143492016	-0.00716043918449161	-0.419404753760585	-0.145653398610172	-0.200072017705855	-0.200420277148118	0.100923939524006	-0.0801139089068321	0.0701225343527005	-0.0637109780742654	0.217009107946189	-0.040824427695931	0.204431829200842	-0.0102622883958815	0.241827121172586	0.0397112467371292	0.201334102907633	0.0658385986325303	0.219878962000496	0.0977334730064367	0.0722231348307729	0.209700368159991	0.110006525686088	0.124792330689406	-0.237380342662858
"M002"	"0"	"M"	2.21666666666667	11.695	6.58285714285714	8.32	2.22333333333333	2.31	1	0.0238420142509965	-0.508900817696895	-0.0067540241592865	-0.267859031067543	-0.249083195134169	-0.116385780032265	-0.28959478406819	0.0690916006649356	-0.0812344492647726	-0.0423841909599888	-0.250502586419048	0.204384174871773	-0.0979847431161117	0.141132220246988	0.0204453540905209	0.378050047049288	0.0777971617126103	0.118429829025943	0.215442670918273	0.209697045893927	0.0583723452932993	-0.0630527475474664	0.310663964174695	0.0298145826796005	0.268590271721182	-0.152016933128297	0.0383105678402539	-0.560902101428291	-0.0144213959427842	-0.266746032334789	-0.258307335495262	-0.0817783281981535	-0.302948738717223	0.0496441151767735	-0.0740504595207516	-0.0225275822476778	-0.186705296182577	0.190430946941485	-0.0638865053715668	0.123259154498517	-0.0333182227421507	0.37115887607901	0.0653962735687675	0.145412311493047	0.216003427265828	0.215952404281059	0.0891099396524982	-0.0175876784579074	0.316780036060807	0.0274730611803596	0.208037709584161	-0.173789146983433
"M003"	"0"	"M"	1.795	10.6277777777778	4.71888888888889	6.96666666666667	4.36	3.23	1	0.0237647540353466	-0.536238349119521	0.0043219806964177	-0.296129902658953	-0.259072298605497	-0.103937173793752	-0.301370770036751	0.0789990630847727	-0.0492499749966169	-0.0738701636694817	-0.147210881883167	0.235291797416909	-0.0672694941553109	0.151324582550169	0.0012465774157998	0.324364852810542	0.0570534601080989	0.150755192390112	0.121363435835302	0.247786857505171	0.0537795430284944	-0.071840191867033	0.329031970525964	0.0373857366387533	0.23361169803192	-0.143892301287687	-0.039160497650325	-0.613029888528576	0.0251190091372143	-0.251290433422604	-0.193806943175431	-0.119978689359981	-0.297206000995354	0.0216517436454506	-0.0637536074761086	-0.0207817583615682	-0.168597894516063	0.210966449124981	-0.0567414707450958	0.140180926362991	-0.0259532727298022	0.397814594305086	0.0537712420729086	0.110681287396212	0.187250525865543	0.214702350629379	0.0705533901793583	-0.0392851180487575	0.288057952690095	0.034151306655549	0.22046756734306	-0.0857827703981611
"M004"	"0"	"M"	2.7	12.8733333333333	7.14	9.88	3.3825	2.715	1	0.0077322237262867	-0.58067208118567	-0.00343526981455237	-0.336745720960574	-0.101468829699195	-0.14073569218265	-0.259926209658482	0.0755138510175024	-0.0366980855812651	-0.0580051817989412	-0.215384579305199	0.200262997065876	-0.0460993282438353	0.126808499688326	0.0162057897331554	0.450572593695348	0.0512302081151387	0.144848723605727	0.215072823046927	0.200204558805544	0.0222405035564456	-0.0225571877146556	0.254017000996259	0.0543265741126565	0.096513753128317	-0.113821934148489	0.0979856149320807	-0.58273291786942	-0.0233913105696271	-0.237041451950692	-0.17021967435807	-0.137206542158319	-0.31005987739377	0.0819068499893384	-0.0853476096845248	4.60164533349836e-06	-0.202614186106384	0.229512482496457	-0.0876236285904508	0.163921394959923	0.0283727398559237	0.386240697772979	0.0871164232628757	0.140150262436927	0.219599781801323	0.186463345946135	0.0425151735791515	-0.0501877222623064	0.279196990272776	-0.00172870033714358	0.124469562998695	-0.179302300669211
"M202"	"2"	"M"	3.05833333333333	12.1355555555556	5.75	10.0425	2.31571428571429	2.11	1	0.00404291535635459	-0.553442678505271	0.000880830869890048	-0.286942177866744	-0.289081341047728	-0.059302007183931	-0.332176921977298	-0.000248705355586874	-0.0853729443460514	-0.0302245814889224	-0.151580703913294	0.224714775096507	-0.0588291401446538	0.143662625584156	-0.00280225850714395	0.324031181194264	0.0455931098484411	0.159712934719799	0.152097966020218	0.216797301079823	0.0769854828571734	-0.0540138451246812	0.336685181924798	-0.014689402319807	0.303557823059295	-0.0700554198296054	-0.0220970481329195	-0.65948281490764	-0.00246615779430482	-0.28476342109592	-0.226770244682258	-0.0802838424384098	-0.258243118999189	-0.00177491881304333	-0.096957386845407	-0.0186375369421149	-0.158458484532565	0.202536811433241	-0.0681008594600882	0.138678598636373	0.0162882250444625	0.318683505387866	0.0784340422034806	0.152085790351415	0.161764700946196	0.21105651655287	0.0997826662173272	0.0144369050541473	0.257399200929738	0.0567849723924409	0.219424465105528	-0.0493205656112261
"M307"	"3"	"M"	2.21666666666667	12.677	6.61555555555556	8.7825	3.56666666666667	3.11	1	-0.0112020616349309	-0.519914357057384	-0.00710990805071042	-0.223117625236737	-0.134612766196506	-0.164544822375449	-0.316840850515104	0.0267284970738512	-0.0663406859933374	-0.028314258360147	-0.262030802995962	0.214398741024302	-0.0873942754231419	0.169448030994299	-0.0166007500605281	0.36401075249129	0.0815785114458874	0.166639403050679	0.229767931034609	0.231922149905591	0.0666285299250741	-0.0348747000598842	0.33423811862791	-0.022795806640233	0.189919009836741	-0.179586004810181	-0.00360966271384398	-0.573669111563974	0.00332779110185503	-0.389378044963551	-0.189191425430594	-0.0817489426335106	-0.215575585450117	0.0460269017154596	-0.0954289390634827	-0.00319045930412992	-0.156161338480854	0.183470164102562	-0.0631375735152748	0.146542048553277	-0.0105665425003916	0.319217544951087	0.0680687506900465	0.186700642099937	0.127475947016276	0.236945282449587	0.0792410619793096	0.00656349220479217	0.313961184906884	0.076139318217296	0.141596331460187	-0.153618835828832
"M310"	"3"	"M"	2.295	12.5614285714286	7.525	10.56	3.68	3.94	1.11111111111111	0.00280404179093374	-0.555484051811818	-0.00383647867188992	-0.316665259859483	-0.203483428208785	-0.108582265172544	-0.279286136869443	0.0394153390725326	-0.0966233466884459	-0.0146050097255605	-0.191994489064918	0.209741420826766	-0.0734436304330547	0.17770932674863	-0.0134122258847494	0.333907377983084	0.0765769759081966	0.149354874175268	0.18206785043497	0.212707275889892	0.091369912380385	-0.0321077702007337	0.283591906212446	0.0140133981360603	0.225669049094354	-0.109404656062094	0.0479492624299755	-0.660431025202675	-0.00291817461106455	-0.278262182516815	-0.218434573188072	-0.0477374308564622	-0.266631302949552	0.0723369672493475	-0.085316134724615	0.0102823576470845	-0.135317351618379	0.199038786838424	-0.0594478766168008	0.184582960566634	0.0106728100775596	0.300359223878096	0.054247924447621	0.168795800021532	0.120159093325024	0.183318373305574	0.0712543046337973	-0.0095286174856509	0.262958619980303	0.0291328329622291	0.200823398814204	-0.151888046407321
"M705"	"7"	"R"	2.12666666666667	12.8385714285714	7.92	10.546	2.71166666666667	2.515	1	-0.057017777820528	-0.548671266441171	-0.0137460452977671	-0.282618695182364	-0.194074355053937	-0.142543771738638	-0.315370366886527	0.0282608476203073	-0.0394695603266795	-0.0769710045019472	-0.206823930045985	0.220814191281874	-0.0634872293178779	0.148839523199641	-0.000931193017890845	0.341370447178277	0.0695298750279631	0.16764292023523	0.178636534026403	0.23474353993931	0.0546896121616913	-0.0562542241356269	0.308779891873328	0.0182529059031313	0.279284544677807	-0.0528654133580226	-0.0137493633575541	-0.636607215698258	-0.013971528902797	-0.273743587594214	-0.194512197400218	-0.0778984757058809	-0.263823263079958	0.0414398635064792	-0.0271572615816322	-0.0616340110464575	-0.196634059249748	0.212490657798356	-0.0591164425040262	0.151450237704214	-0.0101880027991167	0.34134542498685	0.0570143334775498	0.156078203096408	0.197593506899614	0.224532167449454	0.0240567847685033	-0.0507186274744396	0.28038553119643	0.0574071706453606	0.220101962532953	-0.0841418076678716
"M801"	"8"	"M"	2.7	10.18	5.8125	9.02666666666667	2.22857142857143	2.16714285714286	1	0.0843770719634075	-0.583760123984139	0.00128430208662496	-0.246920420461442	-0.297486879455034	-0.0925818402053139	-0.352822387148359	0.0428699722727461	-0.075281771526865	-0.0157282274095472	-0.183937631823378	0.220362805968216	-0.0534887338175048	0.141960337277654	0.0349589105161003	0.387264254086941	0.10359896184728	0.119042032683431	0.202000738749805	0.14697997141816	0.0606756935210177	-0.0326609919464477	0.240548932512691	0.0151603719862082	0.235572792574214	-0.101988141686465	0.00407032230708491	-0.54660925748672	-0.00583034753631443	-0.283777838269469	-0.207306386362543	-0.128334801789728	-0.306139641312459	0.03434879185389	-0.0784973741198402	-0.0141492065871911	-0.217126668580853	0.207832544919868	-0.069897966012304	0.136277123165086	0.00342064456011817	0.365892312165135	0.0699213358789272	0.147785600489952	0.209840578819616	0.221490506114809	0.0747751128660639	-0.0204642553211327	0.308999805318464	0.0190929783153847	0.21377058417404	-0.139384497569884
"M804"	"8"	"M"	2.32	12.677	6.34714285714286	9.62166666666667	3.02666666666667	2.925	2	-0.000150800405620221	-0.596596840415928	-0.000405605356566289	-0.376134437810726	-0.200795718865707	-0.0909224711690933	-0.26675603770167	0.047106380362851	-0.0795152993496612	-0.01817706731993	-0.130343499171017	0.226367102758706	-0.0328212578089278	0.168866784228818	0.0106309085645723	0.279584840607828	0.0418934911180035	0.179368362194622	0.135319508563983	0.224022112704855	0.0821057792715461	-0.0094074513172467	0.241320683949841	0.0734581857781281	0.199517847191223	-0.107535500602884	0.0296090637243835	-0.594679621478333	-0.00237065603951343	-0.334084467492615	-0.227234071119002	-0.123739304143611	-0.284001183465202	0.0609762176271422	-0.115096319889364	0.0155212066803699	-0.151855421101983	0.221500533633611	-0.056914521910799	0.150367001582348	0.0157544912248229	0.278360918236667	0.079161273656417	0.15447510484141	0.174303797080003	0.18903267559272	0.0999940707996173	0.0166307411924056	0.261189511023826	0.0844877931259436	0.177459966016794	-0.118848799398059
"M805"	"8"	"SUB"	2.32	11.4071428571429	4.41	8.7	2.56666666666667	2.515	1	-0.0326470172506871	-0.584380062473298	-0.012553686781472	-0.399808573387881	-0.246875531974847	-0.0708327555025292	-0.273030748116856	0.0328451908210132	-0.071369312414408	-0.0538394228521717	-0.120857743247031	0.203390353488941	-0.0392628508658974	0.154621866605027	0.0111388206744954	0.288263111168729	0.0603369936549369	0.183602654810566	0.113968673522229	0.20984904430468	0.0831593476825974	-0.022040322704103	0.269037764340316	0.101174669134687	0.258955290776623	-0.0428457534136604	-0.0262745309429373	-0.640047880436381	0.0183460678100595	-0.31803302825237	-0.175039917985881	-0.109949312620605	-0.240479244950098	0.0313123201361303	-0.06672202791927	-0.00970365256983604	-0.154289298214356	0.216379191697923	-0.0555744858317128	0.154227754357388	0.000483643873529893	0.313668843872285	0.0617572053248583	0.158356210056926	0.142649333193038	0.220176857967906	0.0912441658957088	0.00602260790268887	0.257512260142511	0.0835205187238875	0.146386829604549	-0.105930430835943
"R004"	"0"	"R"	2.51142857142857	10.58	6.335	8.34	3.64833333333333	3.50166666666667	1.11111111111111	-0.00804949633820772	-0.528163292748532	-0.00427505798832325	-0.277570877281275	-0.111582480336157	-0.201660503162598	-0.277235024241357	0.0400283931596183	-0.0890792721951631	-0.00937840706244145	-0.180635793997915	0.203207015523812	-0.0767933755290484	0.143780983732783	-0.0257407859351759	0.377083380062254	0.0764476209420516	0.184996588418352	0.202968622953021	0.255939059039022	0.09232676763267	-0.00917682154446875	0.293411818136003	0.0260346120710885	0.108236456897602	-0.205120130207614	-0.00350497175141239	-0.647120745086881	0.00476885491446105	-0.276638158159755	-0.0833717111995956	-0.17507628804834	-0.230893799625831	0.0654755792681384	-0.0796652226352131	0.00634318743013681	-0.131895020033633	0.238266437612464	-0.0589593943325138	0.182370959817937	-0.00195270050416533	0.324164133429485	0.0566838572436522	0.177612958050591	0.108430658626547	0.222479576509524	0.102560432735485	0.0160920581256736	0.231267893636893	0.0446964185958972	0.0865311229253265	-0.178666117544871
"R101"	"1"	"R"	2.73111111111111	10.8033333333333	5.845	6.78666666666667	4.34	3.97	1.11111111111111	0.0140924684933218	-0.509707643378736	-0.00321668211067163	-0.240659393449	-0.160668947423845	-0.165362531559788	-0.297806064212725	0.0305627462582868	-0.0152096267935364	-0.101227208663612	-0.225838213716027	0.223395156628181	-0.065786083012366	0.143331842600233	-0.0236585020745384	0.432267888596443	0.0717659189246885	0.172667308641539	0.243008954295874	0.253411522345134	0.0166159867243905	-0.0810633594704203	0.335256824996001	0.0211664089006759	0.111443965909433	-0.178782737448935	-0.0251690579286521	-0.584009876657367	0.0115341568914724	-0.25314514086477	-0.103668165557522	-0.161708456824409	-0.29515423595898	0.0553538739578734	-0.0279328513210915	-0.0687548628466223	-0.199762795302546	0.23550936592671	-0.067534253372195	0.15013002525286	-0.0114898563058023	0.386949837116975	0.0662665093265958	0.148575007637433	0.191162252509062	0.244838199192982	0.0471232730351026	-0.0577433959820228	0.299397256694273	0.055601939022569	0.115227767290284	-0.15159651493221
"R102"	"1"	"R"	2.10833333333333	12.135	5.515	7.80333333333333	2.7125	2.04222222222222	1	8.90509749391123e-05	-0.498695092092369	-0.00023049992957239	-0.276926662257381	-0.122936451907594	-0.180591084357537	-0.31814725916043	0.0340127312530517	-0.0671091092118502	-0.0445614898009915	-0.21743578632091	0.237330185737933	-0.0660393547926192	0.142270830433508	0.00691145498265352	0.394020613414212	0.0670473076373144	0.146675160988624	0.204797069316341	0.252442552750622	0.0669630640698261	-0.0462382367996074	0.319236907656982	0.0264282083533011	0.126853606684919	-0.186167717623365	-0.00501472137730147	-0.613220364135207	0.0095311722313537	-0.246176912763162	-0.0921569661562989	-0.179202231178269	-0.286705066301079	0.0335807797460755	-0.074127386083786	-0.0217828836972373	-0.163199296321933	0.240020026591256	-0.065254740598953	0.176082103317623	0.00628712198193116	0.371248128858861	0.0690924737257436	0.159548837389203	0.174818924666326	0.221164948620798	0.0734282271864725	-0.0124287577304308	0.251345743207696	0.0278550532593276	0.101954513839829	-0.156688728278837
"R103"	"1"	"R"	2.86	12.8733333333333	6.08857142857143	8.90571428571429	2.85	2.16714285714286	1	-0.0104991632001942	-0.505523793369895	-0.00210861675638001	-0.25747123526416	-0.132133800765705	-0.196045898160308	-0.316485708498619	0.0347889024667817	-0.0376903953111939	-0.0810252148489095	-0.21016287961615	0.241663008304654	-0.0611363268832212	0.147281983600706	-0.00169987324425887	0.396730947579021	0.0713373994642875	0.168887343393536	0.202420873294187	0.242699179531761	0.0549849971308585	-0.0465573870206815	0.31524391040367	0.0412243289312731	0.127929583982719	-0.186652165143779	0.00969711475726753	-0.573476525550996	0.0129643921947547	-0.282185975008498	-0.112225498018026	-0.172510607306473	-0.274021038767313	0.0582249837284586	-0.0877447790930343	-0.00454266956165411	-0.17684536481459	0.248226496355767	-0.0840786217038735	0.186397039833875	-0.0116471016130949	0.366239645880306	0.0766532238155826	0.149836335724156	0.19582525966351	0.211342527787173	0.0667160903489261	-0.0518517866221134	0.2591787235709	0.0316546038334267	0.125527599658991	-0.167354069093427
"R104"	"1"	"R"	3.165	12.677	6.28	8.59166666666667	4.36	3.395	1	-0.00362501430691527	-0.535967838249009	-0.00145834517020475	-0.252814639523949	-0.156141716941857	-0.158614513645132	-0.307778230081006	0.032861373446611	-0.0555455622005294	-0.0549674491045813	-0.204153908089366	0.23488066164402	-0.0632666956989967	0.136744945249352	0.00448917380873222	0.396882157773738	0.0691927868821295	0.147903007492155	0.188169612308591	0.239322211688742	0.0490317311950921	-0.0609275444739092	0.315158868505552	0.0307887079893367	0.165927299788778	-0.156091080287373	0.00217672331646832	-0.642489371761119	-0.00492073497992723	-0.237712526965893	-0.13236380639215	-0.14170995404337	-0.237925734521634	0.0283071629819989	-0.048582144552029	-0.0728900691960715	-0.168713508071842	0.247074141250956	-0.0406665190041128	0.141384667534065	-0.000195270349847732	0.390867517173941	0.0581581719266505	0.140780767252594	0.176131476663218	0.24181971209694	0.0580195126141381	-0.0185975107041535	0.253550082786433	0.0807350282260484	0.0853317505646341	-0.157569563845936
"R109"	"1"	"R"	2.32	10.005	5.83166666666667	6.962	3.3825	2.515	1.11111111111111	0.00955908611869224	-0.484920795792068	-0.000636537168843731	-0.280124583408762	-0.154562140753014	-0.16526231665365	-0.308197561268922	0.0074403732476534	-0.0571924020717016	-0.0488703800365662	-0.230454208597202	0.23716737126251	-0.0807308993581655	0.16028777518235	-0.0117985015212608	0.413655662496427	0.0853169116713789	0.156145709230938	0.237319022449713	0.234277457430022	0.0499465762373252	-0.0643727395845676	0.316724606556221	0.00392469132633765	0.144706047705779	-0.169348224700625	0.0306931048921275	-0.477033060041771	0.00105257971831753	-0.294717576116707	-0.137015701820015	-0.178691204585304	-0.337985421040653	0.00830634080921858	-0.108542260837424	-0.00118736187760314	-0.203709811468247	0.254855058123896	-0.0658364980429771	0.148769725905909	-0.0100003944978166	0.401760501649773	0.0741614949033307	0.157361203649604	0.222163166945386	0.237997222766802	0.0979556629348983	-0.0299207567087945	0.324486742484123	-0.0219395749988392	0.112577335828951	-0.205560518576183
"R403"	"4"	"R"	2.94	12.8	6.61555555555556	9.49	3.59142857142857	3.09222222222222	1	-0.0113547786080875	-0.512160969393906	0.00278410105930178	-0.305684368237456	-0.0767902712703553	-0.213836855489201	-0.286814153917856	0.00889537599387359	-0.102683609786658	-0.00692704353290385	-0.192075809542589	0.228793932149341	-0.0824752298922152	0.172735111702311	0.014794390753148	0.40390090599379	0.0753569297703071	0.17342901041491	0.192531826073279	0.21993960995113	0.107201685554555	0.0052770156984214	0.270925066026075	0.0224464619817897	0.0885998537810953	-0.196808187232101	-0.0681999035617374	-0.576681239789543	0.0122092757250813	-0.325051273418093	-0.0130239293399482	-0.245971484608574	-0.225209523814133	0.0800762489010152	-0.0725628049785056	0.0320469918409888	-0.163611083339849	0.199284823069445	-0.0759879357530883	0.168423903521103	-0.0182168580266383	0.341662623138264	0.0636051954171388	0.183759758450701	0.1348571489307	0.232018649986794	0.0952540527151178	0.0310310477031211	0.250697576542145	0.101001098084659	0.0801887894837173	-0.221601146879881
"R404"	"4"	"R"	3.165	12.3314285714286	6.34714285714286	9.88	3.835	3.05	1	-0.0139912429382621	-0.52867892121588	-0.00580305927742276	-0.290269707421499	-0.0971641940822668	-0.204357737721784	-0.272678258837528	0.0472778912289838	-0.0901845388039307	0.00141828930748604	-0.190614421825833	0.220521656281446	-0.0806657482101127	0.164362650696692	-0.0139605587805728	0.363682211765243	0.0664989756464974	0.169084885640088	0.180006024129292	0.230251402571162	0.0901122228193306	-0.00351927490535119	0.300934733308829	0.0319200520940153	0.127510066851981	-0.2016933983206	0.0195623478383548	-0.566077807140073	-0.00714310691244587	-0.301889500796761	-0.0794586458584887	-0.227241562210491	-0.266209454181913	0.0805578264395161	-0.100083939581058	0.0317559807962812	-0.146838513941157	0.237580580688755	-0.0656414395529608	0.180981511572865	0.00787541511464515	0.325553643788695	0.0605341990965213	0.168649377264721	0.150246248274051	0.218141326814076	0.0888219196361384	0.011159303776429	0.262532076268168	0.0653377739557853	0.0758028938001446	-0.224508454949798
"R405"	"4"	"MAC"	2.12666666666667	10.9075	5.515	8.82	3.80333333333333	3.51111111111111	1	-0.00213956885812736	-0.535150631524731	0.000816345462225211	-0.32445471905232	-0.0887680293159335	-0.203871406777046	-0.266084490961136	0.0670619594293643	-0.101867912355345	0.0202758789314808	-0.184771227035915	0.216962921906787	-0.0792776669487572	0.168911784667936	-0.00708064789111715	0.352280643553456	0.0742433770178912	0.177581597443129	0.153018888103164	0.208866570079386	0.105459761377732	0.0152542516839069	0.296907818976991	0.0311784925528376	0.0995433524283272	-0.194897342894186	-0.00535545952017811	-0.56066380674168	0.00239057657010497	-0.323836142464339	-0.0788413197792173	-0.218944820049889	-0.256342167150449	0.0581189319955047	-0.0944020032926288	0.014659625366349	-0.134538144714681	0.23036699968047	-0.055701210079291	0.172255903703368	0.0119510150792707	0.33368085204945	0.0494761815017106	0.177245564312532	0.144621413629899	0.237813460274249	0.0833314830735011	0.0178399684916589	0.26020063788792	0.0860780878962809	0.0732089967940394	-0.224614624513954
"R406"	"4"	"MAC"	2.87	12.1355555555556	7.14	7.2875	1.8	2.42	1	0.00709961044664343	-0.532651921431955	-0.00234147159237958	-0.296618228658194	-0.107540584441523	-0.188135998843982	-0.279139959523877	0.0295873115492997	-0.100623779662425	0.0119033782004635	-0.199241831198481	0.221137247038325	-0.0730886731264995	0.163364309064626	0.000523658811079005	0.368592462133501	0.0750042043675448	0.166569095313752	0.191122118771937	0.222228051268853	0.104448831805899	0.00318063906914676	0.286195292797192	0.0342580261857259	0.0975825825448894	-0.203414370889562	-0.0162773997766708	-0.569640726611197	-0.000135919961846686	-0.317659950829614	-0.0731983283938378	-0.178655380896206	-0.243593854515227	0.0394887881833158	-0.0749362453636297	-0.0046864521844095	-0.169575170506823	0.224100260704364	-0.06752590122902	0.161295544064342	-0.00285631593439633	0.376680432215594	0.0553316272944032	0.168270417068029	0.144521111774194	0.250314073114331	0.0872337440665708	0.00571333864458547	0.279901809431481	0.0363963708026797	0.081110843114802	-0.191616714275816
"R407"	"4"	"R"	2.51	10.085	5.52	7.876	2.09	2.45833333333333	1	-0.0751318533242988	-0.54750017034821	0.00177948840497709	-0.292831583684041	-0.11361394274237	-0.17055686820962	-0.256252707825393	0.0382222618564232	-0.0418061264800301	-0.0258145736778451	-0.227683269692987	0.156557984531888	-0.0959316100199752	0.152233995635708	-0.0478085857795094	0.356816880213117	0.0922922069645885	0.196324049043253	0.212107856039291	0.245487734273814	0.124377924855115	0.0202075657536696	0.283773310956737	0.0566775593157092	0.143897308643856	-0.185824834703868	-0.0156075681084463	-0.568035136698756	-0.00014207648354099	-0.313702254584406	-0.0942076020790616	-0.194827284361226	-0.267406911772245	0.0514259665358638	-0.105598183293562	0.0176557109539414	-0.177334788969839	0.212525613001771	-0.0729408615899143	0.165148488789973	0.0112495003483241	0.320105144333689	0.0711186793154273	0.172013973699181	0.166698495870709	0.218415032460601	0.128578699272022	0.0466322628266549	0.256693806107278	0.0755196647236644	0.0988988113828481	-0.202877181680952
"R408"	"4"	"MAC"	2.486	11.495	6.61555555555556	8.77571428571428	2.258	2.189	1.33333333333333	0.0165298380342492	-0.503829968397305	0.00265020441035033	-0.307961249398114	-0.110895373256025	-0.205901149475108	-0.293632617816251	0.0309577024411676	-0.106650373260839	0.00149280333741263	-0.182110438122691	0.240247559295081	-0.0772974330011663	0.171183204994126	0.00384239552103052	0.382033674114225	0.0799878443946183	0.162544085795117	0.185529171583082	0.216820029805822	0.113336141954927	-0.00304814416121804	0.274215949442067	0.029224840294211	0.0944946901166467	-0.213763388645417	-0.0211100447588425	-0.549278419882422	-0.0169390796573831	-0.331077683382686	-0.0753418992816756	-0.227221808052061	-0.240342124374769	0.0529287870332838	-0.0903763613843489	0.000875142453157421	-0.15429732976935	0.215666514483296	-0.058493069287294	0.161347179282512	0.0141177397351418	0.32663023435329	0.0576682536716967	0.204683338256018	0.120621132372176	0.26205296487019	0.103966834123001	0.028126039641229	0.277343183979414	0.0731382679818345	0.0831827646322357	-0.217870557037642
"R409"	"4"	"R"	2.21666666666667	10.9766666666667	6.545	6.78666666666667	1.825	2.19111111111111	1	0.0377690558224409	-0.530456893429523	-0.0103626847352705	-0.318483381435012	-0.101061185090797	-0.170669457556602	-0.287811451960226	0.0295795781685352	-0.0584953164794348	-0.016360128082376	-0.21023627565413	0.235474893349788	-0.0686839251454888	0.179001539362085	0.0292880187291969	0.414094955403383	0.0755137860940215	0.169670117684625	0.221611810594663	0.19589681046505	0.0193982929154957	-0.0340476076903934	0.246857808335585	0.0332589903645582	0.106212066573943	-0.186959416604116	0.0191619893382866	-0.581879998983316	-0.0145655745923143	-0.287269407499715	-0.064844967613538	-0.200068236648386	-0.256486767518078	0.0403438606829173	-0.0905584343539386	0.00660434577188909	-0.169605037227424	0.233557084034087	-0.0711634029785443	0.188662810385919	-0.00527963263734275	0.382569351591527	0.0796877805008872	0.177829230358586	0.180997992809882	0.218467900272145	0.0749377570350199	-0.0032140835960267	0.242712461027742	0.00966102162835884	0.0750058362093631	-0.185263877997986
"R410"	"4"	"MAC"	1.795	11.8044444444444	6.61555555555556	6.84	3.8	1.74333333333333	1.11111111111111	0.00330315736824742	-0.516722976132917	0.00281610856710054	-0.291722672499648	-0.0630037053582728	-0.221714958069469	-0.283161415811064	0.049379073691784	-0.101133704142415	-0.0259440652025901	-0.210326471995918	0.238975385554771	-0.0784079987383509	0.143082687398057	0.0166347038506505	0.401581127357697	0.0868853179441949	0.16803739736959	0.20199416694016	0.236969425687329	0.0889779059394485	-0.00569898850541242	0.271192869383255	0.0344346057439781	0.0642290660529629	-0.21065604239317	-0.000180599178589693	-0.549952413048157	-0.00406196571468322	-0.332984865049681	-0.055870162265538	-0.218606528265099	-0.263241169869017	0.0641167561765575	-0.0959024333113815	0.00817841058033083	-0.167495201562707	0.227106530698176	-0.06944545410602	0.164292846235303	0.0227103932305508	0.361498730237904	0.0708403522369993	0.16780585095924	0.165772657533006	0.225514108768589	0.0802989987331037	0.0111260186266515	0.255907965306799	0.0809917591533499	0.0606666189674764	-0.209087205073165
"R411"	"4"	"MAC"	2.295	10.54	6.34714285714286	7.16	4.835	3.395	1	0.000473663821214061	-0.513232357433724	-0.0166965003176569	-0.329251183138217	-0.0843038473823786	-0.264368275399068	-0.238397827340935	0.121476528808284	-0.068229301061711	-0.00267068321526518	-0.154778694480858	0.209125300790865	-0.0553877998736804	0.132393762091179	0.00115840478018204	0.335208898298524	0.0480561859533683	0.217538177023472	0.108264160448559	0.273491501338728	0.089285014961085	0.0124560535765432	0.301741809587819	0.0724432913384519	0.068814730904992	-0.264611014079774	-0.0254192907369294	-0.553267154289992	0.00679757378503186	-0.340938117334004	-0.060025082447029	-0.21638541536104	-0.253237010210843	0.0727097983733904	-0.0693363231898853	0.0127218113972265	-0.152786154185123	0.227353977734505	-0.05935212933678	0.170496592062549	-0.00423789139949357	0.34558281953843	0.0528138112737691	0.171711343353334	0.133890405948351	0.23321838631623	0.0851278853654824	0.00824893466429868	0.266233058033404	0.0879230561421187	0.0795311471000451	-0.219376032597047
"R412"	"4"	"R"	3	11.2	6.61333333333333	8.2575	2.96666666666667	3.74	1	0.00133886614580384	-0.510751314299846	0.00441769015319731	-0.313325128490055	-0.106170550930978	-0.203025779793587	-0.267462316446995	0.0445119355233003	-0.100634529959504	0.0104885750754007	-0.176219912309034	0.232428893075285	-0.0803702836710522	0.188285499701819	-0.031077927600665	0.373286544282306	0.0706633010420653	0.156840760422589	0.190616309743912	0.217119090764902	0.102606431872829	-0.0128954315214719	0.278054779632831	0.0359232267926471	0.11423814232759	-0.218886871533291	0.00929165111760891	-0.548706794207762	0.00591961913518001	-0.30001029854226	-0.066970569058939	-0.227274700479531	-0.275463941393879	0.0542491752288531	-0.0931741164291207	0.0224396281125369	-0.158462949408871	0.243466467091622	-0.0677536716657685	0.186112336655094	0.00576022951672725	0.344661001465157	0.0637475948249261	0.17945779783335	0.162861891381002	0.220825623459322	0.103783162675618	0.0147332230044431	0.254860712088162	0.0545405621786905	0.055600387217354	-0.244494021799514
"R503"	"5"	"MAC"	2.21666666666667	12.8	6.079	7.915	3.767	3.285	1	1.82344120421794e-05	-0.598281422764793	0.000395182056800576	-0.279725990683175	-0.118722470181331	-0.152453062216639	-0.283321728659195	0.0421693078054657	-0.088222467252994	-0.0120848541259354	-0.175001104963994	0.232415553287415	-0.0647313154527845	0.14783769021374	0.0133742327745639	0.330963792586663	0.0673214010159175	0.15831033882523	0.174902291198511	0.239421064844845	0.0832474919429264	-0.00430110798736781	0.271386956276969	0.0480197216220243	0.119353296832569	-0.152291031407471	0.0383371287684727	-0.64099852819743	-0.00861120246091981	-0.261583292691985	-0.137661188618485	-0.142041691343858	-0.251212933657242	0.0632728319141431	-0.077064209391508	0.000326905242561071	-0.161357454816719	0.249286889449078	-0.0599110507432926	0.163399992463174	0.0109977775810306	0.338801201759602	0.0527250596234985	0.130816510778697	0.169769396252549	0.206928696316639	0.0696686352267186	-0.0106361605964223	0.25455185609834	0.0635601736945537	0.0997681861375574	-0.161133528788754
"R505"	"5"	"MAC"	3.12	12.135	6.34714285714286	9.14	2.7775	2.53	1	0.0187096070809987	-0.581336589859537	-0.00462562796683999	-0.299617254975247	-0.142369411798166	-0.168618186529555	-0.258893845176382	0.0780775026755853	-0.0965849926497602	0.00951372431666696	-0.152599957659969	0.221922765094627	-0.0666043032273974	0.157362692152107	-0.006376998324908	0.321881346295491	0.0591612985516429	0.154638002402967	0.149126574924803	0.226243408986905	0.103115132653631	0.00644041938302635	0.278549248357973	0.0640694252761804	0.119393275234374	-0.190577255219218	-0.0665183230336729	-0.627653297239004	0.00839172424579798	-0.280071893186468	-0.0415415038239016	-0.189861629409715	-0.256197865599727	0.0565258111954033	-0.0935733313472939	0.0151126060334968	-0.164072737336387	0.208172123666428	-0.0446888584138694	0.157734259329254	-0.045548945354377	0.284802969036952	0.0634532267133804	0.184476489956737	0.156463613374104	0.246628544454364	0.10370810574943	0.0265132061199517	0.281018540581314	0.0808949098025476	0.0991063542452031	-0.163274099759947
"R507"	"5"	"R"	2.295	11.495	5.75	7.65	3.3825	3.77	1	-0.0285677840361597	-0.547955312966154	0.00847014241247754	-0.340500538150185	-0.165402375898783	-0.170130204243367	-0.286270835125346	0.0830757764410753	-0.0984189671001886	-0.0106099577442722	-0.15812008167521	0.220930338941026	-0.0576766758514471	0.147392340325155	0.00412668061859378	0.304929720253498	0.0600295473293758	0.144962749667724	0.151188053657807	0.229013678856531	0.0935790138243817	-0.0111920467748599	0.275975360423761	0.0820399179906635	0.201087921420738	-0.131956462596835	-0.0242066167693757	-0.613032848791662	-1.5590577057008e-05	-0.330490999381999	-0.119933787245272	-0.138199391338291	-0.267946033519948	0.0639128260555142	-0.0807300117516102	0.00881311596081758	-0.146620676728114	0.215071164433853	-0.0552828983447715	0.146652381348766	-0.0163505087811415	0.308245459018885	0.0635409074906705	0.150727281420305	0.153746368056725	0.23614787486675	0.0952238318926088	0.00898518378588211	0.252669838828456	0.0765564637701121	0.145905177448829	-0.133388511148932
"R802"	"8"	"MAC"	2.35333333333333	12.15	5.405	10.546	3.089	2.174	1.125	0.00395432953882648	-0.515667046193074	0.00806983912715214	-0.413709316836751	-0.147954386823203	-0.199905730453197	-0.23576267569529	0.100759865953237	-0.113805113515161	0.0384163891305581	-0.115478855304548	0.233838013858614	-0.0627554549322538	0.178517876200255	-0.0260562851231749	0.303188826463199	0.0478236518080734	0.162900755077754	0.127159578635574	0.22057829164206	0.102811091423417	0.0144434599722748	0.258233426668309	0.0642048439809748	0.153760854192278	-0.187566228795904	-0.0301576932963506	-0.603740205334661	0.00165594964589675	-0.373210085405601	-0.11978947280506	-0.239965767999131	-0.199786438499618	0.118257732927499	-0.0888390814751665	0.0331209363585371	-0.0760397636797134	0.212284580002522	-0.0406194875690403	0.17908353168074	0.00443671807337646	0.258204091846097	0.0442423095711392	0.19263974047572	0.0839254800740087	0.227680066687581	0.0833835436282341	0.0682855289731126	0.187652828421527	0.137344963174312	0.149935107910766	-0.209985113386729
"R804"	"8"	"SUB"	2.486	11.31375	5.82666666666667	8.64	2.38	2.48666666666667	1.16666666666667	0.028453497061956	-0.612594779430394	-0.00143090123467068	-0.344205674481512	-0.158606268524548	-0.148182415467294	-0.240302896126665	0.0978161777556864	-0.0981897104066401	0.0229525590233436	-0.114143382228767	0.225971001074901	-0.0519249592882475	0.162503339645359	0.000893514307052168	0.2827060037567	0.0497485657577025	0.158519996544365	0.119338735102311	0.222597798366966	0.0964106897232421	0.0209168092326557	0.244317217952156	0.0890593094744174	0.125435897905119	-0.178060125495194	0.026303383560608	-0.645972978798009	-0.00965380662468275	-0.315208050697951	-0.135324652097464	-0.145427254792353	-0.23554872320759	0.0914481399611523	-0.0974311262916615	0.031680964499234	-0.124239824796985	0.214843882224322	-0.0512771416294144	0.160934298732058	-0.00130744156800206	0.284426770172003	0.0596074913271593	0.163560395033372	0.129326276110729	0.21683531551717	0.0946128024654609	0.0301997353696264	0.239941391325229	0.0759717221452535	0.104991371426613	-0.163292939365879
"R909"	"9"	"MAC"	3.37333333333333	10.86	4.8825	8.854	2.96666666666667	2.515	1	-0.014553756806943	-0.569642933439097	-0.00552939486700116	-0.402131551114833	-0.142187886020556	-0.172335888341289	-0.237255709452786	0.0757413337789261	-0.0710830896554411	-0.0295824020344187	-0.0954838925262917	0.221709953118999	-0.0528179578248499	0.16553311477121	0.0275999339601683	0.338061051815937	0.0502761896484029	0.182571836298967	0.0973877849983219	0.237630287301539	0.0737247859389428	-0.00710891449819873	0.216930605216829	0.09727574289227	0.152992387391205	-0.137721630550011	-0.0804746211403743	-0.663404711839605	0.0360166529051426	-0.364476072123918	-0.0827609688538106	-0.148931486769182	-0.188517748501093	0.112272747519192	-0.0289187574388192	-0.0163965288048064	-0.110904555761371	0.199213356937745	-0.0428696489469736	0.140659063081322	-0.0143864518297945	0.309519606884549	0.0389726766101833	0.176973096408842	0.0920543941249051	0.25634604407877	0.0636731035434231	-0.00945321964526728	0.192308867399557	0.154800588151927	0.125807057889026	-0.147122483879569
"R910"	"9"	"R"	2.10833333333333	11.138	5.52	7.96666666666667	3.767	3.77	1	-0.0143248857230497	-0.524905687994223	0.0123080944606376	-0.263723265992352	-0.108758577817311	-0.205090598818996	-0.303935701016768	0.0265397018462015	-0.123558863129047	-0.0042153977374361	-0.197591419954111	0.227878466945874	-0.0774242466235708	0.158010259956454	-0.00308890322263353	0.357439893432363	0.0826117196433378	0.161799099049292	0.205554917024839	0.232304453949069	0.111885233948114	-0.00901186513857923	0.300165747411717	0.0318095206723165	0.116156884997846	-0.188834580169984	0.0342587274468956	-0.599410828012594	-0.0130647035298276	-0.312109914863377	-0.0998166051128356	-0.199819285352747	-0.244559491511999	0.0916595266816117	-0.130421717232115	0.0558808736762966	-0.140571047395095	0.227204083663332	-0.055654693056255	0.152753888703924	0.0115562803586535	0.282572560843876	0.0632505567861831	0.16041095658801	0.145900184280882	0.225086377392362	0.11538768508382	0.0475531250357182	0.253437286490064	0.0902856405447557	0.0602975373916315	-0.222067004901169
