Id	ProcCoord1_fl	ProcCoord2_fl	ProcCoord3_fl	ProcCoord4_fl	ProcCoord5_fl	ProcCoord6_fl	ProcCoord7_fl	ProcCoord8_fl	ProcCoord9_fl	ProcCoord10_fl	ProcCoord11_fl	ProcCoord12_fl	ProcCoord13_fl	ProcCoord14_fl	ProcCoord15_fl	ProcCoord16_fl	ProcCoord17_fl	ProcCoord18_fl	ProcCoord19_fl	ProcCoord20_fl	ProcCoord21_fl	ProcCoord22_fl	ProcCoord23_fl	ProcCoord24_fl	ProcCoord25_fl	ProcCoord26_fl
HMAC001_1_fl	-0.007555636849333747	0.5768455101096484	-0.0013611731766476967	0.37603520267937623	-0.17029144295690393	0.12709948135666907	-0.2311535880331868	-0.07127891617264077	-0.08916706140408963	0.01709976077934472	-0.15928842750908997	-0.21733716172472656	-0.07426523622924178	-0.17630893540840026	0.019428563529499364	-0.3255175366472225	0.05173245663453076	-0.17747186536502543	0.1300991449749148	-0.2292019344989982	0.08152501600614943	0.02115659129800978	0.2348916756091791	-0.01812565126669107	0.21540570940422	0.09700545486065576
HMAC001_2_fl	-0.018375368326266697	0.5399385448990095	0.03644724743632511	0.3501273250384025	-0.10516346989051333	0.20209012341131544	-0.26295227044609143	-0.07248396794074943	-0.11772608320528068	-0.014282516293359072	-0.1541971379802011	-0.2638803404842893	-0.06057304749071073	-0.17836548392910803	0.023248166174628493	-0.30019450936265935	0.04896254322323876	-0.15802051241733878	0.13532809248823108	-0.22760573038781423	0.09638428775844865	0.0050208640626693245	0.25664614061956026	-0.08276376545695363	0.12197089963863184	0.20041996886087562
HMAC001_5_fl	0.016226019653439352	0.5608394335894227	0.005046266427241791	0.33946916382606585	-0.1758254215795953	0.1363084720801228	-0.2632410466004181	-0.06533780530058811	-0.0980596759850986	0.012259366948659863	-0.18578586503394678	-0.21402118746525609	-0.06450242951719305	-0.12745934555017208	0.02235440274571516	-0.3425455077538875	0.07710083635853349	-0.17961838159834295	0.17977213346078033	-0.22163228162185528	0.08119931512153795	-0.0030734564123169397	0.2434700481361239	-0.04293781974698051	0.1622454168128798	0.14774934900512807
HMAC001_6_fl	0.0030696832121879583	0.54825792036313	-0.0016076829862452374	0.33450042671125385	-0.11961806901346768	0.19544911508103227	-0.2530719472902546	-0.09190582585847351	-0.07695089292581216	0.004591727078590501	-0.19073986020592518	-0.23038913471933295	-0.07396314084118825	-0.1812619438375412	-0.0025123454476545515	-0.34346983977104073	0.056563577745427696	-0.18010902089715974	0.18086550667435378	-0.17836855730607173	0.0517025620250006	0.022816218679098693	0.27358801650822584	-0.05393989904791373	0.15267459254535234	0.1538288135244285
HMAC001_7_fl	0.02327490431347519	0.5515308548218586	0.008253108350276761	0.32860196402029185	-0.16858446087511858	0.16760742469352077	-0.27415173026318584	-0.08687704613478776	-0.09442819781154098	0.022162685816117862	-0.16696900347874338	-0.21952011705376423	-0.06489571420114607	-0.16389393058264504	0.036806170061008246	-0.34655848085641683	0.06526840745256432	-0.14306038066612425	0.17404495010932097	-0.22195625184929524	0.08402253051212721	0.02389366797013808	0.2281861277673214	-0.08526680498061558	0.14917290806363998	0.1733364148017238
HMAC002_1_fl	-0.033518746914373176	0.5868927811722661	0.009341027871349255	0.3151305945703138	-0.12002556557289089	0.1782753449186175	-0.2678425049533489	-0.06416270046877057	-0.04791755263331382	0.016500458848605917	-0.13339370026061198	-0.23451268401454708	-0.04895947751894217	-0.1654040054594639	0.011891310103455954	-0.31879798236895873	0.05421628099305223	-0.17986062523593657	0.1027958394653242	-0.23525243316234692	0.0695766723463142	0.00785263654035518	0.25465493909801157	-0.0932755774166835	0.14918147797597392	0.18661419207654856
HMAC002_2_fl	-0.023653615814699228	0.6091875918646761	8.306803934911219E-4	0.31542653264818993	-0.07111248435905741	0.2131190073804026	-0.22216268008149342	-0.08907011040016828	-0.07150138348759483	-0.020529986893806265	-0.1131662921792548	-0.22463585344004403	-0.0626603000553878	-0.18018725752661202	-0.02379234600599847	-0.3020477208525581	0.041527388842475074	-0.17200821861917057	0.10313289279264748	-0.24053968272728002	0.11029058048385025	-0.04561447365743615	0.25771738880327133	-0.09561149815705121	0.07455017066775074	0.2325116703808599
HMAC002_3_fl	-0.07051907238447468	0.5355771124557508	-0.005636247417782431	0.29331733241578994	-0.08022805259149866	0.23333897408220078	-0.27062574758546953	-0.02288058213796731	-0.0873443708938877	0.024845130427998637	-0.17710029269279767	-0.194375582839008	-0.0757174135552095	-0.1458192395675734	-2.929021553428196E-4	-0.35065555208973537	0.08319696190148718	-0.19255346070219678	0.16234467627312646	-0.26108627729174116	0.12166927491383403	-0.037049452622843655	0.2908323864239315	-0.07809573256827729	0.1094207997640831	0.19543733043760295
HMAC002_4_fl	0.02359839409082972	0.5252730290027595	-0.00809692852027323	0.28956526553634726	-0.08592125359628307	0.21639378559907232	-0.30915287023634574	-0.036030167515645785	-0.09021123189361181	0.00787765487875398	-0.1943934028749205	-0.25837920609980514	-0.07628869013367363	-0.15814271374197172	0.040102025469885255	-0.36644644949655364	0.07547364705610393	-0.1726248094804315	0.2005177696345636	-0.22193678791731664	0.0752176008705566	0.015765496449838774	0.2599860843241215	-0.04229707729544488	0.08916885580904706	0.20098198008039894
HMAC002_5_fl	0.024049851097748015	0.5481545749538009	-0.014631717051172125	0.2876083174332824	-0.10296057658284481	0.2151227619526716	-0.29426134456217884	-0.039731851896597246	-0.11147741934011335	-0.0016646835442644357	-0.15886307583382592	-0.23415192463786955	-0.06124134937305788	-0.17138367214301128	0.029003681643315085	-0.3316287352263425	0.06414621456857593	-0.1736643245648882	0.16841745241186848	-0.24684502222874272	0.08318975666840529	-0.011424182586948006	0.28306810522232967	-0.03446070110466969	0.09156042113095028	0.1940694435935782
HMAC002_6_fl	0.031988955337450914	0.5446146419741482	-0.019546063306800816	0.31710862462241163	-0.1355365121494128	0.21201815031487634	-0.243741870379153	-0.10305495688497067	-0.0930445862949864	-0.03453467881255572	-0.1254976914511684	-0.22320463649978894	-0.058327004297616836	-0.16882214287070801	-0.03599300019812067	-0.315495506941722	0.05447110215673715	-0.17848459970172947	0.1302627138644224	-0.23030067265637907	0.07668423019092381	0.008834255194279897	0.2945681209501144	-0.06607851333657164	0.12371160557761066	0.2374000355987097
HMAC002_7_fl	-0.03668491775531611	0.5264376033683357	0.007685956565819465	0.316832796319145	-0.09768002846707602	0.22051895501418003	-0.273313070730851	-0.013869873319134845	-0.10325804411274371	0.010531529002900492	-0.13357335144718008	-0.22675321920241231	-0.055954048315371124	-0.1665064527796826	0.004763019439006672	-0.3372812426276287	0.07121499846078455	-0.1963272040619488	0.12379453409854822	-0.25629654546304925	0.10739926666225999	-0.02242982658778444	0.29722270562899805	-0.07549712619554366	0.08838297997312133	0.2206406065326229
HMAC002_8_fl	0.02288246905711061	0.5279079719743986	-0.006653868410721228	0.3066877810716287	-0.10894716015146257	0.21072918513231906	-0.27204356932200474	-0.04222546885743325	-0.08800496454536995	0.022137161337815587	-0.1655900755023369	-0.24149480704335474	-0.06966338429657729	-0.1798828972995093	0.010709176287884002	-0.363512007271314	0.06389541700974054	-0.15649247235907768	0.1770110116999803	-0.25706521235030405	0.10113630015567812	-0.004346259139430389	0.26330260169499264	-0.036730351965631354	0.07196604632308658	0.2142873767698913
HMAC003_1_fl	-0.04129375111837728	0.5470710065753152	0.017939135681487105	0.3135731340703413	-0.10112521023141818	0.1903043816531181	-0.2431421189487558	-0.06962532923695912	-0.10038869169877679	-0.00856057307478929	-0.18706224951743788	-0.22681435461475538	-0.0779420080527977	-0.15867501601900819	-0.018567719580126856	-0.34982414395200745	0.07032885693953228	-0.14716994541781397	0.15611664156443925	-0.2325792167029227	0.10696125319872518	-0.0039048217724329502	0.2615943607516616	-0.05769534288303997	0.15658150101184437	0.2039002213749547
HMAC003_2_fl	-0.001243969914752327	0.5472925788393588	-0.0053541117193192655	0.2853274563425659	-0.12083092343831517	0.21573889342267014	-0.28584195137828744	-0.062060531066819004	-0.1273449424196026	-0.006817637664177671	-0.19184598531493158	-0.24228947416530972	-0.0635973996969762	-0.13958818259183498	0.007846961443073272	-0.30869468203014	0.08573652761666185	-0.16554252754128287	0.1794410267889656	-0.2288125198481081	0.1239067599234458	-0.01605649126027958	0.2752281723327398	-0.06000451606901789	0.12389983577729799	0.18150763363237488
HMAC003_5_fl	-0.007122385093120742	0.601307242428157	0.012199038444352807	0.3668603556713574	-0.14680012637901035	0.20032207440111102	-0.2100086239072524	-0.13784001601381188	-0.08091302246150536	-0.03645491624436445	-0.10049305043313268	-0.21458847938304165	-0.04680452589932395	-0.16959962282388613	-0.002583157534965231	-0.2613709896526343	0.04187826040985421	-0.176159979277053	0.08322133163712106	-0.2235347432497188	0.09414818082499127	-0.045249658107977375	0.2198480175698514	-0.12762140318185447	0.14343006282214105	0.22393013543371587
HMAC003_6_fl	-0.016437994880216786	0.5581036345527464	-0.02227259670552475	0.33110044159934054	-0.13837968899985548	0.21491446807880316	-0.256068821119662	-0.084536060033189	-0.0994295869077429	-0.010147374144689527	-0.11137649490548453	-0.2350622941132352	-0.06245846378068441	-0.1906381056026037	0.0038701126124694	-0.272216860724742	0.04042756518439	-0.1581720380782614	0.09931637483838666	-0.24259255580833022	0.08993042602211677	-0.026190209817138134	0.27047596964832693	-0.07078238360828733	0.20240319899348083	0.18621933769958615
HMAC003_7_fl	-0.010823469014852233	0.5416177220212239	-0.02243132772007715	0.30078526588108545	-0.10554052786527446	0.21296334721951773	-0.27280294318654874	-0.07507779870443199	-0.10729580331284494	0.012406828559133115	-0.17227291081871046	-0.217404798981123	-0.06771174559229726	-0.13938485000294934	-0.002715079876281397	-0.3236600072563683	0.08067434407117269	-0.16085296869821022	0.16311936812428088	-0.2572519449151702	0.08470819440937905	-0.0037054537670412483	0.30545696631247665	-0.07202612908658165	0.12763493446957763	0.18159078773091725
HMAC004_1_fl	-0.025855172878538862	0.517129594633083	0.011692622503989756	0.31036101660544757	-0.08314625049434876	0.23361517060420506	-0.2850071894571071	-0.02492162676504483	-0.10609855846601404	-0.003203093656569683	-0.15698758801243787	-0.2365164221146641	-0.06973597222148568	-0.1604437108267334	0.019148835571025993	-0.3510637901274125	0.06556956674245819	-0.17385657278532501	0.1571253652021818	-0.2569135935357087	0.09373513585209539	-0.0023740491738031416	0.2929862697357505	-0.05980825727566407	0.08657293592243002	0.20799533441818954
HMAC004_2_fl	0.01852260124169286	0.5500073415204587	-0.0032181147000389376	0.3155645021527611	-0.09773885921963149	0.2352292184677427	-0.2955521667270295	-0.06583793198639253	-0.09989992496508171	-0.01616024726020876	-0.0934230848593767	-0.248160280739975	-0.058578502656871305	-0.19610137905026903	8.982351910924516E-4	-0.3125145129993714	0.06248081538772631	-0.16819548536229326	0.12402766806166002	-0.2209889826855485	0.10516285413366556	-0.0218050631927433	0.2591115776338777	-0.0821732144072118	0.07820690147831477	0.23113603554305073
HMAC004_5_fl	0.008391165817451876	0.5509152366391618	-0.0024873745246545217	0.2766609245257308	-0.0965345767337236	0.21388077255031335	-0.29142409394613794	-0.027948626657146744	-0.09345242107631152	0.011029375786459362	-0.15341393856053503	-0.23142356154181148	-0.06658080398955485	-0.1802816329838397	0.02040645244191367	-0.33524849059346246	0.07627342812012661	-0.18615707815045546	0.15896784826603477	-0.24890545155297508	0.09637078361725442	-0.010812605541759363	0.2759083692090072	-0.056714506736215656	0.06757516135912862	0.22500564425600136
HMAC004_6_fl	-0.020654552542848786	0.5773470198408489	-0.0033208130236164965	0.27876074146155255	-0.0797180226543932	0.2103944917167615	-0.2578378779604345	-0.036482852178276653	-0.10536380001596655	0.0037398833481342934	-0.1799396050719369	-0.2165083222724834	-0.09190765127342229	-0.17735284535199142	0.013628547048711463	-0.3451796282063719	0.0821373025003518	-0.17455670034032114	0.16927532063690373	-0.21989996725050331	0.12357413634896895	-0.02984704977283295	0.26266344158704713	-0.06136607213010896	0.0874635744206353	0.19095130113559203
HMAC004_7_fl	0.04005595084978153	0.5537732584235424	0.009772169727348352	0.289082868953091	-0.12294503974488254	0.1952976277845977	-0.27756236514993615	-0.05124531161713217	-0.13794872570493122	-0.024186899519260827	-0.1868140847239495	-0.23999074263963266	-0.0787589185809792	-0.1673400578403449	0.039766254798809866	-0.3488672199498351	0.09431985186527692	-0.16562931264251488	0.17635088770228252	-0.20337854168815567	0.11260315670081616	-0.0048780808875868165	0.23627587332145017	-0.042973073709497815	0.09488498893891285	0.21033548533272994
HMAC004_9_fl	-0.023369538000333874	0.5330562528301952	0.004262307653658388	0.29205898368843497	-0.0950792112424172	0.2221098542412456	-0.2657595612612236	-0.028698313798527993	-0.1034779217206293	-1.3878350105046497E-4	-0.17813850554585436	-0.21754670325554648	-0.07638371156090262	-0.16547708181024243	-0.007352756782728426	-0.3484544592327089	0.07871166444006245	-0.17970980564575764	0.1844108340918189	-0.2463180129713246	0.09936128518126579	-0.013390898855393551	0.2927693898827401	-0.05479196217975673	0.09004572486454315	0.2073009304904325
HMAC005_1_fl	-0.006389269980858481	0.5383726045365029	0.003955601700852386	0.32094720787710235	-0.18642025817890545	0.17687340605006494	-0.2605729611004615	-0.07413853011993808	-0.11008117996550887	-0.014131663381291315	-0.1577040580003326	-0.21750092665519782	-0.0794276848077585	-0.17033077798602925	-0.01798673443438682	-0.31186275383780054	0.06182302069023288	-0.16844966315613155	0.14969119001687298	-0.2211859727516188	0.09156443709848754	0.01686784687142104	0.29471865305998357	-0.02063917243103115	0.21682924390178296	0.14517839498394833
HMAC006_1_fl	0.05267518820666618	0.579283018279913	0.008591026902352444	0.3583202668518273	-0.13916765270557432	0.18339516591653202	-0.21633676226975992	-0.10741174915874792	-0.12800898527446467	-0.09231879551973078	-0.14879128713107914	-0.19568377681631147	-0.0656330655334004	-0.21342509473750823	-0.012084709494987179	-0.294385210917168	0.07183273409354458	-0.1689511566722272	0.13886764566002366	-0.20625165628736247	0.1142084224211139	-0.020722775712933645	0.2251776328398072	-0.04746126154675906	0.09866981228575744	0.22561302632047647
HMAC006_2_fl	-2.4279266264572164E-4	0.5278116040893478	-0.012522616094979351	0.3481995890825144	-0.17060834771223765	0.19146603499487555	-0.2284988867462174	-0.05303620507845401	-0.0947866378711283	0.02028590438629426	-0.15973707925513936	-0.21576647722236866	-0.0853142502216434	-0.17083441884756392	-0.009931999864065844	-0.2986791841960822	0.09609792836078976	-0.22631104693792312	0.15559696180499707	-0.24043182747477063	0.127937855987565	-0.02353851113079546	0.24558669859724802	-0.06409342272104229	0.1364231656774578	0.2049279610559701
HMAC007_1_fl	-0.05379056950826977	0.5416862787585084	0.004558788980917952	0.3789697863649977	-0.11255087230317531	0.22254562218002583	-0.23989744892756418	-0.052301424431535355	-0.1163030037688395	-0.021695644288300467	-0.12004014338625035	-0.2306781904144307	-0.06332872500915644	-0.18937414834615388	-0.01837861520562806	-0.29777877938405073	0.06455527999503266	-0.16578592920032587	0.1306998719247077	-0.19768150053597555	0.14128190248246375	-0.09607135562667163	0.21974477648047352	-0.10463864884017075	0.16344875824528746	0.21280393376408305
HMAC008_2_fl	0.010647126478671887	0.5728402988602559	-0.007269547055571542	0.3189298981982473	-0.15023450650229744	0.2130218906592417	-0.26309741383359947	-0.11587514685247617	-0.08823133708582817	-0.01609286108140458	-0.09910311693515654	-0.2138431828754075	-0.05625147796741382	-0.17098997550706016	-0.00465461527064864	-0.29954028811997235	0.04361816241911254	-0.17965313354417292	0.09965470405152756	-0.2302980179115637	0.08333724218874311	0.0016939309539556156	0.27257185710846993	-0.06394522773765107	0.15901292240399056	0.18375181495800758
HMAC008_3_fl	0.027077981397430673	0.5342030925241971	-0.004945358094350746	0.28440479631972926	-0.10130650216822182	0.21379564580986182	-0.27094120862671356	-0.05033655851472005	-0.1358869440573247	-0.023266660003824047	-0.1456836173994939	-0.24341641105037398	-0.06466293753165595	-0.16651657113799537	-0.03717354999093996	-0.38140228231777545	0.08325009373476258	-0.165088246143635	0.1642104117845985	-0.24443534916578424	0.12398462195127205	0.01794590449713073	0.2562443470925658	0.01395520227670631	0.10583266190807102	0.21015743690648384
HMAC009_1_fl	0.06193114716884334	0.5386870796284403	0.02311274235633342	0.30306410774315284	-0.28046072797272853	0.09566623286690075	-0.1761430500068868	-0.01141324785695973	-0.2330157241588638	-0.12795975575893928	-0.1506888815304207	-0.17339409268890038	-0.11497018589278779	-0.3114411309019262	0.008618839257893484	-0.24269135350840024	0.09983673051612223	-0.25110927727743165	0.0850278503485521	-0.14064144782418503	0.16384147337662686	-0.1154439179839485	0.17329188167983237	0.05573959410222346	0.33961790485748433	0.3809372094599741
HMAC009_2_fl	-0.019659993316788978	0.5187516403544147	0.009038869413214367	0.30866539149599986	-0.08813799588856716	0.20851640699038015	-0.3102792124309742	-0.050276121523737664	-0.07985306480579521	0.0034276915202226975	-0.14456384625051852	-0.24232431936025742	-0.05354007835313442	-0.15136021229380064	-0.0051277862393483906	-0.32406732550089923	0.05593948757552544	-0.1889230729158905	0.1220613321082877	-0.2496314613434994	0.10599139132671807	-0.01496019889865766	0.31513894044273166	-0.05708742898334021	0.0929919564186493	0.2392690104590656
HMAC009_5_fl	0.0037466167173837994	0.5692472767862602	0.014303513679966191	0.2638690542376509	-0.12994248770659722	0.18602310506327738	-0.27733885153189514	-0.010552265573349588	-0.06138062332570987	0.029855351040318674	-0.14440295073498638	-0.24601194838652574	-0.06139890776815811	-0.175989257871256	-0.011824235336437519	-0.36087083705272965	0.06743731369772987	-0.19106519030311692	0.16454961648277197	-0.24084620640356555	0.06872939287127158	0.026600918533991953	0.29465555561130274	-0.03842102881719749	0.07286604734335797	0.18816102874624246
HMAC009_6_fl	0.028269975153815977	0.5460412890126239	-0.00583277500046344	0.284038536020607	-0.1316546117446618	0.2001804856321463	-0.27695509677872615	-0.03345934179423892	-0.0811939637225374	0.02199758970648568	-0.18630835177027977	-0.2591619555409735	-0.0743640750724365	-0.18424733001486193	0.014424532920729649	-0.3730191684744445	0.07880505569925543	-0.15119124304736098	0.19288187294128442	-0.21002451512198048	0.10472955747673465	-0.0020183336365784173	0.23080212873531283	-0.03619657616406688	0.10639575116197243	0.197060563422642
HMAC009_7_fl	0.0167885762534404	0.5431191396898726	-0.01158836627115628	0.30306565695414917	-0.11185146343809142	0.21355719774092108	-0.2843738846925546	-0.0777695624801745	-0.09476861784053194	-0.004711712680046588	-0.14570867981147	-0.24049043183870084	-0.05560313245166251	-0.1691582758768345	0.005932996425506716	-0.33180816016288595	0.06031875890836755	-0.17431474316761067	0.1285262386577362	-0.22318990434783104	0.08783386535004079	0.006053657443769879	0.2821583115078273	-0.05418379575999832	0.12233539740254858	0.2098309344853689
HMAC009_8_fl	-0.022555964183054292	0.5556423319100581	-0.007158503273901308	0.27323302399985666	-0.06679581874780115	0.2023345728629024	-0.23940940134116867	-0.017762831500919517	-0.15815813626062952	-0.022716111271274046	-0.21412825624741308	-0.21917123294231683	-0.08866258752656289	-0.16542617442649032	0.01880616436255824	-0.3557196763621068	0.0847807527874728	-0.17820468767680053	0.18402863648161394	-0.2365486548043343	0.11741218882036224	-0.002940802707180914	0.2688490316694097	-0.03381984395002123	0.12299189345911402	0.2011000868686278
HMAC010_1_fl	-0.0065329012685683	0.5596223947547673	0.002012408090319176	0.38852352062649315	-0.12858035218065664	0.2513161030095845	-0.19440415840546488	-0.09630807090002882	-0.1363051734544828	-0.08622745789202498	-0.10575264019184272	-0.19608565098488226	-0.05631456047907253	-0.18141637703603875	0.023256502673875083	-0.26302085501864697	0.061689096814733474	-0.20301753957744223	0.09170739264225103	-0.22123405373707244	0.10179607523206688	-0.07143570565478059	0.2261337685612453	-0.12972503937083463	0.12129454196559647	0.24900873178090654
HMAC010_2_fl	-0.018038444491285124	0.559995114662347	0.003055611839256546	0.4049058703292487	-0.1480257571551003	0.21119478869504932	-0.2041469735667917	-0.11323728499113972	-0.11792485790778508	-0.0848712647389537	-0.10350689996899673	-0.1986697407706205	-0.06680991744152326	-0.17357537438336446	-0.00991320829084993	-0.2794199900802642	0.06300898002944628	-0.18923177619838852	0.08999239087305715	-0.22335805353381838	0.11010280246211065	-0.011208084476630508	0.2119918966475785	-0.09540513598539223	0.19021437697088334	0.19288093147192714
HMAC011_1_fl	0.02528760218612091	0.545501334339614	-0.007951023105248915	0.29685885028862474	-0.14282269535389894	0.16523766202200635	-0.2737471459673569	-0.04168747590170478	-0.10965600173099767	-0.010140752861833406	-0.16752460706970276	-0.23448804290464723	-0.07255824432504356	-0.16328453949080657	-0.0187417614286411	-0.3442655157604166	0.06355172502912186	-0.15367620831744036	0.18330965859387124	-0.239183923263664	0.10856678094405248	0.0044438735592128836	0.2826155308625231	-0.014533383656824463	0.129670181365201	0.18921812194787968
HMAC011_2_fl	-0.06317489189007477	0.506952118885983	0.021909351616104272	0.3036063955086164	-0.08946344518504559	0.1984376198255925	-0.2624452905351669	-0.012640729336180708	-0.10070757045368436	0.012691130697201337	-0.19458634593125695	-0.24503751641530808	-0.09135815735762767	-0.17781330976057275	-0.04799940582090056	-0.36953511401983824	0.0823934720606439	-0.16051639073709265	0.20827180416294805	-0.23293480582051831	0.10834103042464438	0.02728915656063937	0.27777086780293336	-0.04771087292515096	0.1510485811064829	0.1972123175366296
HMAC011_4_fl	0.07345812106606944	0.5356710360691513	-0.052578699900546706	0.310933562309407	-0.15653415585790606	0.1722259526751831	-0.25313598646006613	-0.03850474231440393	-0.12208522369006984	-0.016206239769497185	-0.17660936329838575	-0.22312212935106154	-0.09532512300717538	-0.16492209136393143	0.00637588970901895	-0.3897935545381855	0.07753244199026328	-0.1553653515407917	0.2055581775107489	-0.20447194320596776	0.10063255027621157	-8.324819098059367E-4	0.253237735252324	-0.0037199381322389445	0.13947363640951357	0.17810792107214216
HMAC011_5_fl	0.007202972738511074	0.5510180628246556	0.024251479741075936	0.30116161804318387	-0.13125071899511326	0.17421476543036027	-0.27082705402485147	-0.05186469523051397	-0.13528579572635688	-0.03003946908022692	-0.17040702573699168	-0.19112712239388022	-0.10023168461340529	-0.15147371087197586	-0.016198150436436357	-0.37247808961311046	0.06837580653904422	-0.13768921967313869	0.23374612156282407	-0.22847099890609382	0.15284878324174977	-0.0176614289668	0.24492325918749866	-0.039100155530051195	0.092852006522451	0.19351044396759035
HMAC011_6_fl	0.0036133573803249913	0.6087596170852845	0.004306208738110953	0.29075446570132835	-0.11622637191909556	0.20602082664401491	-0.30482742599164775	-0.03955670817579962	-0.10848636104606937	-0.004343588579391511	-0.15803074428681785	-0.2560536711226636	-0.0550447717931213	-0.16598174595935544	0.050983242170039605	-0.2983609514580457	0.10201259003301422	-0.17007967556103618	0.1504208660552976	-0.19973028348122945	0.11767666273104775	-0.03994969959894322	0.20816438844405735	-0.07206448468271319	0.10543835948485877	0.14058589918855008
HMAC011_7_fl	-0.0027232081253267676	0.5889116201652469	0.020888205411015055	0.2847810347344036	-0.07939713165831207	0.19127760813431355	-0.2617449679165396	-0.03717687979873796	-0.09521866621000814	-0.004188292119798695	-0.16207128778622562	-0.20508889831954713	-0.050841502913276146	-0.24772129943675308	-0.007866075324582042	-0.3729580918872327	0.07805896034328486	-0.16819965494737193	0.15204018101936614	-0.20945764035811015	0.09840873560519321	0.009073321135893674	0.22776119081064386	-0.029884222336363186	0.08270556674476695	0.20063139503405605
HMAC011_8_fl	-0.012651776420070579	0.5574354281292702	0.011174357260782714	0.2989765686765559	-0.18689903869949845	0.17956190689103596	-0.2674975314312548	-0.05258126353634347	-0.08002041463500068	0.025061548156215554	-0.14022807743957164	-0.21049170663559552	-0.04785151805861328	-0.1624003973757195	0.0017385416573145393	-0.31696521308744724	0.06090992168989191	-0.1760809805702541	0.12628009085000486	-0.24402280988610292	0.11066177060870681	-0.021112218217322964	0.27942446808458843	-0.07729309455693814	0.14495920653272104	0.19991223201264569
HMAC011_9_fl	-0.02533856899791169	0.5880036740321393	-0.013268266200827453	0.30019622694576187	-0.0804136966318373	0.22503347983053848	-0.23157421299529823	-0.04916336684717784	-0.09183785975205676	-0.014595076410371194	-0.13952633027199515	-0.2158029769145469	-0.061163743297155626	-0.17268605751074478	-0.02273217863939749	-0.34270673606312185	0.06669533259281694	-0.1707413804665916	0.145152135660371	-0.2431943703044525	0.1083947363886575	-0.02758982707336364	0.25539864125774964	-0.07112717188214313	0.09021401088688444	0.19437358266407345
HMAC011_10_fl	0.016840686986585238	0.5646900390853543	-0.007699444571791975	0.2685049767602152	-0.11157942058888254	0.17637461258461928	-0.26730068113549305	-0.04662798252667458	-0.09017409987368101	-0.012904937325226148	-0.1744447611891694	-0.22744442107959584	-0.07889866390559207	-0.16591376500772637	-0.012450186971004543	-0.362114012391527	0.06978860161516204	-0.18283472010138324	0.16340627773109415	-0.2342432794202306	0.08004294143078283	0.027420199107762742	0.2843538563065411	-6.315118247184337E-4	0.12811489416544897	0.1957248021391302
HS001_2_fl	0.045990534082305023	0.6081851060578904	-0.037112908782288	0.37264028225338863	-0.18257450644981557	0.13243295637680963	-0.21632472727329483	-0.10224986727859597	-0.09057202196114214	-0.003737383273280298	-0.13801091963566048	-0.2389249359788512	-0.06458144743007906	-0.16205662902005502	-0.002107110534646857	-0.29475592251986493	0.0657164619521978	-0.14856379473315057	0.1434694731296186	-0.22060062748821183	0.09556531473158564	0.013856197887941723	0.21010801192875772	-0.07535040209954275	0.17043384624246288	0.11912501981552201
HS001_3_fl	0.011423941435010888	0.5575241776792711	0.008768113225920027	0.4448575906494236	-0.20146938822118826	0.10217185150678548	-0.2303014308215634	-0.060709789166160266	-0.0924774820020649	0.017261582103380826	-0.15842806586303063	-0.2545519805444935	-0.05651547515662672	-0.15458282388905586	0.023903858826836856	-0.32596835468664165	0.07698386032639452	-0.15496300735202298	0.16971257130739056	-0.20061538419652836	0.06131337077202891	0.036339903149149526	0.18809156779657377	-0.09293856435607589	0.19899455837431893	0.08617479910296925
L001_1_fl	0.006942142856124246	0.5268968104286772	-0.0019695471056464867	0.3338803024248897	-0.09387752069663191	0.2704718817770397	-0.21294477558133715	-0.08985124479319789	-0.1567863918501882	-0.07010358968046568	-0.15370663492403377	-0.2168148419731374	-0.08346591938502568	-0.1900107314316219	-0.0038167942150520336	-0.30066779395247173	0.07375840856181376	-0.1958553180354961	0.13750950941775966	-0.2241478058659622	0.14530857995955068	-0.04437295383439249	0.24733674646498838	-0.05952935036615334	0.09571219649767856	0.2601046353022931
L001_2_fl	-0.002007615093175416	0.5344201631177137	-0.003250955694811722	0.3507225462916028	-0.0899515273383516	0.2516188609755562	-0.23554964407212997	-0.08515847458700658	-0.1297274801964726	-0.06633977323637326	-0.14144634280887572	-0.22377724686486822	-0.09420982491803837	-0.1938028373513373	-0.014915782783913256	-0.28798531643820496	0.07683182363829602	-0.18471710540518105	0.14726491485593265	-0.22177833496691063	0.12418068264348546	-0.041941243129863234	0.2523114278519089	-0.05692412091761147	0.1104703239161449	0.22566288251248348
L001_3_fl	0.009478041946850646	0.5359695879026595	0.014861458845400258	0.36983461472691515	-0.10379517797965605	0.25366958350941426	-0.22696319328566628	-0.09424492058715073	-0.10852886590364681	-0.06629453743457904	-0.09817413952452136	-0.23389767453000695	-0.060941544754900455	-0.21415288599015816	0.01040634911271374	-0.27121587202081615	0.043012150715608544	-0.2130520512092143	0.08003620974417418	-0.2355516812390154	0.09886526974757358	-0.028728544187842275	0.24609412835527797	-0.07254094435364371	0.0956493129807926	0.2702053254134369
L001_4_fl	-0.014880879354494489	0.5652015013723214	0.004473112985032716	0.38405631039318217	-0.12563136433791483	0.24668791317990707	-0.18428045765883652	-0.10437218323570573	-0.07892700774462022	-0.07269670787593507	-0.09673017126199394	-0.2170605826474791	-0.06172719733392701	-0.19346999245558705	-0.013160997470994942	-0.2588317837478686	0.0465294663796469	-0.21330403024454925	0.07865269260212233	-0.23192445332873018	0.10725186512854065	-0.08336818511639468	0.20863573624015325	-0.09956188311879259	0.1297952018272856	0.27864407682563297
L002_1_fl	0.021480076950723875	0.5880942363823072	0.007851829914455322	0.4308327686921814	-0.12210621465198987	0.22403195288853903	-0.17858370588897282	-0.13239776812831675	-0.09492843116124282	-0.07337036263439463	-0.0726168682742007	-0.2239420169732803	-0.04541489406868528	-0.20577489643610136	0.01389893143128423	-0.26503367848865195	0.04039778986094932	-0.2122268630017588	0.0642175314042901	-0.2204508867740851	0.06694051650704529	-0.035796554463039254	0.1812682118928972	-0.09759002200376792	0.11759522608344629	0.22362409094036892
L002_2_fl	0.017221730866372506	0.5544105253630116	0.012194892134765212	0.3796460861288877	-0.12595444265515954	0.2401246243872156	-0.21424743363923235	-0.10787896767524809	-0.09042275568143027	-0.05057551613731565	-0.07472733667503732	-0.22848156606459785	-0.05264739841174031	-0.21861046992723865	-0.0010553544284509428	-0.2885938834530213	0.04188195307876811	-0.21134814115289915	0.07164398866092707	-0.22377595087986135	0.09501558095768524	-0.023293883040389794	0.21287305277955484	-0.081734349134574	0.10822352301297747	0.26011149158603003
L003_1_fl	-0.014806702083152212	0.619940686062463	-0.020000720492647055	0.32818500409344253	-0.1289242309258321	0.19293551634401654	-0.23451301251724962	-0.06358343541073269	-0.14409611116802862	-0.025415038536166633	-0.15959113018553442	-0.20116419287863552	-0.07885853601576995	-0.1573123674528389	0.027590291402777384	-0.2768808096776953	0.11136258127125613	-0.18212337641816612	0.15507666353389632	-0.20109602019775638	0.14495231974861342	-0.08067769740861055	0.1919639066458451	-0.096436443166586	0.14984468078582544	0.14362817464726665
L004_2_fl	-0.04860224054928805	0.5590165887381615	-0.017158897125643183	0.40192661248616013	-0.1019667995055579	0.24592629393417287	-0.16673290405886074	-0.07299159574155631	-0.08910565922727115	9.240976177409266E-4	-0.11759420990813657	-0.20433735842384532	-0.05814864461846187	-0.17282857964898157	0.018586451335348066	-0.28555221702175637	0.060854461759995704	-0.24026169994180552	0.08981720092254783	-0.25668929816117664	0.08722380972407888	-0.06478051605183328	0.2224468097772331	-0.12750487707411537	0.12038062147401515	0.21715254928883518
L005_1_fl	0.02122968971886531	0.538193096695209	0.0022222354861781007	0.4141093778379213	-0.21089537268671613	0.21824637765159188	-0.2238394033224712	-0.11428228580483712	-0.09947032782655103	-0.0493185500339673	-0.08424544530641263	-0.2046992807662177	-0.06228303017871728	-0.19127780598653782	0.001390033526739682	-0.25291707319862566	0.05188041756840951	-0.18589399543291024	0.09662707837586161	-0.20088479259506908	0.11721857228121543	-0.08405796894841969	0.23324526080755317	-0.10611781155961283	0.1569202915560443	0.21890071214147586
L006_1_fl	0.009178779269958297	0.5475215395712891	-0.0066706454894472425	0.3698137285907948	-0.11478099619584461	0.23370734592717649	-0.24451860325642907	-0.07894453684364697	-0.08011903675941555	-0.0180687188181003	-0.10774152404829328	-0.23260779602638454	-0.05515046348837975	-0.21130600595760043	-0.014811863643058336	-0.262729598494102	0.056031735103026434	-0.20323121515623874	0.11270237782916172	-0.24111806044206102	0.12362625368672729	-0.06383788543977625	0.25047395017927737	-0.07296132743757733	0.07178003681271727	0.23376253052622734
L006_3_fl	-0.005933855861464554	0.557681219006136	-0.0026105440165896387	0.35890410057132727	-0.08567266247192223	0.218840012516353	-0.2517277211067143	-0.059229176714118904	-0.10753246134352942	-0.03911090916394896	-0.13807745733347918	-0.23122718669203093	-0.06636711880372553	-0.20754118073204406	0.010702728008662038	-0.2901875575569457	0.08405181911729993	-0.18666245160338774	0.1409143648369635	-0.20655168204805555	0.0956722115138795	-0.03417803523165862	0.2204441980800401	-0.10477188580475591	0.10613649938057959	0.22403473345313005
L006_6_fl	-0.013651407441047925	0.580501539399552	-0.020523783108854693	0.3581659531627935	-0.0924689547672237	0.21533599303613044	-0.18378766809712527	-0.060154722147609654	-0.07954111252826956	-0.05043110468890045	-0.13619822334977985	-0.20199490348230068	-0.07519261242397483	-0.1902776935378719	-0.015700183547380727	-0.2900792172586314	0.05014108811229247	-0.20333073977619714	0.12180686226868685	-0.24327650022837358	0.11891590988260868	-0.06661406102638602	0.2501562644552004	-0.0947840224126532	0.07604382054486764	0.24693947896044854
L006_7_fl	-0.002762065637924721	0.5851357846966685	0.009941003635330611	0.33998226328155845	-0.1231449120638167	0.20953402645449729	-0.2568978161978263	-0.016336768032979006	-0.12231496912866645	-0.006767231692888901	-0.13395666017431024	-0.24369618444892666	-0.061110098458151525	-0.20234063314781955	0.04628008428617775	-0.3155634711374599	0.0994670712946712	-0.19451132038686927	0.17183343250037916	-0.1840307901858533	0.04108983950471404	-0.03253275742942686	0.19884300984847628	-0.08655188570189845	0.13273208059094654	0.14767896773139882
L007_2_fl	-0.006128933690401683	0.5497740137502393	-0.008406153244732824	0.4131115683325831	-0.13939441827749052	0.22089616385831357	-0.20308152861252843	-0.09600588813183052	-0.11058224607316648	-0.08827850354549821	-0.09520047694125325	-0.20263816309588847	-0.06922603721007006	-0.19098895615370068	-0.02263790636432059	-0.26627764586264757	0.06510677517125985	-0.18798916086772868	0.0970372543151263	-0.20571061908319868	0.13044349250985549	-0.09272066382435327	0.2104546909252259	-0.106569239816269	0.15161548749249681	0.2533970944399787
L007_3_fl	-0.0020323851109576713	0.5039476500053305	-0.00414179012556206	0.3955888260285902	-0.11933656639244454	0.26507603644799166	-0.22922085706289022	-0.07518960120760612	-0.13801668662481897	-0.03831166257846552	-0.1306648467366436	-0.22724678050235905	-0.06889725513600548	-0.19379397789740355	0.020418922502126118	-0.3019294476896753	0.08478925978360907	-0.20245504425480074	0.12881599236666974	-0.21714193545519217	0.11725843951171706	-0.05449923543352153	0.20869926950859993	-0.08014837375119234	0.13232850351659994	0.22610354628830404
L007_4_fl	-0.025913418135603904	0.48853926964389177	-0.009518309379612622	0.39128654341070035	-0.0826694493876344	0.29675571141414975	-0.24444440374636242	-0.07976364904596236	-0.12543933010928032	-0.06011250983957535	-0.13419413526626442	-0.21742607348909085	-0.07211510585469529	-0.19544632465968076	0.003350549812592314	-0.30238869442158817	0.0778069963346807	-0.19511191831191052	0.14121773714593744	-0.2142585318118932	0.11708487305610629	-0.05974304538502503	0.22412681060106443	-0.09751758722365529	0.13070718492907174	0.24518680971964016
L008_1_fl	0.002022127631840301	0.5634851780485186	0.018267291701972926	0.346201462784639	-0.12369831038564091	0.20982297136731123	-0.25082792690334244	-0.06517516834485694	-0.06143394692793535	0.011240014227074963	-0.12418925810141669	-0.243526286977367	-0.05890791292964877	-0.1921033366375208	0.032167294376169574	-0.33087113637739857	0.07650293667279942	-0.22465053116216901	0.1092419472621726	-0.23833052779702896	0.033444027710769084	0.03254753684497824	0.21913525588087016	-0.04177798597509038	0.1282764740113895	0.17313780999890796
L008_3_fl	0.026861966242525334	0.549635085380088	-0.004100748335832412	0.33109207603378266	-0.1163500501233834	0.19102268878785733	-0.27817106329276475	-0.0374751339346796	-0.048972315445759876	0.04030650983334019	-0.13392173418984563	-0.2530160050897929	-0.06198392352776999	-0.20851391397844887	0.03694612381195202	-0.35507796877135767	0.07912560762350468	-0.208936392636785	0.15576947036513314	-0.2375731157854477	0.012458768980330407	0.07083986633869442	0.22216354614079797	-0.059098443213709856	0.11017435175111334	0.176794747036459
L008_2_fl	0.08220985782156313	0.4851265173929053	-0.023221081767604068	0.343076570561572	-0.21811510138403825	0.19760338413022047	-0.2800155103080922	-0.012275394005565932	-0.08194242706710932	0.07166728150809204	-0.10321341396597218	-0.28595036184294936	-0.05616414667033197	-0.2498821834519566	0.016976963827568504	-0.32052201309939865	0.05480498141379578	-0.19844660856896792	0.15931396637898967	-0.23833437623134973	0.05281453202113943	0.024475045824860556	0.26595966564987783	-0.008815490476796455	0.13059171405021386	0.1922776282593348
L009_1_fl	0.03344162364548372	0.5781626089522885	0.01268102172050381	0.43549800999636906	-0.12093290969575769	0.2433863418122208	-0.1854152074431767	-0.15358619053564232	-0.09969201042662197	-0.0966508197457981	-0.104201871454292	-0.22705779057355469	-0.04359570595875931	-0.20432546282354008	-0.005672499776344018	-0.2509493587821903	0.04474678699397584	-0.1934525393488728	0.08790793480444498	-0.21813030805457195	0.09499900522945146	-0.046767077319999226	0.19758057405883916	-0.07057894063304725	0.0881532583022523	0.2044515270563373
L009_2_fl	0.002288118051726254	0.5486135688668301	-0.006737984239962212	0.4943974517582804	-0.11457394938851662	0.18757241505218517	-0.16868380579604006	-0.08951379177713846	-0.08787338859049437	-0.06681867144399314	-0.10122101610250665	-0.2185451039229733	-0.052794525807701845	-0.19951682364874943	-0.00966062872410595	-0.27888493645410034	0.045690059244833214	-0.2182233867577045	0.08664386807340542	-0.24084517412038642	0.10209660963239836	-0.0462822455606412	0.1899541649481381	-0.07201232848929812	0.11487247869882648	0.2000590264976883
L010_2_fl	0.013285753796345626	0.5878893389991127	-0.013799814477460315	0.40221830885809534	-0.1785351108560329	0.20184060119150396	-0.19924560296025362	-0.0852724542179762	-0.10210483489199423	-0.030755693326105497	-0.06583610254892834	-0.21537409756741943	-0.03529734623133266	-0.20357567307626256	0.008272219824489165	-0.257863156712314	0.04876039442754977	-0.2153182286302116	0.06697257822790267	-0.22134407347961707	0.10625041300574814	-0.06489286694254481	0.197471017828892	-0.09514561003727033	0.1538064348550744	0.1975936049410102
L010_3_fl	-0.00965098840371495	0.5977441627104154	-0.006956110775704141	0.3859847908451315	-0.12777957018731143	0.23216441696504286	-0.21231633150881923	-0.09414096187796293	-0.10576330098032119	-0.052570814003667865	-0.08867955016750173	-0.22090157611072353	-0.04877062812112222	-0.19037730535685027	0.005203107368359779	-0.26240610609005993	0.06401149809631823	-0.17962247779180174	0.11746537521305389	-0.213544886473457	0.09398975650491295	-0.083797709651814	0.17119981506246545	-0.11907617582014958	0.14804692789938478	0.20054464265589714
L011_1_fl	-0.0015109130201068771	0.6163266014134986	0.016050871759150723	0.4260382558447467	-0.13061159644806059	0.19903880966005758	-0.14451755824755386	-0.1330866045295003	-0.07634901682288216	-0.10576486827280672	-0.07016624504877261	-0.21876931609637157	-0.05097152973052241	-0.20641397980985215	-0.02673014554202246	-0.25974226249467347	0.03180987720901704	-0.18699776463248166	0.05787855224356802	-0.2011894969658941	0.09551493725764974	-0.08009622240769085	0.1563920798412871	-0.12102812338870454	0.14321068654924804	0.27168497167967276
M002_1_fl	0.023842014250996545	0.5089008176968949	-0.0067540241592865015	0.26785903106754316	-0.24908319513416913	0.1163857800322652	-0.28959478406819045	-0.06909160066493555	-0.08123444926477255	0.04238419095998881	-0.2505025864190477	-0.2043841748717731	-0.09798474311611166	-0.14113222024698835	0.020445354090520854	-0.3780500470492876	0.07779716171261034	-0.11842982902594278	0.21544267091827335	-0.20969704589392718	0.058372345293299335	0.06305274754746641	0.3106639641746951	-0.0298145826796005	0.26859027172118244	0.15201693312829656
M003_1_fl	0.0237647540353466	0.5362383491195214	0.004321980696417704	0.29612990265895284	-0.2590722986054974	0.10393717379375247	-0.30137077003675083	-0.07899906308477268	-0.04924997499661692	0.07387016366948174	-0.14721088188316658	-0.23529179741690867	-0.0672694941553109	-0.15132458255016945	0.001246577415799796	-0.3243648528105415	0.057053460108098905	-0.1507551923901119	0.12136343583530192	-0.24778685750517093	0.053779543028494366	0.07184019186703297	0.32903197052596356	-0.03738573663875326	0.23361169803191986	0.14389230128768718
M004_1_fl	0.007732223726286701	0.5806720811856698	-0.0034352698145523677	0.3367457209605741	-0.1014688296991948	0.1407356921826496	-0.25992620965848195	-0.07551385101750241	-0.03669808558126506	0.05800518179894118	-0.2153845793051992	-0.20026299706587583	-0.04609932824383526	-0.12680849968832603	0.016205789733155382	-0.45057259369534763	0.05123020811513872	-0.14484872360572693	0.2150728230469268	-0.20020455880554416	0.022240503556445572	0.022557187714655643	0.25401700099625896	-0.05432657411265648	0.096513753128317	0.113821934148489
R001_1_fl	-0.007442078339848619	0.5279162120425921	0.004030781909484138	0.3011020247894436	-0.10864489085522581	0.1791793897198207	-0.2635881932183814	0.009380808742784321	-0.05997994005388068	0.033337117013614255	-0.1839331121616236	-0.23846529342809558	-0.07780613387478424	-0.1870051670136225	-0.007057248021003215	-0.4098322294353025	0.07822525191601387	-0.156209466191807	0.1929172640415554	-0.23918218307583122	0.07362951323360867	0.03225679431500751	0.2812020903453156	-0.04901571968504859	0.07844669507876974	0.19653771220644548
R002_2_fl	0.037175248333491284	0.5204187643279106	-0.0019862935594477035	0.31233630030440906	-0.09296178300776384	0.24179140887329673	-0.28822967300831676	-0.0740795150583303	-0.09261339787186117	-0.006006503193015867	-0.14133310202190724	-0.2643166335388592	-0.06161092165278307	-0.1891160298986514	0.01681466359476052	-0.3348551959638947	0.05644738467412014	-0.17304890798626038	0.14585359832884626	-0.22335963783359036	0.06732650640736795	0.010971302335284441	0.28252972240128077	-0.055478418761540735	0.07258804738221247	0.23474306639324172
R002_3_fl	0.053632503231863936	0.5459341990394417	-0.002879502895312462	0.31286904989873016	-0.13099122944082092	0.19320746119777374	-0.26573417523768983	-0.07464215837721447	-0.09088180821957642	0.019143102784049567	-0.1676593889420253	-0.22848968257568555	-0.06217532201870492	-0.17548583745571655	0.014647482909961096	-0.36017969006549083	0.07290148249778029	-0.16763261019656228	0.1734035988264372	-0.2351866242016659	0.07662746229413084	0.010269227872437196	0.26647703813416723	-0.03888652490939628	0.06263185885978921	0.19908008698929952
R002_8_fl	0.031957538966129934	0.5480762640542757	0.015679649348278184	0.32252059056645277	-0.14325558386312104	0.19762988841535326	-0.25287931921647055	-0.09243596439676872	-0.07484160110339694	0.011892673419172566	-0.14313852119997603	-0.26348791725758003	-0.06567181509587608	-0.19547107877891928	-0.009306141600263444	-0.3394866790767478	0.06038478815522712	-0.14711624937854842	0.13452827278437882	-0.20470351742883774	0.08654876260672441	0.003937911272760337	0.2566126577995109	-0.061307573377944034	0.1033813124188528	0.21995165196733146
R003_5_fl	0.005191995214965411	0.5763441914184492	-6.901544181304037E-4	0.34955506040251266	-0.10553442729122355	0.19923042208604538	-0.2712969953260035	-0.08594549445050542	-0.07501785087809343	-0.016349861643135795	-0.09993529548988617	-0.24635784391489485	-0.0443007268641816	-0.17123929099275872	0.0021543002952393447	-0.30626101050799814	0.04476314859232018	-0.21299562782557863	0.10205761200537374	-0.20511971595578934	0.07727850812964462	3.731763620950755E-4	0.24147153780769376	-0.07267785059916779	0.12385834822228198	0.19144384562072658
R004_2_fl	-0.03197385084953283	0.5366528068561571	0.003808035748796578	0.25836936933414395	-0.08318280065218787	0.2074294333602581	-0.28695189598096354	-0.00827676483059911	-0.1056227867564533	0.018583690140604972	-0.16566224956415673	-0.1906452527177761	-0.05792794792306125	-0.09899059136554202	-0.003979065114355931	-0.42071600585973695	0.08401483992537406	-0.21002663897472898	0.19584476051344812	-0.2702059117372713	0.07643566135251173	0.023753976234549105	0.29417011066255044	-0.05371182067306139	0.08102718863803066	0.2077837102330021
R004_3_fl	0.0334023820753458	0.5248596167842988	-0.00525558368077815	0.29911415003032243	-0.13076025286188322	0.20566060634000807	-0.28054694779066874	-0.054371712528105694	-0.10608355744734826	-0.017504230414781923	-0.17966917766968676	-0.23800690331093738	-0.07317835088929742	-0.17413490168748086	-4.418533264229918E-4	-0.3378098920202716	0.0682557049514553	-0.15202575410776487	0.18595571240306297	-0.2370735014156736	0.09762001060133801	-0.007913986050489394	0.2847101857043127	-0.021401336094601812	0.10599172793057174	0.21060784447547798
R004_4_fl	-0.02557702024043612	0.5229774546051396	-0.011377626032988176	0.2752291124793586	-0.1208043874943993	0.1918914697875273	-0.2642062289524377	-0.057436702120150104	-0.05553147238168759	0.0270557614615013	-0.1965759547599021	-0.18096889054272206	-0.0992738277747864	-0.15821745814532695	-0.07280143936474892	-0.3727242423067524	0.0770723179493255	-0.19293737217256138	0.22710539594255047	-0.2605377639641213	0.10292463094416031	0.01169047444934655	0.3013551580411449	-0.0029906794456022734	0.137690454124204	0.19696883591436273
R005_1_fl	0.045304231454644066	0.590934385133411	0.012333001248448685	0.29283118077821974	-0.15423608114337317	0.15866939216349782	-0.26264072678181366	-0.03838560582486248	-0.10225473683918339	0.007939221009591598	-0.12315530163498334	-0.23668943825952984	-0.07031473568030862	-0.18900899368562402	0.01661276635134308	-0.3583160102714965	0.06683175003201228	-0.15413132322949333	0.15903211287911487	-0.2179788894237829	0.0795193779574095	0.01934279021878918	0.25148948168021945	-0.05618710019401547	0.08147886047647121	0.18098039158529486
R005_2_fl	-0.0077273093838004375	0.5396945131887977	-0.019198858111933406	0.29352118380607445	-0.09474108193209285	0.19598780309128686	-0.2925081079767315	-0.0791518736932942	-0.0863943972201776	-0.0010280595486309684	-0.17630231031216811	-0.2522608069520176	-0.06542634160629522	-0.16674730291358628	-0.02362219434172829	-0.3466630451754229	0.05334249691514109	-0.14469712909476876	0.16674551934475057	-0.23031562044204418	0.08112457339833622	0.04161180671862364	0.27489580107147843	-0.019909083097623917	0.18981221015522115	0.16995761411260685
R005_3_fl	0.011147376011933087	0.542941391296962	0.011166012888839519	0.3066208464640496	-0.0887484504374049	0.23262541867368872	-0.291908121355322	-0.0522836744311875	-0.09821813693605255	-0.0024006742023454444	-0.14440760462778535	-0.2569421859344673	-0.05054665921480057	-0.1826924090582864	0.03708709410949756	-0.343162088975378	0.05693985097663659	-0.1657973026974371	0.14798055204556493	-0.23005101581890078	0.08120893510714298	0.0066317595063640974	0.2488503059541169	-0.07153665040217214	0.07944884547763414	0.21604658557911066
R005_5_fl	-0.029504668296064185	0.5847177554428474	0.0054947334956172225	0.32351391155205494	-0.17858563720601867	0.14041199929776388	-0.2615472677916745	-0.031190920272306147	-0.06704164394420448	0.0302658111150642	-0.153338753369473	-0.24321064950575308	-0.05162274257079784	-0.16991288557461343	-0.007298699747699859	-0.3313911399107057	0.06714200984751129	-0.14338925758197496	0.15339829201667587	-0.23698256818596974	0.0866959881077152	0.019313786436790475	0.2312100911928005	-0.05677389367586368	0.2049982982656128	0.11462805086266555
R005_6_fl	0.020347601807486772	0.5720012375348376	0.022249778761162763	0.29870763463511585	-0.15166329398234013	0.19601366088321562	-0.2828817190175424	-0.05042212473756481	-0.09781287369022813	-0.0045039848346894295	-0.13055331406752196	-0.2537523330464531	-0.04209943696530706	-0.16753433250992336	0.039423308598453596	-0.3182042271519634	0.05952724097373904	-0.16614000179667132	0.13031466904112204	-0.22384740289783167	0.08078406252095972	-0.006353947431312148	0.24909611001681936	-0.08324713497246339	0.10326786600319682	0.20728295632570465
R005_7_fl	0.01779905098553483	0.5990553734431635	-0.017190933785842306	0.2770756078224867	-0.07695265894997874	0.18845207725842628	-0.2595595871546085	-0.04250434419304554	-0.10315013132414544	-0.012054479586837847	-0.18217394015322175	-0.23219043088191332	-0.07222569275844436	-0.17184100283708198	-0.010275289683664087	-0.3404950646967848	0.08919356571492172	-0.17731348715804005	0.18180716284891246	-0.2250859906781023	0.11468447312981832	-0.02469617067114005	0.24578048298739136	-0.021051621676346898	0.07226349814332744	0.18264953385521684
R006_1_fl	-0.0027008549752012556	0.5742248574235435	8.344905337868552E-4	0.31456972863231375	-0.10001570080990108	0.1827508403213799	-0.24253886623739754	-0.07459846950103713	-0.09997429750058526	-0.01799887228110273	-0.18780771836386537	-0.20674329134389363	-0.04375297657313623	-0.13008652073453328	-0.005354294201307445	-0.35543167631801126	0.06318139988264146	-0.17310801541155965	0.14780970456691064	-0.2500458778282544	0.1152369499525134	-0.017513397386209894	0.26398844932524546	-0.039504216470022176	0.09109371440029641	0.19348491089738776
R006_2_fl	0.012501581385395213	0.5760524276475976	-0.0030925567747727353	0.34994838476686463	-0.12323380608316357	0.1698621897779444	-0.21659168581198143	-0.059614982455688637	-0.11759689656989697	-0.0390026388996082	-0.15001417090096877	-0.23387753194968858	-0.06216841235926403	-0.16006144158024738	-0.024219341680141067	-0.3326177371819674	0.06606938907975189	-0.16935703612332895	0.1459601493995376	-0.2225547880358882	0.10595651835237803	-0.008167597043451515	0.2566643187042374	-0.047462607859232384	0.10976491325888871	0.17685335893669513
R006_4_fl	0.04547528649906965	0.5234182852479173	-0.020788838478576592	0.2726623598423592	-0.12962078433878604	0.20961024981533405	-0.278197134081759	-0.057278404849532824	-0.09478776677464783	0.03981499625816502	-0.16322442178829277	-0.25729023109365823	-0.07495077934243613	-0.16973131206216296	-0.007361464970082478	-0.3518976134523031	0.08752110098041349	-0.19402799980584698	0.17718085546947665	-0.2503532823920643	0.0788976322896963	0.03069981442517318	0.27363992593872954	-0.012929412951495405	0.10621638859719496	0.21730255101811521
HMAC101_1_fl	-0.007247478086292863	0.5271442694749257	-0.013597442461220167	0.4150002144718846	-0.1070073965327523	0.2630823030578154	-0.20940774782941549	-0.12197762137096663	-0.08967501832164927	-0.036201809753627134	-0.07699046485127069	-0.22315642956002535	-0.05241103483494825	-0.20303697192832074	-0.010863331844659943	-0.26645529277611324	0.04404173203009537	-0.20262444242759006	0.07697845057988925	-0.232513854340556	0.08799549473127279	-0.04688056551811423	0.24035476237325434	-0.12988450977713972	0.11782947504769757	0.25750471044782663
HMAC101_2_fl	-0.020402651833747197	0.531691105543293	0.011458236171967381	0.3797758770085165	-0.09970156788522468	0.22845524431352632	-0.22692277159010313	-0.10292495557927654	-0.08299648124876532	0.001453151112941812	-0.1257950983860421	-0.22967238324701977	-0.08188042683752518	-0.20310727138239149	-0.007347421840905425	-0.28893286468176804	0.053321392111729204	-0.21037615673891355	0.11249125685206608	-0.25885725555298444	0.11525574140371135	4.446848417018548E-4	0.23678008857614924	-0.05789823370220071	0.11573970450668937	0.20994905806457453
HMAC101_4_fl	-0.0063567745902017025	0.5467542397914381	0.011865793994560253	0.3912192190124347	-0.11835268743434194	0.21023750437945732	-0.24218875858774255	-0.06942976239995832	-0.09577590680040923	-0.047252098838077114	-0.074197779910743	-0.24478295813830958	-0.04885112840408162	-0.21131311236880093	6.815951288777662E-4	-0.2638529387389801	0.04750083750658178	-0.20043650274014888	0.08057482182452018	-0.22980942631929757	0.09126825107265656	-0.029573651061422363	0.2257389647005373	-0.10764645771067778	0.12809277149978704	0.2558859451323421
HMAC101_5_fl	0.025238203905658826	0.5329998496450469	0.0035764582201247563	0.38188882298255544	-0.07085895326660885	0.28996272161174375	-0.30011371639607	-0.13276840838657847	-0.10996545550209043	-0.036460698109447014	-0.0831290428412795	-0.23331855787897327	-0.051337349596352944	-0.20294486601188982	0.0297889469507244	-0.28255457553545904	0.0764417925572198	-0.20666799661020435	0.11006388811789249	-0.21750371579950567	0.08941156616790706	-0.030126339803634238	0.19988382301213276	-0.07583047639766001	0.08099983867074217	0.2133242402940063
HMAC101_6_fl	-0.015570506383091383	0.5358985477795647	-0.01934307079782429	0.4005140074352159	-0.12440567513112023	0.24723177510966876	-0.2508734317337108	-0.11118953623321397	-0.10662713488377489	-0.010404251736810442	-0.08295207518888784	-0.22300377809002628	-0.05093255117985247	-0.19050104235441204	0.013987263282842013	-0.27141096660493164	0.049687909829291055	-0.21432531458969156	0.07779456110899567	-0.23416127331674394	0.1034771451653369	-0.02376120204558678	0.2251728001116921	-0.07559734163850451	0.1805847658001041	0.17071037628547173
HMAC101_7_fl	-0.03126138909475713	0.5503418145662565	0.0016612448433469956	0.4101351935235507	-0.12214091746895649	0.22288321253760993	-0.2086743913711853	-0.09350757640053786	-0.0942950617007259	-0.031096944319306926	-0.0883165357945583	-0.23106522660251944	-0.05736671738426104	-0.2075952508205935	-0.016605950942473365	-0.27580556253834115	0.05169023891724735	-0.19464508044587495	0.08028575618576977	-0.2246101903857922	0.09970751732945048	-0.02669246613471328	0.22089630343215352	-0.10097089717933061	0.16441990304894905	0.20262897419959394
HMAC101_9_fl	0.006563687404421946	0.5048009943301985	0.00842338252339675	0.3692221091438023	-0.18163144970338255	0.1765752278324924	-0.24001207730058782	-0.04084561650136644	-0.10072393098495858	0.0069346000153569995	-0.14263736858856213	-0.21434616286566316	-0.08010492260685383	-0.18674638007664923	-9.474136824760837E-5	-0.32087132083839337	0.07969795723101476	-0.2017210774508683	0.14158273796163984	-0.23839003302864747	0.11446742615712166	-0.0023687840775036464	0.2663828967220264	-0.06877294389437272	0.12808640255297088	0.21652938741161315
HMAC103_1_fl	0.0029096963746997467	0.5515228862986526	-0.003384057967628258	0.3645663655557572	-0.13957549436586075	0.24513548040515376	-0.2294177972892675	-0.09911203559003628	-0.09088265899836465	0.0017825002258002078	-0.11126044889141284	-0.22539726101370952	-0.05778439799496339	-0.19560501007793404	0.006286762198302889	-0.29123533095775483	0.06773164086420788	-0.21016068939798174	0.0951460246893885	-0.22854440334347476	0.11051402962099532	-0.028926118589254927	0.2378590883435777	-0.07420306276710113	0.11185761341632575	0.19017667925188347
HMAC103_2_fl	-0.011189325209856167	0.5070660890115435	0.018729400018311176	0.356609425109985	-0.16399786320410825	0.18260057295770507	-0.24654951312899273	-0.04025705645883857	-0.09550132445897731	-0.005217981569956854	-0.13101619016372518	-0.23685979722328693	-0.08504172837488923	-0.21913170952980465	-0.03117270211716942	-0.30898861637018044	0.07235454258557272	-0.1990545710527557	0.11841985655837411	-0.22585408576280677	0.13158464514968393	0.0038405110195419527	0.268760748309693	-0.03533632145314335	0.15461945403608415	0.22058354132199756
HMAC103_3_fl	-0.05208680597181491	0.5213307818227518	-0.013813112144510288	0.3530434283281349	-0.07429059661956497	0.2608257333758061	-0.25222869296129946	-0.06985662467099568	-0.07044369783502696	0.054329110621996704	-0.12040679687695804	-0.2263180573196609	-0.06266454027648755	-0.1868887732999382	0.012710665497325892	-0.31183442108904874	0.065153337828922	-0.23207758031786008	0.10640480259033455	-0.2615202438410195	0.10115026380114593	-0.021809997602728948	0.24231029974269186	-0.09740836195540598	0.1182048732252422	0.21818500594796833
HMAC103_4_fl	0.005429641756085922	0.5223536747907507	0.00107023991694883	0.39054200002118855	-0.1990404629874988	0.18272722981292222	-0.2328395951574303	-0.06024577916561895	-0.10764741224174251	0.02938787252335886	-0.09872703787814276	-0.2077894792637061	-0.06472579331568705	-0.18200091186116893	0.012427682512305693	-0.29702048092679706	0.07335255808945793	-0.22664987624449434	0.11847181289140973	-0.2578602966856664	0.11768263652126058	-0.016885868378317456	0.22010275308856406	-0.07321017469863275	0.15444297680446895	0.19665209007618054
HMAC103_6_fl	-6.968465192477985E-4	0.5458057270882599	0.00512665458374837	0.37671524880736185	-0.13182040674106957	0.22550252900263112	-0.23002944622124416	-0.07664120027673936	-0.09984886890349409	0.0047969036833077836	-0.10814154712452219	-0.22899423567582183	-0.05910138735708125	-0.19069272701052514	0.04288271367598477	-0.3002149309000731	0.08488799406525692	-0.222175137009333	0.12452359254877005	-0.242088434725735	0.06539892589984608	0.014053878677259594	0.17359538850086975	-0.12703518708834105	0.133223233592183	0.22096756542774845
HMAC103_7_fl	-0.014101454605024467	0.5277354924755547	0.0026681075521228434	0.39850438752825285	-0.16184759939282398	0.17960894705208072	-0.19785362358342903	-0.04496882089976294	-0.11239488755988875	0.006783563693512722	-0.10730161071368269	-0.21213000595893183	-0.07402401108737693	-0.18469053092393206	-0.0044725120225099085	-0.3104537833615087	0.06951197538247192	-0.20739045930709693	0.11418339021244152	-0.25501726929287793	0.12894061228378856	-0.0243474236336174	0.23065866887451913	-0.10019637269927925	0.12603294465939177	0.22656227532760634
HMAC103_8_fl	1.0600311885371194E-4	0.5388808462166739	0.010918591801684752	0.3879599089689657	-0.1394788678618078	0.19494494345589525	-0.1891625368134676	-0.05607719399174266	-0.09656508063929761	-0.012058694362716865	-0.12688336947657802	-0.2527199394263537	-0.07398659788516837	-0.20107672688944903	-0.006773674632954967	-0.3073099328436727	0.06855880013819368	-0.21215654636982806	0.10918695136950399	-0.23952300086764994	0.11294455631122637	-0.013569676305798617	0.2073211744780703	-0.05950206992204214	0.123814050091741	0.23220808233772056
HMAC103_9_fl	0.022946101536629994	0.5444532505150489	0.002171139003602829	0.38837885538113825	-0.12465169099730453	0.21769740289396006	-0.2399996368044246	-0.06817576113636946	-0.11429619144928682	-0.0090926932035749	-0.08548125728020316	-0.25919249624983215	-0.04986084879787969	-0.21710633381390368	0.006763129142758527	-0.28249390944775893	0.06338111471715106	-0.19557987451179198	0.1038321377881116	-0.2269828690553341	0.10645243706352234	-0.03144965549726613	0.21557111477943686	-0.0818701401605278	0.09317245129788525	0.22141422428621227
HMAC103_10_fl	-0.030566298426248695	0.5793144857467823	-0.014919490777973207	0.399820571477535	-0.10007181289753578	0.2525704437481633	-0.20275866665394215	-0.0739209665609748	-0.11980943331045145	-0.015793801456423964	-0.08809457317932844	-0.24478326240132922	-0.046642415403455664	-0.20175649991409367	0.012941644037275244	-0.26654005679289244	0.056825489584569656	-0.2093344327826127	0.09146369084761964	-0.22800984936515814	0.09432541151730602	-0.03636896033980931	0.21021442179927136	-0.10054498961817863	0.13709203286289254	0.14534731825899083
HMAC104_3_fl	0.009986790087703812	0.5264721162781246	-0.009150787508851899	0.3891768355918548	-0.09552920540424245	0.2440826787365652	-0.2342239817434528	-0.0968377641917314	-0.10582839442622743	-0.03183216149050393	-0.14122652872797747	-0.2412763177838382	-0.06819369055088723	-0.19193065635221448	0.016123210364441566	-0.2887527333584642	0.05882023396945158	-0.18694585844782785	0.12901969910557098	-0.2375745565590389	0.11106264457903434	-0.029830554280803084	0.22641740132477048	-0.07260398238377383	0.1027226089306661	0.21785295424165085
HMAC104_4_fl	0.034330963859819735	0.5469010379010539	0.008275063659147971	0.4155610440457747	-0.15035258481381925	0.22279191143528634	-0.23693184992162555	-0.053721452179601684	-0.10304113105253243	0.0037072725106993016	-0.08042274220879131	-0.2505478415623951	-0.035782137456471075	-0.19328117856800472	0.04576750373855626	-0.29057543197968705	0.072130853601421	-0.2140433468035815	0.10520462020862206	-0.23347145246906773	0.10076262874798161	-0.06903071692487028	0.18523772017855356	-0.0997409778636459	0.054821091459136884	0.21545113245804046
HMAC104_7_fl	0.0059277799678320725	0.5856478299991469	-0.006496752514503011	0.4180996613323551	-0.12122595703892708	0.2535727670776815	-0.1837769216235376	-0.14035244484160347	-0.07858363463858566	-0.07447600748732038	-0.0886609185690244	-0.20986283846295756	-0.04067973470684157	-0.1911540068366519	-0.002348810937319326	-0.24972055003178162	0.051179779397874145	-0.18202718779552668	0.08548410111199967	-0.21282795776445418	0.09752511694874588	-0.10719678736100667	0.18317030721417676	-0.15114907165884334	0.0984856453881118	0.26144659383096136
HMAC105_2_fl	-0.029211490276491822	0.5225988972678995	0.00927144528847914	0.3563240005428646	-0.14910709032516536	0.16168803668625914	-0.2440589452675135	-0.011405745419199611	-0.0991865715122036	-0.022904682007034452	-0.16075655957927576	-0.22421694421660346	-0.08596589840155273	-0.18854286152836483	-0.03492048595155549	-0.33280887388396196	0.0655210692872587	-0.15442650244350237	0.1676416960996652	-0.22958802651416677	0.13377768973476692	-0.01993068308648279	0.2748849757206192	-0.049279707370061876	0.15211016518296955	0.19249309197235365
HMAC105_4_fl	-0.016446911402509888	0.5262623883446501	0.005024289973824526	0.29959485218945997	-0.10089288578321311	0.22556555628232144	-0.29161073935431286	-0.06063887062299201	-0.10759027051751265	-0.0020067072683571056	-0.15107872066350028	-0.21428649071432637	-0.0642018809866186	-0.15787629702908854	0.004195763947937491	-0.3486327337639326	0.06731612055796796	-0.17345165866977774	0.14374853466735	-0.2454812639980844	0.0984777634727366	-0.006825402139841015	0.29590393008706284	-0.048134256599632094	0.1171550060007876	0.20591088398959972
HMAC105_6_fl	0.0029130453138617868	0.5051577815238879	0.007904872027611934	0.3753220769641791	-0.08830408965484769	0.26833063024707665	-0.25595376451936835	-0.1141259022090172	-0.10048564740818698	-0.06095739387293302	-0.1300274975400134	-0.2384577539527426	-0.06486266307677137	-0.1745436032166845	-0.0228592973888743	-0.3077130434328867	0.06269982045528949	-0.16535918431765897	0.15073767672566532	-0.23671961315194645	0.09475932565465668	-0.02024216169852519	0.2410120496173871	-0.0765194901006758	0.1024661697935905	0.24582765721792715
HMAC105_12_fl	0.020968507624624655	0.5134699258426159	0.013185163017967082	0.3197205269487935	-0.11724317372736738	0.20653065883493912	-0.30240871857195023	-0.0515271952085315	-0.13994611615324548	-0.03036744732431927	-0.1924114249346437	-0.2274216056721	-0.08157687240735742	-0.17417611824956997	0.024595567950474434	-0.3466707905125718	0.08744262520079113	-0.15180699957178515	0.18625852171278512	-0.20489167606807002	0.1361640828288652	-0.018122168551790625	0.26291905295862755	-0.03154298268710724	0.10205278450042987	0.19680587221949783
HMAC105_14_fl	0.014470672420131094	0.506685234413866	-0.007522848549740696	0.29808901916111846	-0.10213965910083207	0.21745384412510152	-0.2802637419483838	-0.04212928449080856	-0.1120741321352297	-0.009481033303087527	-0.1871567626165237	-0.23856240582929278	-0.08310748069128847	-0.18497890625100996	0.009101325983267697	-0.36071740986312756	0.0751250643761765	-0.15801884885475573	0.15976222821927943	-0.2380062955345597	0.11777370062933015	3.975715608773231E-4	0.28640066489441535	-0.013080789783292492	0.10963096851939844	0.22234930464897038
HMAC106_3_fl	0.02822175847330593	0.5411604811829582	-0.011388117677828657	0.2887775072420348	-0.19355556935836007	0.19638717960860452	-0.30030460875886783	-0.01127021383072796	-0.10755932239999734	0.032896665154452984	-0.13800414327045085	-0.2367299618263335	-0.03462852380696367	-0.24877501910333422	0.03307972087674825	-0.3196413327251527	0.06761199327177074	-0.15551344341902873	0.13947826079955017	-0.21470289848010166	0.08568733793691218	-8.215792466735074E-5	0.2617271557864892	-0.042094389531292783	0.16963405812769172	0.16958758365258841
HMAC106_4_fl	-0.033542565261171574	0.5086949690218767	-0.004748957308519333	0.29195574962932896	-0.09211780628427993	0.20776555788575096	-0.27554175030048517	0.0023348687657119872	-0.09871328913881652	0.031006013045658122	-0.19514527163486484	-0.2114627018346599	-0.07644090140621743	-0.15725485646381843	0.008055093220893171	-0.38846625455340555	0.0826041695198006	-0.20450906821671747	0.17912454967155864	-0.26034729551896824	0.11673740068740952	-0.012397361446217529	0.2772805350987998	-0.016508335761869997	0.11244879313589376	0.20918871544732978
HMAC106_7_fl	-0.005114452208675527	0.5413112414020155	0.005606005479901817	0.3023998650160685	-0.10989325612599804	0.1809642320260396	-0.28696715429407677	2.6159606723947376E-4	-0.09946754729399944	0.009494865668587352	-0.1627440597895192	-0.24701962732649116	-0.07783859379624193	-0.18431833532987688	-6.504664360196116E-4	-0.3833430465600491	0.08243054605182865	-0.1601987574830829	0.1862685044640746	-0.2169230020627624	0.09599498444777499	0.017397441571296822	0.2537277389411737	-0.030528760980330402	0.11864775055977723	0.1705022879913453
HMAC106_9_fl	6.63527744894428E-4	0.5405169235916242	-0.005085923861706351	0.2742175814866535	-0.0862375757667119	0.19084065412084222	-0.2957879136401505	-0.03110481996789781	-0.11805145388887732	-0.010876473427554304	-0.1851419124774094	-0.21007226900531673	-0.07909887100046559	-0.15545544724777136	-0.010386751588004194	-0.3730564096995479	0.09238197796644632	-0.1720667757567515	0.19333922296675599	-0.2410089132512249	0.10975340192039247	0.0062420900607830215	0.2818578379939317	-0.017262104574619387	0.1017944336309039	0.1990859636707808
HMAC106_10_fl	-0.00942473583449533	0.5089437072363716	-0.006718371419696348	0.31614888040354155	-0.0849862461535414	0.19636117703132466	-0.30395094829281344	-0.010564943861690324	-0.09759339506223162	0.024421038892607258	-0.2120223415080719	-0.2163832834253657	-0.08384879530189501	-0.15920722576343105	0.02007624455237813	-0.38811780232204013	0.08951414003251701	-0.17389018238748102	0.2086995808292988	-0.22980075759688315	0.10674836990932103	-0.016564304098043783	0.28662203267973835	-0.02060785485295579	0.08688446556949174	0.16926155074404603
HMAC106_13_fl	0.01010901099938634	0.5299535021412833	0.004581459963357334	0.31857640713252466	-0.10730646544120162	0.1992581136102117	-0.2826804096369778	-0.0455190918377965	-0.09343001372300398	-0.005846810560941634	-0.1588106869631875	-0.23908887363187617	-0.08100191294895132	-0.17830267258052368	7.553778333065989E-4	-0.3622048650944652	0.07448515666355604	-0.16328929591972727	0.1728269728485316	-0.23350456767953442	0.09151018595471903	0.02404948932018061	0.26247097231361566	-0.0326679976904862	0.10649035213684972	0.18858666279115255
HMED101_1_fl	0.009437690002364295	0.4988288630249583	-0.0022237975730030196	0.3547316244023559	-0.15038399560042215	0.23592335765725975	-0.2914293611621886	-0.08207271687872923	-0.07897766340683403	0.010940454530241452	-0.1301182068574156	-0.2213784580620721	-0.05014555968111023	-0.1484047287931865	0.028171022140715922	-0.314336618188203	0.07851035298821181	-0.19091389305895465	0.1408207985616693	-0.2520309797108385	0.09182587365313112	-0.005147037134020146	0.25043477013061793	-0.12252327627295553	0.10407807680426374	0.2363834084841434
HMED101_2_fl	0.05556504345526217	0.5180005144535941	-0.011398296827746214	0.35607569116584376	-0.13761844680512028	0.22522938903836237	-0.2702641062262693	-0.07950228287683038	-0.11993116179321042	-0.01325212769779425	-0.16494913314502263	-0.24617780215061513	-0.07106011623057432	-0.1891128954320097	0.027332975302355865	-0.2985265420740184	0.07988941650039129	-0.17848779811600102	0.17454645618221032	-0.21369498507060314	0.09296998725342083	-0.03001936873789232	0.25578727690247893	-0.047462970931377066	0.08913010543182437	0.1969311784293404
HMED101_6_fl	0.010028730867557588	0.5059714027605424	-0.02145648265362924	0.31210074052215253	-0.1543461354693071	0.19945016453569603	-0.3638281783090586	-0.06127495108508388	-0.10105512920526744	0.03394178710084522	-0.126094759308771	-0.25909378889523194	-0.06245454132962898	-0.17560113897734766	0.02339692872773111	-0.31828768017500864	0.07296813946887037	-0.15693068676097202	0.14733468014166665	-0.22555094022924863	0.08013394557985302	0.036330054600374785	0.26768152060254913	-0.02748258566439885	0.22769128088743476	0.13642762226768027
HMED102_1_fl	0.023182926080807666	0.5316707852596494	0.006651731499954849	0.3616583659167064	-0.13966393106680053	0.2131915811587657	-0.2455146054973791	-0.06797073007797796	-0.11556468179570373	-3.735500687996017E-4	-0.10926093221115048	-0.2445118530677609	-0.060957926159505266	-0.1761258283975494	0.026912656691990805	-0.34062230316252345	0.06163398403136161	-0.17218359229408978	0.12518191042152677	-0.22582196073534946	0.09500974290059844	-0.01881414218463545	0.22540394178648637	-0.08544632379333328	0.10698518331781239	0.22534955144689794
HMED102_2_fl	-0.01546568251392845	0.5295744288148074	3.3943888730555982E-6	0.33939895358554395	-0.0819054526607717	0.19333461494155058	-0.2507910009039066	-0.05774423797804147	-0.06422599807526462	0.043622040924745774	-0.17664285755602382	-0.2277928615719857	-0.08572699733230589	-0.19287152073436073	-0.006778802614280766	-0.36159834804066604	0.08637204625541875	-0.19815208721732808	0.15722539742518965	-0.251879174246706	0.09384104550626285	0.017927584569571737	0.24189751236530135	-0.03348339971982713	0.10219739571543662	0.1996640066726963
HS101_3_fl	-0.026440419077026205	0.5425570586112195	-0.0047420541910289556	0.25432416648775197	-0.18464565012789355	0.1610924974962977	-0.30857666338206824	-0.0033102822592806364	-0.06335815584949615	0.04624186768268633	-0.1445648115349244	-0.2508004582052681	-0.04477015477798642	-0.16274294837790773	-0.003442405418136056	-0.33822915770602857	0.0560448481522966	-0.1709452100474971	0.12639885671995832	-0.25607625496125014	0.04238320858098671	0.06865794719331784	0.3386014468502242	-0.0396524675527429	0.21711195405509626	0.1488832416386999
HS101_5_fl	0.047566669965006546	0.5291409345234377	-0.02170557505020304	0.3143036845591444	-0.10403770520542631	0.19653181762876618	-0.28084590740363174	-0.05365517751597383	-0.09285004970661655	0.02753107263916344	-0.1534725989775511	-0.2645538947721968	-0.0652757685188692	-0.17295048330078172	0.017356565585748794	-0.37911591548098617	0.06606394336102758	-0.16961477026377525	0.15460519194789601	-0.22801774232800207	0.045548704617880936	0.035233082117066196	0.2856482710196791	-0.016258204358854503	0.10139825836505925	0.18142559655299345
HS102_1_fl	-0.07287377189887993	0.5122556092271799	0.03709315097745822	0.2574660316105611	-0.17297866098341563	0.1464183509170796	-0.30253818005130695	-0.020001282377755433	-0.03348359899085905	0.04237845836887505	-0.20507701851684543	-0.22254387526774452	-0.058466586319034675	-0.1402453907304921	-0.059576711246729815	-0.3817898237926342	0.049960531532134145	-0.1374861537218068	0.15161992075297748	-0.2757276662698264	0.10251437891746112	0.0513216630117126	0.3661503199785173	0.0016134555042552692	0.1976562258485226	0.16634062352059537
HS102_2_fl	0.03925529065351839	0.5287541041648977	0.0036165630451020087	0.2695764177338162	-0.2026918527807713	0.16046526791280843	-0.30692388527754766	-0.018207927047315574	-0.07990950752911352	0.048904628222404156	-0.13942580224567236	-0.26478851099692646	-0.054961324617173415	-0.1593742917320694	-0.0107364286002063	-0.3811308059285329	0.07084227742120165	-0.14858506026046542	0.1763439270752803	-0.2332680669271961	0.0734475492401022	0.049002345043205185	0.29019246113878827	-0.026716505660330497	0.14095073247649267	0.1753684054757044
HS102_5_fl	-0.09889587983189153	0.4606623108580488	0.04943474448935675	0.2737107515358818	-0.17873104206545665	0.1705949639603288	-0.2987384825567503	0.049672149611176594	-0.029477655394145062	0.07565178302160921	-0.24543879672262922	-0.2264608538382874	-0.07099859999419253	-0.155601156516676	-0.022374878475855384	-0.44730770715407664	0.07172729801041906	-0.13447076955058057	0.20988385629176454	-0.2475317165086626	0.09021822011745133	0.06047007083729991	0.3396052610704136	-0.0434117732007655	0.18378595506151482	0.16402194694470423
HS102_6_fl	0.04840661962375665	0.5398322893158872	-0.008581048238219834	0.23188691726534366	-0.16434960997064213	0.15986312416206525	-0.34158317223630197	-0.015629956540241255	-0.047940932474636745	0.05957145271378521	-0.2109842233334392	-0.23667984942576342	-0.0494810480648837	-0.16153180726461935	0.0021643280632619097	-0.41541182062191795	0.07857544114734473	-0.1460012368660427	0.24189109990562221	-0.1961259835048742	0.04244181808979928	0.04432245211869534	0.30724191802110956	-0.028946591058803567	0.10219880946722956	0.1648510097064874
L101_4_fl	0.026503108069261982	0.5744809234070889	-0.006538693131108685	0.39075992800695036	-0.08798266197195512	0.24063276604089487	-0.2135276398790283	-0.10709158539170466	-0.11700377044626711	-0.04871706178986966	-0.10456175791053064	-0.2528328791257353	-0.06737302941427564	-0.1925457853629355	0.0014087003054023758	-0.2954478065268842	0.06990702142473243	-0.17430334163001984	0.15728463735576478	-0.19858121513210286	0.08803645979956308	-0.04681014491864807	0.16128335871453406	-0.11154355501202205	0.09256426708390708	0.22199975743498707
L102_1_fl	-0.03532437148078908	0.556059867813508	0.014793765079195179	0.44699441959740355	-0.09192923575677898	0.2374120493478338	-0.1995687064724567	-0.09073820083462536	-0.10120806995149396	-0.052505852846813084	-0.08323455348158193	-0.22427730212459662	-0.040153559918459106	-0.18328717629189073	0.02164007532909631	-0.25661972236701597	0.052865308357223195	-0.2014553604876973	0.07210309939208329	-0.22256490680130922	0.10978275597041441	-0.12740395792614312	0.17972951526217573	-0.15974171745755114	0.10050397767137194	0.2781278603788972
L103_2_fl	0.018362887046846757	0.5784052912713585	0.012754003752622527	0.4250912829508063	-0.10993164744889841	0.24281864607435374	-0.19086878001063712	-0.13259650741643786	-0.11656645837624097	-0.1105031034224969	-0.10342429160120448	-0.21122039723010103	-0.05986463346373286	-0.19459412191011044	0.006368936522084735	-0.26355267556239814	0.059428889270030344	-0.18374416314985603	0.0925907058824938	-0.19447056900232534	0.11494316538384325	-0.09202043001506882	0.18816711327346142	-0.10624059352840504	0.08804010976933163	0.24262734094068109
L103_3_fl	-0.022036255843487812	0.5217990688387836	-0.004133207190093427	0.37139452121971167	-0.07989336141930865	0.2299560602888984	-0.22469736216561853	-0.10402703789185572	-0.10700567189535401	-0.023527621336973156	-0.17051756905494816	-0.2111463446162859	-0.08600107743008127	-0.16373183392628116	-0.0189706876540415	-0.3322351428516154	0.07444272077034333	-0.1565390295802616	0.160156148145351	-0.24320639891060808	0.1326963265506043	-0.017419841774259308	0.2430449157982427	-0.0928693225814756	0.1029150813883915	0.2215529231222226
L103_7_fl	-0.035538304982572114	0.5877185174144572	0.007145026369367188	0.38674135516568897	-0.06589795514640298	0.25619772282444353	-0.18226040680405522	-0.12051804028927951	-0.09002722684916958	-0.07162921224740813	-0.10788663534522495	-0.21230910312504755	-0.07003072894000845	-0.19423961690588532	-0.012487615949739433	-0.27029129842353977	0.05715322182410862	-0.1956628730351465	0.09559735462576886	-0.21678401899016297	0.1052582036779821	-0.07247141668440475	0.1973175595981405	-0.13309507649217883	0.10165750792180538	0.25634306078846464
L103_8_fl	-0.0046275538070962435	0.5296946204917226	-0.005720660132672903	0.3519251646952927	-0.12262892352901442	0.17419656641540626	-0.1902913267044893	-0.04918914372916286	-0.0761637039243701	0.006090638828844743	-0.1804889908584353	-0.20806987021230033	-0.08230305008134146	-0.1594197997090562	-0.03421562934388887	-0.3405608087825198	0.07055732186210663	-0.2279213525515883	0.15718961346079566	-0.28178714009380496	0.112027027955094	-0.0018801996738776593	0.2682035578704774	-0.02777895667387246	0.08846231723283465	0.23470028099491605
L104_4_fl	0.016151375847013275	0.5635765240520116	0.015077391555328848	0.43254219863587495	-0.16592267076459638	0.19038302778390087	-0.20805108468517286	-0.07402094196828923	-0.09632375962722389	-0.04710516470754479	-0.09226233407002901	-0.216312340469473	-0.03961798165721447	-0.18324105066542257	0.021316986257451657	-0.26573165371090135	0.0720121831144313	-0.20095089490014775	0.10165102727891165	-0.21915915738287994	0.11165741855436206	-0.11654160283255438	0.1659588680506531	-0.12986570830233363	0.09835258014608528	0.26642676446775904
L105_1_fl	-0.009553939081834759	0.5699593854051769	-0.008392196308817455	0.41914838406315674	-0.09104024987323153	0.2556150382168416	-0.1774292633060824	-0.10940702201521185	-0.09839167616019266	-0.06749786100263816	-0.07872588156699041	-0.2109463873596841	-0.05009503689127485	-0.1922635487510652	-6.511700639934698E-4	-0.2773031426694506	0.051074958566529265	-0.22288714212554664	0.07056878978580972	-0.23148800604783262	0.10166783659346817	-0.07087257031907115	0.19058749265335656	-0.11252072028121772	0.10038033565325408	0.2504635928865415
L106_2_fl	0.03775950751646587	0.5620432965995139	-0.023794416716531333	0.40415863381446143	-0.11941934265219661	0.20835839134751052	-0.2326180009553911	-0.1214264977430777	-0.12342039287443445	-0.0524903138417433	-0.1103874792215483	-0.23521830471946611	-0.05422352172501403	-0.18543582932426658	-7.528398385652779E-4	-0.2838462506404432	0.05810334273099782	-0.16327211167311007	0.1263552774576015	-0.21091091136105541	0.0942731196886169	-0.022568690547452586	0.2121384196855555	-0.08120692048782442	0.1359863269044433	0.1818155085769535
L106_4_fl	0.010862121976010684	0.5642705574224522	-0.005904059304837991	0.3411542586503903	-0.14356069455124962	0.1841777497884393	-0.2944560964692225	-0.07699395311037668	-0.12464537147322682	-0.011480854181130287	-0.0840336992756373	-0.2390463168168559	-0.02367927369283313	-0.12450572851753054	-0.02644009388112159	-0.30998890902356313	0.055610200982265004	-0.19236138332026728	0.11953571484721821	-0.234196337699495	0.12701070322990168	-0.0275656813495073	0.24793487854668098	-0.0441040124275566	0.14176566906605426	0.1706406105849994
L106_6_fl	-0.012808603929709193	0.5382517563041491	-0.008758383798553385	0.3301194751246811	-0.10923391042890548	0.17493378045780653	-0.2421308896137617	-0.06120547302735199	-0.08031645974610137	0.020361254926312695	-0.1591512210248357	-0.21908399204645232	-0.0801936726607374	-0.17861172667280095	-0.014882383122143041	-0.3521437791333327	0.06296949741244838	-0.20078561451101978	0.14235762981568614	-0.2526012316314932	0.10332421657181032	0.031074777073789694	0.25171524041298643	-0.03312828437757447	0.14710894011181597	0.20281905751328588
L106_7_fl	-0.08665254728320251	0.6643447484425945	-0.028364220752203358	0.4260181117991102	-0.12665297686354868	0.22821636125109326	-0.20830357875986036	-0.0673443227953378	-0.09816940931147466	-0.009953056212477262	-0.09484772905666916	-0.1987613356472455	-0.03042619895811103	-0.14603111331786522	-0.004630139210970441	-0.26444562801581717	0.05488975174550341	-0.2648832167799899	0.11043173586323457	-0.1595906477094705	0.14106338355637305	-0.14645524027539755	0.15410486892585865	-0.03688893840295662	0.21755706010507048	-0.02422572233624153
L107_1_fl	9.011937107626655E-5	0.5173303070538688	0.012211027572928027	0.3327835122170078	-0.08544443368548937	0.23524192640313227	-0.24340807236809742	-0.05953556040169415	-0.06686761761869751	0.03237520578105269	-0.1354904361098313	-0.2571359743129475	-0.06922175186055557	-0.23354185318640122	-0.022203979857935187	-0.3734821472737875	0.061588674463681235	-0.19325335386569323	0.1263850898797735	-0.2307745535275831	0.09647135235076532	0.027172819264861287	0.24501038126772487	-0.02558092380197789	0.08087964659465792	0.22840059565016163
L108_1_fl	0.001270598720863353	0.5647505551103861	-0.0033556495945426257	0.45744563914256864	-0.10223640175030076	0.22683247022896513	-0.2035842408907045	-0.11404562571798128	-0.1074094961326414	-0.056150100487679704	-0.09084841389616602	-0.2332338497709722	-0.05376250827160661	-0.20985426442770472	0.004794803987674137	-0.2773112560955867	0.05745561849770052	-0.18454235100286537	0.099100925339059	-0.20645154267961546	0.09108553824132674	-0.058050945171040286	0.17029614600395895	-0.08616270596055092	0.13719307974537875	0.17677397683207813
L108_3_fl	-6.288086346724758E-4	0.5843271104237433	-0.0016736397273548961	0.4309312523204599	-0.11522497514650652	0.21292487510458527	-0.21092478214031152	-0.1319411918987122	-0.12007407999629718	-0.09780797777785648	-0.08838991436726579	-0.20011421020174622	-0.03380138418282469	-0.14912918181414753	0.01657624192233422	-0.24702059943533877	0.04354213621739435	-0.19830310593349515	0.07194824435839856	-0.22091343220202128	0.10567736319801836	-0.09236876791756694	0.19901798904751286	-0.12420470312536606	0.13395560945157467	0.2336199324574622
L109_9_fl	-0.021007138414702475	0.5794825174294448	-9.552276376243798E-4	0.39742071783978034	-0.12278425954720178	0.20493004618892507	-0.18733946512956587	-0.08702432653940308	-0.09965922483296821	-0.025347726603686914	-0.09601555551448937	-0.21869078798714484	-0.04232177392843464	-0.1675640913534236	0.009950056215285497	-0.27834967230201	0.040050916013545046	-0.210394038062677	0.07476238635251364	-0.24411687739142027	0.09876929844253149	-0.0558039798607453	0.2244393853733773	-0.11782856185298103	0.12211060260773388	0.22328678049534212
L109_10_fl	0.00273157178986784	0.6669985735301469	-0.021620244778031296	0.4525083065742166	-0.15363885651212333	0.16489015856228884	-0.1418627112473509	-0.1173129454712186	-0.0665145123646005	-0.06139750893104666	-0.059103273004255885	-0.20075083428085597	-0.013545622158713036	-0.19183057331716283	0.01805584544022397	-0.2359766227132975	0.03390413540995371	-0.19290272961853214	0.04933816179856027	-0.2141679018815084	0.06506424142777958	-0.1237343263108797	0.12237967540770876	-0.15257355077791035	0.16481158879098218	0.2062499546357586
L109_12_fl	-0.023789188188784616	0.6146399081020493	0.027346187311826132	0.40100702771617247	-0.1069793885384502	0.2401585095269616	-0.18600086805730418	-0.1668152847627293	-0.08301099335352613	-0.09852624429266102	-0.09740537374198832	-0.22498853185613943	-0.07057495068072185	-0.20771710746302602	-0.05262814531490819	-0.253494383773867	0.032869980851425666	-0.1509608121914358	0.10154514180894557	-0.21105812036680913	0.1015189707713852	-0.022863336901675493	0.21038522661575448	-0.0650914429255871	0.14672340051634647	0.1457098191887467
L109_13_fl	0.010666990278711798	0.6009540713017343	-0.008550038543234953	0.43261579099235814	-0.1551472270812016	0.1972402971063429	-0.20071187149054273	-0.07799153615194576	-0.11064660013289718	-0.041256337916411034	-0.07250036207031392	-0.20194535502085365	-0.03357913773197782	-0.16252863556600505	0.0414233740712506	-0.2666631200063568	0.06836224109297698	-0.21529308276397016	0.08996262474687475	-0.22873365845987426	0.09716583508038969	-0.09276845554121607	0.16558947215835376	-0.13449366646679076	0.10796469962161084	0.19086368849298896
L110_2_fl	-0.03696960316688094	0.5289762626897158	-0.021176367419073493	0.39448984584421043	-0.10871789163485729	0.2374166684162607	-0.20238435482611267	-0.06001056180152747	-0.09928990164836905	-0.00798621274863133	-0.1299373833424596	-0.19362463915287562	-0.06029926870302135	-0.16473118744112616	0.0172978754120063	-0.29869407187533364	0.07819092426805888	-0.22768281466514015	0.11247488872836395	-0.2503493618461542	0.1150345074605172	-0.07341878335158342	0.22092030713654093	-0.13757075004635744	0.11485626773528759	0.25318560597854317
L110_4_fl	-0.001949675735169909	0.5321141976007592	0.006984096416758338	0.3901237384514081	-0.07614936174769038	0.2604648418144009	-0.20983564577646108	-0.1401405392332403	-0.09758122154322624	-0.051806869029864415	-0.1202071111090324	-0.23501653835840183	-0.0688497011144353	-0.2097955655448862	-0.020457888489267342	-0.29981692798728815	0.049531056453696584	-0.19453204692612985	0.10701898038667675	-0.23355756489078058	0.09617263318673178	-0.004966910886243838	0.2052676223863691	-0.054578003070791865	0.13005621668505088	0.24150818806106003
L110_5_fl	-0.005500211611539435	0.570793568162051	-0.005857867227796479	0.4068308160318372	-0.11189228468641726	0.30966845367845586	-0.18511154775008445	-0.0966789075735481	-0.11529483557273898	-0.08112543937624216	-0.07876115751503157	-0.20862452678823112	-0.04598285214910923	-0.1992085284025093	0.02648618901940087	-0.27701924474419254	0.0671552818897516	-0.21938284792736484	0.08841942082280507	-0.22378114000706803	0.09554916623235715	-0.09008431414854105	0.1695206699263494	-0.10258984372666945	0.10127002862205352	0.21120195482202286
L110_6_fl	-0.022152646497226917	0.531509082349269	-0.012924513476552914	0.4263843532062503	-0.046741646965875225	0.3284379073628681	-0.2183511191336544	-0.14551948184216468	-0.08233024279766023	-0.06388731579522523	-0.06966571392626558	-0.23708591420933411	-0.04522049811929174	-0.22351760857894729	-0.004845698713924023	-0.2735521042221697	0.04043314002878677	-0.20818891697051561	0.06808062221555922	-0.2215579531206568	0.0802731709603781	-0.05058071051226588	0.18921927704838915	-0.10091687148483651	0.12422586937733757	0.2384755338177278
R101_1_fl	0.014092468493321839	0.5097076433787364	-0.0032166821106716266	0.24065939344900011	-0.16066894742384522	0.16536253155978792	-0.29780606421272515	-0.030562746258286776	-0.015209626793536421	0.10122720866361241	-0.22583821371602683	-0.22339515662818069	-0.06578608301236603	-0.14333184260023274	-0.02365850207453844	-0.4322678885964427	0.07176591892468853	-0.17266730864153887	0.24300895429587427	-0.25341152234513414	0.016615986724390498	0.08106335947042033	0.3352568249960013	-0.021166408900675948	0.11144396590943292	0.17878273744893486
R102_3_fl	0.02187072531895952	0.4929647283787821	-0.020500630643283016	0.29415951945247737	-0.11625228390135402	0.19308137367126332	-0.34630894846321975	-0.08595467115747579	-0.058998798085725605	0.06196063237441606	-0.21621974026972546	-0.24117048177762235	-0.06952422834672586	-0.11873888430525621	0.019433432830153044	-0.38621667701569035	0.06569336877710183	-0.1502141478225541	0.20963934362483436	-0.2253885214978047	0.0683762033193104	0.015195261692978714	0.3025749012452531	-0.025092807471482965	0.14021665459442037	0.1754146754779693
R102_4_fl	-0.030512511353081202	0.4792284178613147	0.005376990840304293	0.27195086075876895	-0.12467277018516756	0.17271039547482697	-0.2673279659576695	-0.007888852555304218	-0.06297197464411443	0.044124440893549555	-0.21802960816503608	-0.21150616184899929	-0.08369991897308618	-0.16110450312611496	-0.07558022223540148	-0.4183777941811509	0.0609668985176905	-0.14264317619551659	0.23451293438650495	-0.2782366145041376	0.07814653672879429	0.05787593807693056	0.37159923148072094	-0.011922409453845182	0.11219237955954187	0.2057894587996779
R102_5_fl	0.0016998947125214728	0.5026058373481994	0.0010252033895465328	0.2568666521895573	-0.11752085065876725	0.2003113632092681	-0.3404946155207764	-0.02702317311191387	-0.0761068818330626	0.043840335041656825	-0.22701758646429898	-0.24168018699144436	-0.05860347581597268	-0.14770379055643895	0.06526774636449811	-0.3827378922158562	0.07238317967490958	-0.14666287147893758	0.17572580470880428	-0.25415577127217315	0.06440498817061648	0.05108199432324731	0.31412505964584214	-0.04391829755525315	0.12511153362613858	0.18917580107008766
R102_7_fl	0.00729809522135666	0.5199813847811788	0.01317643669514263	0.28472961662872204	-0.13329990288508653	0.1562612050747878	-0.31845750670005585	-0.015184228187512784	-0.07035878228449814	0.028320550894343485	-0.2084762103845783	-0.2549639123336645	-0.05232979603469206	-0.14153614374622142	0.018524862971364388	-0.38875009024414914	0.06914578357955561	-0.14718044845748607	0.19931019454522064	-0.2519893037283733	0.05692452806058314	0.06079975310527314	0.28864843825611325	-0.024779318932622973	0.12989385895957453	0.17429093514572536
R103_3_fl	0.012630985964705514	0.5015350242879166	-0.003703006527395334	0.239201109806685	-0.1429314099731247	0.1837844461693594	-0.3158751450550293	-0.028240007538374544	-0.02909940136375146	0.09334813811696656	-0.26497994899080785	-0.2547495311529329	-0.05396235425242772	-0.138534715342601	-8.277893461151944E-4	-0.45946098841490063	0.07546865455490653	-0.131037114244499	0.284051431020634	-0.21026134473492147	0.016733472142814322	0.0861467651538799	0.2878030179256787	-0.046433369616634676	0.13469149389991267	0.16470158751005654
R103_4_fl	0.014849584424391667	0.5106607415302585	-0.013177408785718818	0.2528889266035631	-0.13460924035375027	0.18545715258217094	-0.35107995819123633	-0.03440968338026649	-0.043870589414058095	0.06540464670623575	-0.16479186694589915	-0.25347982264822777	-0.06443420686910376	-0.178255882923199	0.005288301979348792	-0.3704133849240031	0.06352392045984603	-0.18044334473013854	0.1560844145506038	-0.24416025452878612	0.038878206290965694	0.053697862542716114	0.327613126678401	0.016608606353997184	0.16572571617621018	0.17644443681567923
R103_5_fl	-0.05897805998967989	0.504375614291511	0.010554565043974135	0.2803236693822329	-0.11886075197023949	0.21889609572939242	-0.2825020222495902	-0.04171701648170408	-0.04010119515577211	0.08432285972352611	-0.20071682291174367	-0.21675967111280053	-0.06501241952813222	-0.1250553525363194	-0.009560132366010214	-0.3603184693981601	0.07501962337810988	-0.1951815712059694	0.16712677431132353	-0.27367593933157525	0.10934331295879544	-1.7246663455159662E-4	0.33031558660693083	-0.09384822353118175	0.08337154187203505	0.21881047110560048
R104_1_fl	-0.053679231110982176	0.5221144774487698	-0.013447593941527655	0.23914974124667585	-0.142220667734217	0.1807822985376419	-0.31940142633170066	-0.0069954409935761575	-0.03438624828714381	0.09469106899389482	-0.22998489041819392	-0.22306089315540936	-0.06273906487503626	-0.12643528973944354	0.013415056930307326	-0.4062353577456328	0.06995227136067174	-0.15505773031518527	0.20644568440042424	-0.24263796607145124	0.047731390653380196	0.03876818772284581	0.3278228199224164	-0.05489786669068567	0.19049189943160125	0.1398147707615558
R104_2_fl	0.04823856169236761	0.49423671575237305	-0.01308480769129395	0.261949668610715	-0.13064999975602168	0.14622668051590268	-0.30861488602041626	-0.06649782451352078	-0.0405260865898637	0.053083096853359005	-0.2684086539194355	-0.22462677062410796	-0.05994069249871724	-0.1366988202315057	0.005134248535636481	-0.41226698088440883	0.06062897451066356	-0.18147920921436664	0.2144958617467817	-0.2826761179037044	0.030453179914363575	0.09207338618677785	0.32470682320813465	0.06340521478983893	0.1375674768678014	0.19327096066264793
R104_3_fl	-0.0020315577793301037	0.5523461510276085	0.0033566031733421736	0.2319468759614497	-0.1155650857538612	0.15774495327436366	-0.316846793252458	-0.04835273725499953	-0.06326383528803385	0.03768830736173373	-0.20437036832479002	-0.2400626233793666	-0.06151066399818643	-0.13206115443285882	-0.00496619185323828	-0.39402482588818083	0.06240154701705942	-0.14072666027993072	0.188634751617545	-0.24106287815844568	0.04307507042526848	0.07339333917975796	0.32631774983157646	-0.030230073276107872	0.14476877418510603	0.1734013258649758
R104_4_fl	-0.043764610813284324	0.5712288269145318	-0.0042143015293623215	0.2919392866796909	-0.1690588421449169	0.16369900499784756	-0.3128652422859254	-0.04371867628252092	-0.07458957117608389	0.04282362623558299	-0.12170152290207889	-0.20875939283129807	-0.04982366683683219	-0.13933994011684492	0.01203700107077258	-0.33324888595138447	0.057698571532973114	-0.15639708579283546	0.13396794252565153	-0.24630836283361665	0.06190138726693888	0.032487129612593806	0.29873289078902443	-0.08750430408523883	0.21167996450312224	0.11309877345349201
R104_6_fl	0.01041059317179243	0.5430215834288188	-0.015272036842661155	0.24146558977560217	-0.14175354478988492	0.15807946451712265	-0.3050306370162787	-0.009624798674168017	-0.06987626757221292	0.03958778634198398	-0.1946901094601941	-0.24986205324434607	-0.07984846033948818	-0.13660162905062181	0.0073259226540739394	-0.4106337787991621	0.0657459715862726	-0.1469684548444501	0.20310544369590885	-0.2391931627784275	0.033341989906216354	0.07292543954894319	0.3173263266834107	-0.002387881234236326	0.16921480832304522	0.14019189501294044
R104_9_fl	0.0442949973132518	0.5345413950554543	0.011875519886649338	0.2532811683344311	-0.20664401868700294	0.13805790409740273	-0.3075060420936348	-0.03432965839048497	-0.04959542299159082	0.05461416669684996	-0.19321878944411003	-0.2578004607656351	-0.052450677794359954	-0.14340906505098625	-0.0019033681832985386	-0.40566161425905656	0.07997056248821877	-0.12396196840620394	0.18995298867903787	-0.23213176299329533	0.05229927945911006	0.07562145805794589	0.2996948003058888	-0.035558295707073646	0.1332301710618413	0.17673673333065165
R104_11_fl	-0.028843852622222096	0.5342857181155046	0.02057820075342029	0.24997014605908066	-0.18709985972709164	0.1657112895756452	-0.2841825835666257	-0.020510478017006534	-0.05658150349877656	0.06228409124866477	-0.21670302215676146	-0.23999243750797356	-0.07655364355035629	-0.14266871812320228	3.815475068720195E-4	-0.41610366088833894	0.0879516096790475	-0.13072994359211376	0.18058461349478655	-0.19124523108225203	0.07441982074036688	0.04122387100849975	0.311510668798414	-0.06834774972185384	0.1745380041489269	0.15612310292534481
R105_1_fl	0.034906373794777235	0.5106515107050903	-0.012637493201023482	0.2519163942974373	-0.1700650599139975	0.18128948782139667	-0.3212279213429474	0.022340120736095596	-0.04857243027439756	0.06974421220752117	-0.13087941392987965	-0.24954135858614118	-0.042006884989325734	-0.12625477165612448	0.025789249952028942	-0.39652840173497944	0.07096986239020175	-0.2557606648675677	0.13755030618158187	-0.30661305125614996	0.040655274152873906	0.06640453344798765	0.30699984557353616	0.0319586809504575	0.10851829160657211	0.20039330793497664
R105_2_fl	-0.012182176593219365	0.5468547039329675	-0.0027314887052126875	0.26220077160902827	-0.2068335459317126	0.14337472772473078	-0.2717464111634184	-0.04848600996317601	-0.03343305483964296	0.08922013779677174	-0.15903217129345648	-0.21580063060869004	-0.04776130962015128	-0.1104916211362431	-0.023058335054226112	-0.3568809030344536	0.06038769924918792	-0.176427031205577	0.13937667541503268	-0.29337063793811424	0.06612963298028375	0.03954120479095258	0.3451027711384912	-0.0638776530821525	0.14578171441804416	0.18414294111395535
R105_3_fl	-0.032531708931393344	0.48953704410692583	0.017079423917996772	0.22181741999408883	-0.15554550217025598	0.16295643808219543	-0.351144113359314	0.01575897266434116	-0.035879042611294994	0.05041609263659022	-0.22449212930192713	-0.2266623603838356	-0.05842632295691774	-0.144526389810392	-0.05461844495445733	-0.4383753331286306	0.046745921489878994	-0.12477408281458356	0.2730450680470846	-0.2215701368547492	0.040301468201524374	0.07249300687465204	0.3747104733182553	-0.024880225074551572	0.16075490931082073	0.16780955370794973
R105_4_fl	0.024931899354601383	0.4964870476344715	-2.433704740305992E-4	0.2845126327194036	-0.16026576906561732	0.19960527996591823	-0.3651663633238269	-0.049012096904466375	-0.08036680550063238	0.041175092223684956	-0.13403876229322725	-0.24411457290908017	-0.05907188594354655	-0.17315619677701782	0.025218193408129787	-0.34847043883119544	0.06998340915796629	-0.15898879004864755	0.14494343205563284	-0.24449756758851443	0.0661025886453887	0.05636753518290448	0.3212009786647575	-0.032366151624560725	0.14677245531440514	0.17245822695709853
R105_6_fl	-0.042369585844568625	0.4656467065518753	0.03109114652386394	0.30632160861365576	-0.21760109006139539	0.14089267663537308	-0.319374521551282	-0.01827087040406715	-0.009428717268816153	0.10895840680296293	-0.23408826720752846	-0.23233504351085715	-0.04910346206701757	-0.11835977293961376	-0.01801107515151595	-0.4188545677808182	0.0732675446262509	-0.11875329099833187	0.23622797202169207	-0.2651633495409956	0.05383554870661943	0.08079726879823075	0.31868172737465555	-0.07799893893457618	0.1768727798990423	0.14711916670716033
R106_1_fl	-0.018814518231157616	0.5031183856011987	0.01047707802854424	0.2729936311752309	-0.20241140452363543	0.1796651114583663	-0.2952007012122473	-0.052321979413544106	-0.04509831750559424	0.05508889919009234	-0.17181920680826476	-0.2300998035814595	-0.05669583964838653	-0.15109834246557946	-0.03140907723372627	-0.3491719376160205	0.05265757201845149	-0.1394051386532113	0.14076385438337427	-0.26029499078415874	0.1011891207197413	0.019468489420049792	0.35446510057245506	-0.052089288410225816	0.16189633944044593	0.20414696407926186
R106_3_fl	0.005284337218363841	0.5034495628757205	0.007698056858532417	0.2666679458848732	-0.22290383339216516	0.13818628531818075	-0.31124369556539583	-0.02724132705690204	-0.026270723459835076	0.07996219171780329	-0.24889492148571202	-0.21442418876338412	-0.05766900413070783	-0.10445550277935894	-0.014103833240896466	-0.4267352406446641	0.084159377606348	-0.12710491025611675	0.2711055624087729	-0.21720035656027384	0.03850528230285555	0.08127012776374243	0.3358382234501315	-0.09581498600963793	0.138495171429708	0.1434403985100175
R107_2_fl	-0.035368369907835304	0.4952764382424689	0.005045008975799535	0.2848521028312741	-0.13441292926088358	0.1935796795926485	-0.3071590706123832	-0.0267752840454646	-0.06739593332354768	0.036029748404913624	-0.17855738880737396	-0.2513915652276535	-0.05470660784457061	-0.15640157316242487	-0.010152755985679343	-0.36080600742965374	0.04808797292575531	-0.14047898081543134	0.1758862047206171	-0.26400990557877857	0.07229433107318743	0.04800839000611583	0.3115478749322802	-0.06237592720266277	0.1748916631146339	0.20449288438464922
R107_4_fl	-0.03184449294283538	0.5245893516856307	-6.425056130926407E-4	0.2880008964442415	-0.09212899288726992	0.1952870470271765	-0.31461744070002134	-0.04482860488520314	-0.047770774801251505	0.049980385721318535	-0.1522425467975529	-0.2547494142525488	-0.05646416211734316	-0.16086117698762661	-0.01844670356159574	-0.35931419722040475	0.04735762697757531	-0.14876442297396456	0.15236609456503553	-0.2613478716636876	0.06968803459160948	0.04748261675326816	0.32100294966210785	-0.06511750591743526	0.12374291362463447	0.18964289626923458
R107_8_fl	-0.015485568871979528	0.5300942720367428	0.00260719276470716	0.2875817220194728	-0.0972318215111452	0.19036686929358543	-0.30418002003309036	-0.07613070958869561	-0.055162874955189525	0.04191711581372415	-0.19986985903012003	-0.24916028316858463	-0.04649591230295343	-0.1278351569170173	0.010018429442099706	-0.3612037907935649	0.05194557427571751	-0.13328654199183518	0.14621118754832113	-0.2840916822774255	0.06477745245256238	0.03520283647236142	0.31933655420703627	-0.034822753836016566	0.12352966601403399	0.18136810293725333
R107_9_fl	-0.03970934810884384	0.5151920902459451	-0.00829494471831578	0.2907953869806856	-0.08763524448531247	0.22838583779075114	-0.31140747803214314	-0.07064129970264633	-0.0492445076414391	0.06656560381721355	-0.16431202162332467	-0.24507127250169605	-0.05133252138310342	-0.12267492164141659	-0.01735691290692061	-0.3627167319015297	0.055857019747089565	-0.15526199996418835	0.15914016431133118	-0.26890671144186495	0.09246460483281342	0.01895570768956249	0.31971952781459084	-0.08292251784242707	0.10211166219357834	0.18830082847161064
R107_10_fl	-0.024542497186237508	0.48699671335689576	-0.012302924581099238	0.32906223252293315	-0.10660151187704173	0.17928783337698606	-0.3211014943285723	-0.05883534685462045	-0.04213455416333723	0.06254698499949955	-0.19232948042276993	-0.26532611477651974	-0.06766623588445522	-0.13315436144665357	-0.01671438733953276	-0.3918524759380018	0.05873200467619456	-0.14317585258034543	0.19564386803149725	-0.23941146595838492	0.03770717687650635	0.07948358332833702	0.310265242523792	-0.0434137986090462	0.18104479367505583	0.13779206857892018
R107_12_fl	-0.007625613090571894	0.49203833827540416	0.008557776636955415	0.3159396909014873	-0.16945748182132034	0.14250554652903968	-0.28798215538466354	-0.03372739495694993	-0.037142175313524046	0.06731363282163942	-0.2258657545934274	-0.22782535645024188	-0.05994057825640817	-0.11988126085195988	-0.02507804550528634	-0.42050311142230784	0.07669491464335508	-0.15555838277749923	0.217847383903049	-0.2504668985298193	0.06273736991849393	0.06314632308062022	0.3081068806380967	-0.03344290952057434	0.13914747822525161	0.16046178290116148
R107_15_fl	-0.052644088223067015	0.5203613099920086	0.007807970549286784	0.3022432593413176	-0.11530069237533311	0.19479691602000432	-0.3099083546561827	-0.06452156762520386	-0.04439680073654884	0.06987321229441554	-0.1474806546316118	-0.22761078720089234	-0.040567245296158155	-0.11263931347028204	0.01530098304129407	-0.3409076300047078	0.05312952233933603	-0.22088675438320102	0.08507993006122283	-0.2954865904642681	0.08518958747638969	0.05423086781157316	0.3270486049004938	-0.0646188988709078	0.1367412375508784	0.185165976560144
R107_16_fl	0.0028361537206718287	0.5125459035249732	0.006512109928667333	0.3352068841929835	-0.14413002620367582	0.1811427037948787	-0.2890666971257986	-0.06501987298225151	-0.07126508703733643	0.020905354089422637	-0.1807422741535356	-0.2602354590407626	-0.058060066173261406	-0.16420052756421652	0.0019419754547069998	-0.3340904189509688	0.06154637227473938	-0.13933522750204533	0.16428442040098454	-0.21902828923515544	0.07344288829039713	0.029108473186576986	0.2970605040069984	-0.08631579242404581	0.13563972661644302	0.18931626891061024
R108_1_fl	-0.010615304648063845	0.48913893684626236	-0.016940329794305306	0.4186570566543518	-0.13510118125644058	0.26547335324856725	-0.2162824380410385	-0.0715128531524836	-0.10806681517185492	-0.03291374236296152	-0.08961204954666634	-0.21492017942328973	-0.05746089941398495	-0.18675702029797137	-0.021023742558109383	-0.2881509090320643	0.05870683126785112	-0.20542994217264288	0.1050440459561934	-0.24000712447651962	0.13464905214517756	-0.08140767317065067	0.25668035935147365	-0.11151477906426788	0.10002247170976847	0.2593448764036704
R109_6_fl	0.0010210650625416123	0.47051412274180526	-0.00807586789970173	0.297031915781792	-0.14560237436872592	0.1683008929371409	-0.31362527119596095	-0.0017361270097835182	-0.04774020824202518	0.05517173537345191	-0.2180658183935458	-0.22901340188319738	-0.07214671421519184	-0.1517914623856307	-0.021850678639915636	-0.42060819107240166	0.07837807150135881	-0.15949454833483964	0.22309626356254458	-0.2615824364215179	0.053287637570595806	0.056159531675115365	0.335385161542465	0.011846729760829712	0.13593873371556128	0.16520123883723584
R109_7_fl	0.0015887473374845418	0.4876058576690278	-0.001635449362192544	0.2785969205559468	-0.14589783166786824	0.15965354630618794	-0.2998811018313509	0.004744546547088904	-0.07447322970269064	0.03668066320066872	-0.2262314932660447	-0.24519456557091532	-0.06815318459827086	-0.1461719620778781	-0.020572423253680645	-0.40751487962619076	0.08249538808310565	-0.1634397851577578	0.21273369351881694	-0.24798066076722153	0.07714061313585803	0.05928832435285302	0.3245392349040925	0.0018274665462285691	0.13834703670274018	0.18190452802196133
R109_8_fl	0.01264519535296195	0.5037958173911045	0.0033236396026686717	0.2354095084537078	-0.18458461972108903	0.17250414340903514	-0.31448805379109535	0.0018179570647949145	-0.051615687016005635	0.0592400760173524	-0.2464267749963751	-0.21834417377327547	-0.0969710502540628	-0.17409347848003742	0.013958409936821764	-0.4197099173419024	0.09819860780857634	-0.16006039892373192	0.2664788693311833	-0.20441319715834907	0.03507774634794127	0.0560615872177107	0.29875793784563925	-0.016465964652484327	0.1656457795528349	0.1642580407760751
R109_10_fl	0.02298133672178085	0.477767385366333	0.0038415289838506783	0.3094599888436024	-0.14216373725437462	0.16059068396223458	-0.3047958182572799	-0.03458786959271389	-0.05494048332608479	0.044389045554791715	-0.231092747732842	-0.25611734382265217	-0.08565264836513656	-0.16909419778585505	-0.01872931412826877	-0.4067896619452135	0.08219557929247485	-0.14158810450742243	0.24696726338630845	-0.2231335353730005	0.03428030789490583	0.08598151509259142	0.30821609193268695	-0.012906996959924567	0.13889264085197875	0.16602909116722914
HMAC202_1_fl	0.03529025034710608	0.5207197626307981	0.0030298243906416167	0.3196776394138628	-0.09838672111446406	0.19956505229789537	-0.26450494575937095	-0.053979802697400416	-0.1006520343903303	-0.02556599499906015	-0.15753904537667693	-0.24066873553306362	-0.07715783464676496	-0.20982508046986917	-0.02023863114858448	-0.35582210272282344	0.05702522249797508	-0.1692991275923609	0.1714924125107977	-0.23425476936608153	0.09754759098530366	0.0276074608342226	0.27093862963234583	-0.01080763007723224	0.08315528207202243	0.23265332828111207
HMAC201_1_fl	-8.57863168683734E-4	0.5674395319353295	0.005939945246165784	0.38353075939846343	-0.12604485513551622	0.24935584810557565	-0.1975405433453863	-0.14020490947134812	-0.0924414432145435	-0.09654508095897164	-0.10937664961005625	-0.20973027147734952	-0.057837480305811345	-0.18203058028141209	-0.019251120036354603	-0.26785289917248667	0.04311502390785808	-0.16554663927980684	0.09952103601946136	-0.20791902697496914	0.11053709131205046	-0.06974301930308777	0.219606426689778	-0.12606178168226367	0.12463043164103876	0.2653080691623251
HMAC201_2_fl	0.0016446540750234273	0.61909965333522	0.013795739194924612	0.44193699356759375	-0.1457620820851607	0.2453305372266436	-0.10763062081665006	-0.17048971206381489	-0.05189846779297769	-0.1450208362459121	-0.05112170340763091	-0.20911203045462406	-0.034745205024917666	-0.19691855719176318	-0.01558368129474155	-0.2370766999004372	0.017468044283866436	-0.19921369167994907	0.009989387103254501	-0.20208370759368777	0.06508122539842241	-0.09554192146902671	0.15951010420062678	-0.16655604177949151	0.1392526061659601	0.31564601424924976
HMAC201_3_fl	-0.012740605805280428	0.5935071242122018	-0.011021701241568399	0.3952893668014613	-0.14732495557070596	0.3017733440995984	-0.17668634312808978	-0.15376069638418444	-0.08980921113557455	-0.10252799410216068	-0.08783324207044782	-0.21833235186441774	-0.045178000557968126	-0.19598180959132785	-0.01195268825250402	-0.25600473325512424	0.027266725492058417	-0.150765281460824	0.10629770914884656	-0.18285492946072116	0.08108049792430704	-0.07199031399983369	0.19127045580420926	-0.13925209476986072	0.17663135939271743	0.1809003697751934
HMAC202_2_fl	-0.0019215801687992168	0.54892228917254	0.009230312882320128	0.32057783364436104	-0.11113707244055533	0.21262973415463363	-0.27182148481916035	-0.094634198760347	-0.11061016994663475	-0.04823237806602786	-0.18235999431238553	-0.20405516517868924	-0.0727837225506876	-0.1508147914885397	0.013565143530668441	-0.34336522144435094	0.06701038390384678	-0.14655047100487495	0.15964203381033037	-0.20127665739840245	0.1004239239387742	-0.014060328470899684	0.273866356256499	-0.07033126249720303	0.12689586991578336	0.19119061733779968
HMAC202_3_fl	-0.003945323876214893	0.5826417347167844	0.004512355718503905	0.333631880853451	-0.08531591769425537	0.23170193392317412	-0.22291116276209258	-0.10271883660225886	-0.09934304973603243	-0.08852342994007156	-0.1379363250618728	-0.2107271836718746	-0.06645593574730499	-0.17585167066059837	-0.023008841696788334	-0.3174422087385684	0.05190207532706817	-0.1423150625505865	0.13301777981749383	-0.22485652520390476	0.1016249435143697	-0.024411673902170628	0.25236647738638845	-0.08381566357968147	0.0954929248107375	0.2226867053563065
HMAC202_4_fl	-0.023389323415119297	0.541992587855004	-0.01582757192179611	0.3875995628836989	-0.11826855718890572	0.22133122792296991	-0.23845790930221042	-0.05231473308566012	-0.0970276988763139	-0.015258714152205624	-0.11924336196058648	-0.20504615498186934	-0.0473994330485121	-0.1776888529572977	-4.666308682442291E-4	-0.31318542337125993	0.06065171308361292	-0.20666808449368182	0.11645094194913666	-0.23858539700412704	0.08799702568644635	-0.04173973603946546	0.26386843190503506	-0.06394925729677109	0.13111237395745712	0.1635129747206645
HMAC202_5_fl	0.041885782194545855	0.5621985829712783	0.01992414669034646	0.34542727521012334	-0.11316367553597653	0.21141434230501707	-0.31012442683605584	-0.08720545250252071	-0.10735524399709563	-0.028838062609493335	-0.19636053211125737	-0.2490091941946072	-0.05864890541015879	-0.3473544668172279	0.01484963293777428	-0.2517387402842589	0.08120470197888806	-0.2898593595534775	0.0845697068860325	-0.07753034596305469	0.22709267112790785	-0.11307964915613586	0.1348026470400239	0.14408652977764935	0.1813234950350254	0.1814885408167083
HMAC202_6_fl	-0.004882546679359161	0.5217629476203529	-0.006254823415850631	0.3457791811068107	-0.12533526377849258	0.2251068383918628	-0.2749019002493145	-0.020165672506811623	-0.0829518643341234	0.005081288300252436	-0.1051866709615432	-0.2444667320717889	-0.056674341163016236	-0.22273414836944297	-0.001155367880498137	-0.32243174419964254	0.05418791146449808	-0.19272726955368552	0.1327564541328633	-0.22851516812815365	0.0820924758591419	-0.009580884251373623	0.2646017938204275	-0.05678665683792862	0.12370414318526748	0.19967802049954894
HMED201_1_fl	-0.029400529275922405	0.5795740227314938	0.00579706717318753	0.35363260339329056	-0.13704931476789073	0.2245177500463372	-0.25438718859191367	-0.07045399717625431	-0.0952817857856006	-0.013151582548494134	-0.08139087937189869	-0.22498659250333364	-0.04477708376548081	-0.19665409318187285	0.004944711928778184	-0.27964701980795786	0.058386286469358784	-0.18347395727645438	0.09881127781012361	-0.21338170108183008	0.09449631598158674	-0.05479320888726068	0.22215418652470678	-0.1087639692020739	0.15769693567096477	0.1875817454944108
HMED201_3_fl	-0.06877186898398065	0.5350979021887283	0.02031821567966477	0.34847655519517096	-0.1345530483615972	0.21510674846658795	-0.2614358721781105	-0.03864534219351676	-0.10377509080887574	0.009762610215634408	-0.11042144062774838	-0.2233582191361747	-0.05519688677885904	-0.1858046978890541	-0.007813947561022154	-0.3030785052410637	0.05268287348230234	-0.21517264693008803	0.1070329834997607	-0.24468983431593339	0.10443026611503749	-0.016586800554062073	0.2579348298666429	-0.04422897550543699	0.19956898665678546	0.16312120569920796
HMED201_4_fl	-0.014239035299156641	0.6215599884522656	-0.006731024860507251	0.40412816584598404	-0.15728209732440024	0.19860203376771743	-0.19299462598224978	-0.11264569161560559	-0.0958907819660235	-0.057002034393261375	-0.06166309000133925	-0.220687225371225	-0.03965986975955797	-0.20337490341889966	2.5067966823496754E-4	-0.22557372173041096	0.021028190250005258	-0.19587333858936154	0.04879024249648814	-0.2141543861368278	0.09485545469661014	-0.05751420113435784	0.2158384244163686	-0.09846763471112789	0.18769753366552713	0.16100294903511095
HMED201_5_fl	-0.005557373889032213	0.5630619705068586	0.005579987667558149	0.4515359755874698	-0.12192085064933418	0.2102978118718111	-0.19979769152949065	-0.12059599492278993	-0.09323782534333921	-0.054683774912659446	-0.06357593324446967	-0.2293706032787171	-0.04225981954513157	-0.21131461485559003	-0.004757492666265548	-0.2582858746112012	0.030277808903702456	-0.19865697696598283	0.05312141535931322	-0.2155030407542078	0.068564117526139	-0.047745058592596895	0.2201769685474892	-0.09573359269506078	0.15338668886286067	0.20699377362266608
HMED201_7_fl	-0.013304965504128505	0.5514341438485771	-0.008160325446361895	0.43276037496415676	-0.13147076862283494	0.1945823199954082	-0.2235272240970697	-0.09605828512820848	-0.10483432134874483	-0.060842554805082286	-0.0935201163035619	-0.21084752025105702	-0.056301287842428674	-0.19113382928531011	-0.015042615135789066	-0.27157386330408434	0.04681220107751466	-0.19137254121672145	0.08710712054936465	-0.22351587669510803	0.10147866689543933	-0.03951590461968373	0.23573944982685124	-0.06943983090046313	0.17502418595175018	0.17552336739757665
HMED201_8_fl	-3.837956379109733E-4	0.5266124671605769	-0.023230965315538574	0.35553732884108774	-0.18178481308280248	0.23363068711992085	-0.27829157143397987	-0.06677251448669272	-0.1275701252677137	-0.014218032989036601	-0.10231096458753353	-0.2340311286845403	-0.04400048748580469	-0.1844882771635319	0.017077512422082615	-0.2876100769609989	0.05776726227677381	-0.17269172701391955	0.12443864937800075	-0.22220300801630188	0.09213665556707709	0.001498052430008539	0.24901147591699976	-0.07599428499245056	0.21714116725034996	0.14073051475587836
HMED201_9_fl	0.02598502000483182	0.5546745923012525	0.012500977972795535	0.3594082282430557	-0.13680248927732058	0.238724276617998	-0.24257949202965154	-0.12835855974311608	-0.09806312758211432	-0.05698458226225285	-0.09055105887287873	-0.23402294082172292	-0.048661371548190085	-0.2012078972048833	-8.956599754166364E-4	-0.26337722322490376	0.040290845108435634	-0.1962094023054632	0.07110479149906691	-0.23364023213448554	0.104041520989694	-0.03661297394772974	0.2365483969720842	-0.04829056275588631	0.127081646738664	0.24589727723813748
HMED201_11_fl	0.0074452113175976845	0.557810079258019	-0.005387882977091606	0.3544134699421687	-0.14272745099258172	0.17769200194222692	-0.24034887470761632	-0.06065009414939396	-0.10248263832971988	-0.022407504291575515	-0.10673810056137631	-0.2425012214990976	-0.0657212616933591	-0.201619527170057	-0.03127207185966105	-0.3032597858956372	0.04772951063186273	-0.17652861841876716	0.12166200003781338	-0.21889420878424581	0.09720647187656128	-0.012691644337499298	0.26268689257855615	-0.03792159348325687	0.15794819467901478	0.1865586468871158
HMED201_13_fl	0.010790053540147698	0.5484299642012267	0.01979146931073847	0.33223601246149703	-0.13539398459909424	0.2505291567632961	-0.23007001583877473	-0.12460151221355004	-0.10993703920287083	-0.07186323598616123	-0.08084351583760732	-0.24584643028812542	-0.059166539634879944	-0.22610606440849582	-0.02562582370613487	-0.27639528487319953	0.025290859407249663	-0.1750396246205112	0.07569958697173819	-0.23252170293497337	0.0885538500221178	0.03860755972978293	0.2595498183335498	-0.05432569056384394	0.16136128123382024	0.23689685273305824
HMED202_2_fl	0.026524452729558015	0.534293280254571	-0.014749397158830932	0.3247144322490884	-0.12989723101113898	0.22239709196085916	-0.25535144613617505	-0.09313850034197421	-0.08553883511685255	0.02034790747650938	-0.16555924048494192	-0.23870306513738937	-0.09678986898719169	-0.1910502406308141	0.015207295267635736	-0.349909026048081	0.08688017048003943	-0.17112133183907013	0.15828038651287424	-0.20647667212488208	0.09101524431861883	0.013899830087761971	0.23536311150355757	-0.0475424171146251	0.1346153580828477	0.18228871120804654
HMED203_2_fl	-0.018786159448589204	0.592020092828209	-0.0032292992269564655	0.2896244355026181	-0.1919248583488692	0.11736938711889851	-0.2962845062446065	7.901819785040842E-4	-0.06369862606267246	0.0407589698947042	-0.1710380944107872	-0.20302579594506961	-0.06385005792099742	-0.15112041776727358	0.008522340775347276	-0.3613728877282085	0.08413835433571329	-0.16007760474236393	0.1956622127231175	-0.1954713145556286	0.07258637520432791	-0.004100223730236879	0.26585556274763006	-0.07414556629525576	0.18204675587734268	0.10875074344110296
HMED204_1_fl	0.021821556314949704	0.6152805444477966	-0.042141334609521006	0.35600807096834963	-0.18489780419864404	0.13394843687340025	-0.25397173778127274	-0.07807850011180181	-0.11815577800617028	-0.012080409687661131	-0.12267450613809379	-0.21688449335757035	-0.06988914185894059	-0.16047503585426826	0.01638811793611794	-0.27907255129119324	0.05954524748023858	-0.17319483887948411	0.11771439769383386	-0.1978673454138998	0.10044845440711041	-0.022876061437012096	0.25358969993599384	-0.033756164563806604	0.22222282882439817	0.06904834830715155
HMED204_2_fl	0.0539941785082937	0.5704195554329612	-0.015415070459808597	0.3084305974368432	-0.21436129621742095	0.09501907183769054	-0.2762941287660726	-0.030640720288360505	-0.06675919895604117	0.02583287435791037	-0.16380076824877626	-0.20617933876427455	-0.08876131303309717	-0.16889171378416717	0.014100532015196857	-0.33631656792826353	0.08003470121182783	-0.18525959390383803	0.1562487763965102	-0.22781695965779386	0.10331341579364484	0.0020270964496558776	0.2770324850729212	-0.013848643877912889	0.1406676866828235	0.16722434268954947
HMED204_4_fl	0.02217084601356905	0.630081387623945	-0.017710876311252934	0.3453953940583225	-0.13061854436995954	0.17283005491887843	-0.24413338077875105	-0.0886234808175946	-0.0857667556387445	-0.031142637949350724	-0.11332789261857297	-0.21696354014059857	-0.06380757102039039	-0.17990286702669123	0.010453531674819522	-0.2867630637179672	0.06551828068343196	-0.17550140444530032	0.1253363937071	-0.20617060350946714	0.08675088053779166	-0.040093553437977006	0.21610718814960425	-0.07167063253242159	0.12902789997135516	0.14852494697622246
HMED204_8_fl	-0.010337364730648266	0.6422012437350172	-0.015789503074834142	0.36002801683618335	-0.17173141314873874	0.10413069194926458	-0.23155978337489633	-0.060805280664345235	-0.0832763834670219	-0.010692647640681906	-0.11128300427938884	-0.20568002987584716	-0.0628749700917137	-0.1819377137279961	-0.010484257685066774	-0.28997173030799933	0.054456082918363666	-0.1643381562021242	0.1191390702532221	-0.1956654438803687	0.09505070657014501	-0.020358446695283326	0.22932385650722556	-0.0833386821757337	0.1993669636033525	0.10642817864991527
HMED204_10_fl	0.011882788593450724	0.6527500059751592	0.007874005485278085	0.32855126804014295	-0.16411635901396857	0.08941116478639738	-0.22715426166266806	-0.05122558682800246	-0.09594434424875745	-0.014139528333248828	-0.11325193409146188	-0.21255450765806647	-0.07097431616021466	-0.1956336789196101	-0.012183245061666872	-0.28254109841733555	0.05127368248272115	-0.2386445110515439	0.11732139933949692	-0.18718947167213965	0.10760562298046183	0.0042544422288499275	0.22654944847540706	-0.032301078441001656	0.16111751288192136	0.13926258029039906
HMED205_5_fl	0.00935029138700083	0.5647740802464423	-0.010560725516124012	0.42048453848324735	-0.10035354422712398	0.2603948181059986	-0.21516786280336864	-0.12124103323852035	-0.09504332845162172	-0.054480528576248695	-0.08917155187194264	-0.23356056577350182	-0.039389407729122444	-0.190139462383031	0.007685955711962712	-0.29232644768682375	0.056686194575181745	-0.18367953709254778	0.10584877099699784	-0.21467451357320477	0.06755352783865184	-0.035891719904763135	0.18766407854145326	-0.1081662832617753	0.11489760154805599	0.18850665465472782
HMED205_6_fl	0.02144682471427011	0.5792845566238204	0.007216134655810523	0.4356232824166893	-0.10842293835948766	0.23080396226723476	-0.20490618062381122	-0.15194437158516588	-0.08634822004489331	-0.061954601398225485	-0.09616528837621979	-0.2350413207478754	-0.046566121095213214	-0.2096840233800573	0.005386895495723243	-0.29517037426529935	0.049073115194950334	-0.15068199341712613	0.11220346235214256	-0.18225577344819915	0.05939957465566636	-0.028269141480756786	0.16578703435677344	-0.13027651654268785	0.12189570707428864	0.19956631495764865
HMED205_8_fl	-0.01587339024656506	0.5678230012842888	0.02619906243971581	0.4013156996691667	-0.105816720206251	0.18463547632375973	-0.2231448890329144	-0.1078441349282613	-0.09641159471763731	-0.055352428887839575	-0.13602983775395405	-0.21125429705545504	-0.06114018515193083	-0.1671900872875693	-0.010389139995258544	-0.30469562657540766	0.05239462383549286	-0.1806702025167131	0.1249992511469668	-0.22547564311929902	0.09080657121713868	-0.006757455445767335	0.23396232301075198	-0.07779889757085555	0.12044392545444624	0.1832645961099523
HMED206_1_fl	-0.020839774381368623	0.5657431724050331	0.015706923725271042	0.335887461351565	-0.1554979286764032	0.17951473610457486	-0.2349261693386273	-0.0713655323292555	-0.09565361957321518	-0.03345925192084325	-0.12042694496303416	-0.20813454655092395	-0.059837373745772846	-0.1793433010908458	-0.036905610997067934	-0.2908098839719794	0.05171592271915388	-0.17765034618394324	0.11418836390238014	-0.2363585105653167	0.12933605089301325	-0.04199301192530901	0.26422876659031613	-0.06620660355121545	0.14891139384535512	0.2241756182284584
HMED206_2_fl	-0.014762509444922453	0.5588889671721196	0.005922450314501851	0.33152289710403693	-0.1553326735215508	0.1663437356071818	-0.26696735398473875	-0.03811029149358632	-0.10863048853423571	-0.01610301660158653	-0.13562744176403377	-0.2179920636516923	-0.06057728487090524	-0.18592021132484993	-0.00866811775426142	-0.2856959623861583	0.05775853003454754	-0.16695565435725535	0.1375690871636528	-0.22605432185154786	0.12276928177628796	-0.03897600830997754	0.28129704798186167	-0.07633367659025134	0.14524947260379717	0.19538560668356755
HMED206_3_fl	-0.02358858363110254	0.5797619696010379	0.014225586961181615	0.3664195862945575	-0.13906522215225758	0.2175589936160656	-0.25522115528937306	-0.06862709322246698	-0.10203666546202009	-0.032715776434713656	-0.09406257808283358	-0.22640931241075046	-0.03745112608409204	-0.18037771265730154	0.0162781157530658	-0.2698741084378514	0.05978470025720907	-0.18596960100681967	0.10698558382481153	-0.19813065171790842	0.09342997881703687	-0.07342463328596147	0.2217965438143281	-0.13054832928025314	0.1389248212740455	0.202336668942365
HMED206_4_fl	0.0027603828437516714	0.5383410450341856	0.010192640838453188	0.3335591639221813	-0.15475801650067772	0.20784858264012976	-0.26940053998657737	-0.049019011053336906	-0.11937153382717992	-0.03418918214458404	-0.1363455310223577	-0.22712508558287997	-0.04468503820828905	-0.18437982810771866	0.028500867157751	-0.2900021509236308	0.061099553754576874	-0.1948973578232998	0.13654471239050878	-0.23081501415852715	0.0693193732828634	-0.006179403354470007	0.25375722018997765	-0.07091855716774911	0.16238590908719883	0.2077767987196994
HMED206_5_fl	0.024461205729725988	0.5575090525648665	0.001716496486249136	0.367802589816672	-0.13437606050059273	0.21213521594569595	-0.24630948872069022	-0.10513041715807998	-0.12986714784012482	-0.06983528907977944	-0.13032911999156788	-0.23317678993844476	-0.04945145957894936	-0.1845080732946529	0.004922923415754461	-0.26958257905698385	0.05919994172127861	-0.1833094059271209	0.12730313453103578	-0.20026117861790887	0.09809304462301857	-0.020026482829383012	0.2303736398723309	-0.07979633968638308	0.14426289025253144	0.20817969726150284
HMED206_6_fl	-0.015191846717389962	0.5842394891420188	8.39211378889787E-4	0.3508241453703495	-0.12161699833683727	0.19675870660549147	-0.2154584023897174	-0.07628018591387123	-0.11488910482215717	-0.059699667549267345	-0.13599358326989666	-0.19965385250141626	-0.06995631874419385	-0.18351242483893992	-0.005287149178716557	-0.28594608790863485	0.06508324189077509	-0.18439004729893788	0.1304863648669097	-0.2067482268934716	0.08701600721202597	-0.03652144709849122	0.25527399571742093	-0.10198770245335047	0.13969458239288732	0.20291730133852054
HMED206_7_fl	0.010632330751113889	0.5894874631458785	-0.00465054945525642	0.35923883493246606	-0.16607538118369564	0.1641473609098195	-0.22300329171943994	-0.08036368331073532	-0.0995199305715342	-0.029204929211041154	-0.12055957987349795	-0.2311758541822383	-0.04202905255777327	-0.18134928836214978	0.005229289902221761	-0.2692271027488341	0.0439011369400308	-0.19372510388927686	0.09578970066766226	-0.21798895464552093	0.09348420049799369	-0.023187829611058648	0.24019174143026845	-0.0779696001034903	0.16660938517190635	0.19131868707618077
HMED207_1_fl	-0.0039011643019404157	0.5614334975748915	-0.009863620379182467	0.38971345414286657	-0.16018759544866837	0.2209672616934481	-0.21250003029533612	-0.1425891195815979	-0.0870980825687548	-0.058443200908929786	-0.11396571007024847	-0.21201618565845948	-0.06711380743460969	-0.16732464978205286	-0.017446079991133234	-0.27957474762302675	0.04726889017443908	-0.1380571916981907	0.1141087261483982	-0.2080508241939777	0.1132593589374279	-0.040765816256006386	0.22225534516163536	-0.13415134675641735	0.17518377006797337	0.2088588690474517
HMED207_2_fl	-0.014143596993043017	0.5248505521458664	-0.006027262558784573	0.4062157069052747	-0.12478935859412983	0.2728522983022818	-0.18020982376988703	-0.12486989890729105	-0.10697326431959991	-0.043027190324410367	-0.13777692220642457	-0.2052807207816238	-0.07987976312386276	-0.17852542174444286	0.0010769745078881288	-0.30420945221510765	0.07227348965438701	-0.18146201238728502	0.12371593469992252	-0.2171677938714966	0.113701185379169	-0.05328660356311987	0.2145704430687176	-0.12525927289619534	0.1244619642556472	0.2291698093375497
HMED207_4_fl	-0.0067813315108902344	0.5674571205000735	-0.01147344913948517	0.41960601115884566	-0.16935103787962655	0.19733143335495842	-0.17750173481072667	-0.11338905059318509	-0.10176892849256272	-0.059837998582161135	-0.11482898076146186	-0.2049271892645093	-0.06707237010441278	-0.17411305290948434	-0.006111258963700846	-0.2778547600374329	0.05879513911948332	-0.1673640379910239	0.09842896312984056	-0.21321150175741513	0.10289663438179569	-0.04422906095923401	0.21413663979527897	-0.12344335794907117	0.1806317152364677	0.19397544502963934
HMED207_5_fl	-0.022847369854849107	0.497382138168938	-0.014944472850207759	0.4093151388009099	-0.11364107838113902	0.2820797307938765	-0.2562005929747121	-0.11478012028705746	-0.12768872946122972	-0.05529145251569459	-0.13281604754764526	-0.23096971303236588	-0.06059837744977714	-0.17440722544261864	-0.007820323525403537	-0.2920356260253186	0.08190547740432513	-0.15341030896627045	0.140133012144538	-0.20404018039796368	0.12994737455727912	-0.03770981734419361	0.2122558198760826	-0.11516997997988412	0.17231530806273906	0.1890374162276424
HMED207_6_fl	-0.004281555889754707	0.5470498201394466	-1.4967398529547316E-5	0.39794719606984585	-0.1341443194387648	0.21436771975221552	-0.22797562824395523	-0.13506090960125386	-0.0890726735742418	-0.04806993525206387	-0.12185628782576209	-0.1780800388129121	-0.06019545820332448	-0.13826449881181777	-0.005156232673404874	-0.29726219091365697	0.06316813360468201	-0.1695157300150687	0.12221085235523534	-0.225505195523533	0.11418029093724996	-0.07669983560308814	0.23258194802538448	-0.14383310715738656	0.11055589832518636	0.2529267057292729
HMED207_7_fl	-0.014947552313575807	0.5475272631061028	-4.022767354521714E-4	0.41123914282092805	-0.10880500056210911	0.2847446517035137	-0.20968336926136974	-0.13275673083046147	-0.10054744808210808	-0.039994335116195344	-0.08134246598717525	-0.21766995976445108	-0.05091778229029123	-0.17858390720720835	0.005081013088465827	-0.3128642189956458	0.06325704668690403	-0.16835295460392355	0.10269178407568344	-0.19973592099931095	0.09389334101047045	-0.0744306976401162	0.1786824431872391	-0.15026214567993526	0.12304026718331847	0.2311398132067026
HMED207_8_fl	0.025161924711639555	0.5799230999854658	0.03138194785929628	0.38402031317962676	-0.15083894599183756	0.2138918246336166	-0.17057817847765835	-0.15581281208508752	-0.095589573523313	-0.10072666052765972	-0.13851773815152135	-0.22678948056942128	-0.0812588856685912	-0.20235206654294477	-0.014227923863568002	-0.29572818047840754	0.04999101059554192	-0.14712372495471954	0.11175334707613084	-0.18613984790350105	0.09703876548579961	-0.01065823628813569	0.1940269176334395	-0.08756169102224773	0.14165733231464128	0.23505746257341634
HMED207_9_fl	-0.03360012894339898	0.5718325988996842	-0.02046180809562874	0.40065619620986864	-0.1141657633600996	0.2531412998247581	-0.19198794408300773	-0.12542753238563104	-0.09036393781451399	-0.047914036063829574	-0.13092409291268997	-0.19614393409371753	-0.06574948270568376	-0.16126521614782263	-0.005238304869431276	-0.28723440311286397	0.0692172528713597	-0.16295097875746384	0.11960627332893027	-0.21319449911243843	0.11350770480406748	-0.0692132428296864	0.21144099492575272	-0.1516008985607886	0.1387192368543437	0.18931464612993026
HMED207_10_fl	0.021865443654742953	0.5670938671099212	-0.010775629435057346	0.4264186246435494	-0.14623881618545229	0.24728840840105898	-0.2016380360183219	-0.14318576752965542	-0.09204771312718145	-0.043367375193264265	-0.10213742949935263	-0.23174921906170443	-0.02287024696440519	-0.22752585303506212	0.004380779390435113	-0.2585064355564123	0.04784798170849834	-0.16937291419351264	0.09159073868961394	-0.19670730452285912	0.08322193857939975	-0.05205560255863495	0.17938763451704634	-0.11567509815136912	0.14741335469003483	0.19734466964794484
HMED207_11_fl	0.0521363505665309	0.5435856410034515	-0.006327344418093531	0.3982456063455761	-0.12814584303821788	0.2501659298008081	-0.20538155854510043	-0.12046414409261277	-0.14310629078368295	-0.07374105401779084	-0.11536771635653287	-0.23491300602475063	-0.056389142531959605	-0.1689548161236072	0.013782824461570621	-0.30622179726185805	0.07399764581649751	-0.16769544066935435	0.12476248123303268	-0.2125610817782232	0.10871776427701173	-0.0541803301224632	0.19645159941212825	-0.09215633515155354	0.08486922990681513	0.2388908280923784
HMED207_14_fl	-0.016757288037765328	0.5521538072791158	-0.005303085453901249	0.3980854152709134	-0.0802290019083596	0.26335203160216875	-0.21577144761035616	-0.14369787145760274	-0.10143822576552664	-0.08562257533531033	-0.10465693510028587	-0.2252240706687373	-0.0674509725289652	-0.18912726473072716	-0.026198134669408003	-0.2691724376048552	0.04509157371112109	-0.16169799407967936	0.09971654975035858	-0.22161512424014476	0.11643623728279445	-0.039527873726885536	0.22381257525113182	-0.10828985813979519	0.13274815507916216	0.23038381583153936
HMED207_15_fl	-0.012774653089941593	0.5675040475648374	-7.600324898393643E-4	0.3904487411322965	-0.09859101156658545	0.22980369370579787	-0.20730225878497038	-0.12689263943963056	-0.09470628953591079	-0.05860202304024313	-0.13115876412775396	-0.2094520537320102	-0.07680239456787835	-0.1820742519471263	-0.01424330613244778	-0.2834407965571684	0.06585299558312152	-0.15515306921597205	0.12424384710697872	-0.2037188629443572	0.12422380774328001	-0.07818133342210225	0.21274956999254377	-0.13250691995799851	0.10926848986940364	0.24226546785367634
HMED207_16_fl	0.02322283589078391	0.5527074410887701	0.008886453923872481	0.3945868502272488	-0.13331687288974037	0.22976587359458106	-0.21323668105345564	-0.15283257803854094	-0.08969244979895201	-0.06080981329148527	-0.10457535386983371	-0.23143060633760945	-0.05406368830031614	-0.19070925171388126	5.100728204620944E-4	-0.28330852964810604	0.05790822690208058	-0.1633856073263389	0.1045678574811566	-0.20990094708253773	0.050016413482966836	-0.007936630247196805	0.20301969777409418	-0.13060522103645753	0.14675348763688156	0.25385901981155307
HMED208_2_fl	-0.009120813965017044	0.5305791640308376	-0.005384810850811557	0.28393469276956396	-0.1800333539836245	0.18334922588240216	-0.28194735166915924	-0.009870924804314944	-0.08696778044503238	0.015537947214441055	-0.1506478282689934	-0.23093901752204127	-0.06341726126510412	-0.1849858662421498	-0.0016932904152222664	-0.3133012478074203	0.06798527537818999	-0.2160373943223531	0.1364029842227908	-0.23217671263439707	0.10406267891575603	-0.0019313008740009432	0.28785875288516566	-0.027189094284605673	0.18290279946106197	0.20303052859403836
HMED209_1_fl	-0.020094828038444187	0.5639283002098424	0.019850923064307212	0.35620523407856713	-0.10293816136216158	0.1842387873892744	-0.2074523831288397	-0.08473077002453476	-0.11110000381955885	-0.04537111844958597	-0.11962829664519836	-0.21961114868998513	-0.07439325428836221	-0.1877145852799494	-0.03061031308444577	-0.3031921236122857	0.04621123980231025	-0.18649478082927634	0.10497929397627165	-0.252165997088342	0.12482659104917875	0.008073102812815655	0.25022176479544966	-0.06705761754158128	0.12012742767949335	0.23389271702504072
HMED209_4_fl	0.013942789116118987	0.5878508429760422	-0.004026859331652942	0.4115640824366627	-0.11673479657629562	0.1838597112056999	-0.19266925454375383	-0.1015412826578415	-0.08964014470197465	-0.055839994416807384	-0.09858352593091865	-0.2113395391083737	-0.060372105442210486	-0.19331714675782508	-0.011887666550829804	-0.2849079036310534	0.06005110686803118	-0.19415743078376124	0.09228848437672843	-0.21515776716413876	0.11696470954464204	-0.06878130046821224	0.19254190870697244	-0.10168986003261737	0.09812535446514342	0.2434575884022256
HMED209_5_fl	-0.03822712539297871	0.5440123502734724	-0.024042022208708803	0.42640197283206194	-0.09859626937455851	0.2187250087368814	-0.1911872032625051	-0.073026521314246	-0.10550829639755793	-0.02497327489692827	-0.11508852047052315	-0.22499624724591408	-0.06368220298458503	-0.20029394957716135	-0.023353857895000583	-0.2966144818512216	0.06248569066592659	-0.19635774524524668	0.10660633437704113	-0.2369875174187904	0.10747099063576594	-0.014735500216049005	0.22070935989543167	-0.08607975766357577	0.1624131224122521	0.164925663586717
HMED209_6_fl	0.01979887089374638	0.5635278377794395	0.016950524583074673	0.386547519983077	-0.1464025550783639	0.22803162108160518	-0.22777983314225703	-0.10791407732057172	-0.09886999544406229	-0.03951953245167703	-0.06729883075777449	-0.23864207174539784	-0.041170664023445616	-0.227067155633579	-0.0028958976798007866	-0.2830283407148652	0.0558781865073775	-0.18998117691515679	0.09501100581263483	-0.21391878270219727	0.07787948316152082	0.0027814832476236243	0.1848385479026813	-0.10193942525863312	0.13406115726466855	0.2211221006503332
HMED210_1_fl	-3.332913454028516E-4	0.5032597918835008	0.029862587912555763	0.3461603094260715	-0.14697921201932249	0.1954169852126828	-0.25744835723036497	-0.03686934511040527	-0.1408491033186029	-0.025018169453929078	-0.1537877081915308	-0.24455636980024012	-0.09130222444299795	-0.20762504402208526	0.017400712726662715	-0.3420844975969186	0.06979435070270014	-0.16731058738032897	0.14498329743024624	-0.2017600856302438	0.12238697173662878	0.002766698567700081	0.24669568009100534	-0.036949900548811185	0.1595762959484222	0.2145702144530065
HMED210_2_fl	0.03136026165955608	0.5483575340299626	0.017310128108087353	0.42168068482115817	-0.09805630523916038	0.25439544889880894	-0.2643400853349813	-0.12008829781288795	-0.12116702076255964	-0.0656097992522161	-0.06543863893928956	-0.24425009022276856	-0.02749305713923876	-0.19549278857178354	0.03765434895825931	-0.29045159762301853	0.07329010688654432	-0.18031424315488565	0.10807454124007645	-0.20323120626933558	-0.028709440478711365	-0.031905122479524844	0.20151424759347047	-0.09331222188519836	0.13600091344794754	0.2002216995216897
HMED210_6_fl	0.032489412966813125	0.4764843755265611	0.004201115611512249	0.3599770605837858	-0.15046495381593358	0.2416420061961487	-0.268519139077448	-0.09178759191183533	-0.11623219866161102	-0.045878488110472015	-0.1472619013470117	-0.23192136001960934	-0.06912753413440414	-0.1984813078243327	-0.01056254233496829	-0.319486113887001	0.05691804277671582	-0.17353525889433336	0.13361929285532528	-0.21082109890344797	0.12151099743439887	-0.018693077242947942	0.2842517929080528	-0.027645080706144635	0.1291776148185584	0.24014593519362828
L201_4_fl	-0.010362549389388832	0.48898497489786197	-0.0063597223267742795	0.4037224491253184	-0.1642619452198967	0.15281865566505815	-0.21469255643299515	-0.06779847963820092	-0.1166929775963639	-0.041104736670224434	-0.152175215447462	-0.2001171861684241	-0.1007097140205913	-0.19242163583845973	-0.0505446299946248	-0.3249822338979978	0.06562268421341634	-0.19232684054015298	0.1397005273536776	-0.23399748190081868	0.13345660369371373	0.016905905692478837	0.26042150004737935	-0.017081409871495905	0.21659799511990932	0.2073980191450559
L201_6_fl	0.02876285529058195	0.5432838834161363	5.265281368530064E-4	0.4144886373842024	-0.18325087417287705	0.23670874042727247	-0.22602098051959044	-0.0917456685766554	-0.1205036422465694	-0.07288704242072193	-0.07984971746586238	-0.22444225570067297	-0.04496800736533259	-0.19777706240581516	0.025770231887706815	-0.2763621823097288	0.06416551977812512	-0.19316225023394396	0.09607124103202995	-0.2006888415092244	0.08387125126363502	-0.054055783818402155	0.18835647573083805	-0.09019894253803151	0.16706911865046228	0.20683876828558506
L201_9_fl	-0.023041189867126333	0.5280111846143716	-0.019415593806419898	0.4036502704044382	-0.12172961127049921	0.2147490225661589	-0.20626470164071148	-0.04177945163752902	-0.11417089207660219	-0.02946493557018108	-0.11307200737487422	-0.2059291743092814	-0.07923781877685204	-0.19989341220080706	-0.013114421413695305	-0.2968913542983429	0.07529405626099236	-0.20543622256441188	0.12815751559072153	-0.22730786167233752	0.13375641996837956	-0.08013147830465162	0.21872880369933526	-0.09691856416872291	0.13410944070735142	0.23734197714129573
L202_1_fl	0.013066259858082456	0.5128224642477098	0.015814480116641612	0.4377630277279745	-0.13160237833203742	0.26017055803831657	-0.1896424606149529	-0.12555872291195005	-0.09680150995926376	-0.0702567438293643	-0.09147102490464469	-0.2312771166920633	-0.050713527006230844	-0.2102916813934041	-0.019842793436391455	-0.2595070292872307	0.046003997583447795	-0.19141499440597218	0.0960599111897484	-0.22618425000714595	0.1138515858697483	-0.076206972505703	0.20855094159945897	-0.12416546750211771	0.08672651803639392	0.3041069285209519
L202_2_fl	0.007819853581529937	0.5291818046267444	0.007502807594929051	0.4203719848565729	-0.13532398019722658	0.22077216722940993	-0.22459159913986798	-0.12485401534272647	-0.12381026968828365	-0.06618380135073562	-0.09794205704606818	-0.21522950972612975	-0.05915699435114978	-0.18545494081008285	-0.007118444251458758	-0.26716674773836413	0.0658603733132202	-0.1878248583419259	0.11097087399415174	-0.21972963181347066	0.10860697584610904	-0.04768985955252654	0.1965929703267623	-0.11118042630117797	0.1505894900173532	0.25498783426441285
L202_3_fl	0.010016140192025208	0.5410469398682841	-0.014621376139167037	0.40832711164025376	-0.16090157122539747	0.2602569856772757	-0.1807659699409055	-0.11615305567843706	-0.09603259288460664	-0.04370095639054874	-0.08415656927926135	-0.19901382027123676	-0.052704720976278374	-0.1825482630612021	0.011120560045278484	-0.2759472828221702	0.055248934613906814	-0.20726702950992915	0.09071618138679385	-0.22592078306975763	0.10058337683230677	-0.08810983287529342	0.19979257407379664	-0.14733090278510072	0.12170503330150817	0.27636088927786195
L202_4_fl	-0.014396640535120783	0.4956307464230456	-0.012824954662175703	0.39539410963222704	-0.13638784687457975	0.27260728746450785	-0.19505735476388625	-0.09998844162499336	-0.1209443630520229	-0.04630240531321744	-0.15107162401563964	-0.22188319814857055	-0.08464798626187432	-0.2001685186922638	-0.006010628894029889	-0.2906006458606578	0.07369782556622992	-0.191679560981178	0.1345186908975611	-0.21337817935062298	0.13472527014298613	-0.04026344488874028	0.2144039570500415	-0.0987322134225066	0.16399565540251057	0.2393644647629694
L202_6_fl	-0.0024343386990937563	0.499895957832167	4.361388445291367E-4	0.42296774030501205	-0.13077926712514526	0.24400445269083285	-0.22536636558042766	-0.08613565578355142	-0.13493026084494447	-0.045206426054698726	-0.10861389796551582	-0.23316549797858474	-0.05399656865305523	-0.18201065784175685	-0.0034590636973078556	-0.2812032967313424	0.06763013165505133	-0.19746675910749886	0.11423431534608722	-0.2356522419720473	0.12590954216496636	-0.04879895484912064	0.22151669831020493	-0.09084089216918276	0.12985293624465094	0.23361223165977207
L202_7_fl	-0.0033289534057710096	0.5688085626242525	-0.0016718531285613292	0.4261370174587603	-0.1263316582101086	0.28477630624860906	-0.17055549740038545	-0.13670203644573353	-0.10212754565760587	-0.09567446893440328	-0.06585424210959014	-0.22275710613625943	-0.04099490113055047	-0.20490124821360953	-0.0010248637209858795	-0.25374424313521415	0.03707613485973174	-0.18686264800278554	0.06713267281575018	-0.2093010171982899	0.09014886173668551	-0.08609700119205857	0.17968012863720215	-0.1336701325272563	0.13785171671418833	0.24998801545398905
L202_8_fl	-4.887585269558598E-4	0.4987891456187021	-0.007004125850226167	0.37315676519445046	-0.18751534862154462	0.22180857636099863	-0.25074727002016634	-0.04459722319274541	-0.11276699033904597	-0.016344967931099155	-0.11894523735964968	-0.22678649306899593	-0.05973501363589137	-0.18940831034490474	-0.010288768264125267	-0.3015170189145915	0.07185115137149364	-0.20677121968782333	0.1171920978491233	-0.2301154093403531	0.13557395200494404	-0.03706215189012464	0.2524494382852361	-0.03945589258224483	0.17042487310680832	0.19830419977873154
L203_1_fl	-3.19843079442661E-5	0.5563087267033052	-0.015853133956283474	0.3745634549023136	-0.12072430810017575	0.23278496726216744	-0.2365024094023322	-0.07515610738911302	-0.11926485264986766	-0.03361370465301462	-0.09008714487447093	-0.23492882288921216	-0.04934374302616844	-0.18780624285879705	0.01629284494595941	-0.28072647802058354	0.052485358960577655	-0.20035162577885895	0.0791225084943765	-0.23399214498944676	0.10514623692204263	-0.03811032864687401	0.24129588700640733	-0.07348291767674141	0.13746473998787895	0.19451122403485727
L203_2_fl	0.004807397861943327	0.57550087810802	-0.0026003709455527657	0.3904409766228819	-0.1227735858984163	0.2550258634911506	-0.1931020307472763	-0.13324240689427339	-0.07296259051413942	-0.04103355884074908	-0.09454135104781855	-0.2066006935881545	-0.05516908025328783	-0.19829486600141932	0.006279066825198992	-0.2650757601267716	0.031199638410102152	-0.23625994687957017	0.06677272383700582	-0.23461124785435997	0.10025916104681946	-0.04906103301849435	0.23007479660897956	-0.06928372665920861	0.10175622481644125	0.21249552164094732
L203_3_fl	-0.010360841758464773	0.5492906851137452	-0.009620554880082961	0.3794904443948638	-0.10419510364678845	0.22313327512480294	-0.19888521019939603	-0.061651126659015024	-0.09377724956575573	-0.021617545524935212	-0.11926081914873965	-0.21335178974899768	-0.05122954349420167	-0.17103874428951538	0.001063607190016122	-0.298350359475815	0.060146543782255535	-0.23741284312865582	0.09798240489467659	-0.2636422890424666	0.11583278864918307	-0.046555777384841485	0.2363525782311536	-0.08733307947488805	0.07595139994614439	0.24903915009571867
L203_4_fl	0.002494994649434333	0.5599062572110386	-0.003325889111766317	0.3915478501234451	-0.13546637339881648	0.1994210511937905	-0.24403225910614973	-0.07499096448281846	-0.1278528407226642	-0.025644853555609363	-0.0931951686400854	-0.2113741861627281	-0.03985291146573612	-0.15476975249618202	0.032042762171558464	-0.27733244338841306	0.061179545674829916	-0.2092910617188364	0.09306656479883312	-0.23429966947982508	0.10947250946159673	-0.0706263765326275	0.22994980450990885	-0.11017066414737722	0.11551926117905732	0.21762481343614332
L203_5_fl	-0.012660614525491304	0.549714746948405	-8.915946147965773E-4	0.35025912852433266	-0.10736546424947652	0.2162975935870923	-0.2515285168624445	-0.0713613220007124	-0.12172191664121965	-0.02907332808031614	-0.16029842642534833	-0.23199076749628897	-0.07361335103394027	-0.1772180082996096	0.008216517020004803	-0.29797843667038787	0.07831860876101168	-0.18689311345372145	0.15356829220597906	-0.22144666031551333	0.13134979462874427	-0.022667101202220187	0.21613051820083257	-0.06382935243371213	0.14049615353614478	0.18618662089265123
L203_6_fl	-0.0031757410558757443	0.5445598581045966	-0.025706444937852096	0.3708585254099505	-0.11165241480215414	0.20058544353997798	-0.24622187376202487	-0.051689534330328996	-0.1039688119969519	-0.01760937563020514	-0.12859928893960176	-0.22280140293083744	-0.05390416661142444	-0.1722668953766563	-0.007108013819170089	-0.29552403343264794	0.0678673218998388	-0.20596071236566305	0.12339872812620248	-0.25244960377788467	0.11569092207202405	-0.030321407589662785	0.25572127096673475	-0.05962143307025121	0.11765851286025505	0.1922405714496131
L203_7_fl	-0.029094700099468504	0.5687666285471966	-0.005436907999738942	0.39467576927706594	-0.10034006073641848	0.26079992929727547	-0.21626387461307797	-0.10863826672478821	-0.102519119193594	-0.064302144252957	-0.11778683879585315	-0.21572153371330516	-0.056172385506728595	-0.17591079358791242	-0.010267420401205003	-0.2521918454736456	0.05709848375242597	-0.18426382424695775	0.1263347724085489	-0.22445012923015023	0.11581588392888452	-0.06873728042982781	0.22394153623753238	-0.12287006189049812	0.11469063101869191	0.19284355242850526
L203_8_fl	-0.040063597939645416	0.5336787120284634	0.006214949297820675	0.391522681166283	-0.09133202724436272	0.23085532974684037	-0.22904114415854973	-0.03892864840401193	-0.11303390824326226	-0.011196730259450338	-0.12760418713067084	-0.24737302112509796	-0.06123837574342227	-0.20475198463533667	0.006128253004732298	-0.30398125218910704	0.06774891938990878	-0.19513348470822214	0.12125202521202283	-0.22724399303754195	0.10688329278841296	-0.039611426929342476	0.2252009590008344	-0.07771704606070287	0.12888484176618054	0.18988086440722612
L204_1_fl	-0.02091385494581055	0.6262685573120556	2.0864992234639196E-4	0.41015622018208064	-0.17775593260531847	0.1591659486192274	-0.15934475288392827	-0.09858981418279598	-0.08900077644326386	-0.06604832265400516	-0.08722107943236918	-0.19161931272818053	-0.060530052304736084	-0.18094729255205902	-0.01788798462021797	-0.2550081980352957	0.040013843190748674	-0.20121599350453082	0.06902604727694091	-0.22028866355594687	0.11686538435290425	-0.06729446692270999	0.19857712411376294	-0.09010265845882437	0.18796338437894178	0.1755239964809849
L204_4_fl	-0.08086238955604905	0.5345338849236175	0.05251557407806596	0.409895836548747	-0.18998166168835887	0.172692744301807	-0.19898213278510085	-0.05043123884435294	-0.09366023981601303	-0.01359642534527103	-0.09016219786718664	-0.22370441790950873	-0.060864708801548956	-0.2098362849589376	-0.045135735255048215	-0.2487306553322276	0.0375152800921022	-0.20469349949144025	0.07790462033280551	-0.23904248946764614	0.15503628553899165	-0.06470555465025374	0.2347349109675567	-0.09267552851520783	0.20194239475978362	0.230293628740674
L205_2_fl	0.034868208775198854	0.5724951271442174	3.980126012129853E-5	0.3802711913892327	-0.23182078461032019	0.09690813531093617	-0.2546895612395304	-0.06281448096091068	-0.11851729731194167	-0.003525460518982809	-0.12454213194412836	-0.21531601607016443	-0.06290352549706384	-0.1671802027287371	0.015410011065937645	-0.29369509167744096	0.07795634413072282	-0.17766292496899846	0.1345040499906464	-0.20867988924363912	0.07028225361457043	0.014566008556260692	0.24636117431937452	-0.056538669108953984	0.21305145744641232	0.12117227287717994
L206_1_fl	0.02312546651631641	0.5542487485656055	0.01636272486004589	0.4313444066128319	-0.1445383357820687	0.23031147215219838	-0.22146785243691852	-0.16505077168518958	-0.12082529032610277	-0.08140509882233316	-0.08514684919048697	-0.2327227569897891	-0.060527895889432214	-0.2078907052928838	-0.01604616670452782	-0.25522357592112493	0.047614040455438225	-0.1611032772109675	0.1078596277651827	-0.18262741182424536	0.10144572918260014	-0.04205760456900902	0.18680774171723646	-0.09328730322943564	0.16533705983271668	0.20546387821434292
L206_2_fl	-0.038093754223011575	0.5258243723113631	-0.0031199771640975857	0.4127669824531996	-0.17561708173821514	0.24026555286397305	-0.22157173716959638	-0.09512420014120321	-0.08656201343282097	-0.03186445632883984	-0.0664990753046769	-0.21865908180442167	-0.0430350793004899	-0.20511783628006225	-0.010468201677133034	-0.24107480204591644	0.038649722483810295	-0.20976753925203595	0.06327526106129544	-0.2293450170282886	0.10671006164436367	-0.05866377290809412	0.22235687988984978	-0.12115610037817003	0.21397499493072275	0.2319158985384955
L206_4_fl	0.012192752282734268	0.5553021447812044	-0.001389346698123968	0.43868070914579016	-0.21059328102525304	0.20013824745344783	-0.2257032149984648	-0.11901720751662284	-0.08578383518371081	-0.04683556985905588	-0.06011243082090968	-0.21460327421185937	-0.03528422392272321	-0.1977860838800758	-0.005289134484711279	-0.23809035389117414	0.046988781515518226	-0.19765862258824157	0.06679670616961333	-0.2206193399427259	0.09049113594068173	-0.03995068680185147	0.21220663676258358	-0.09697067341050922	0.1954794544627652	0.17741071072167305
L207_3_fl	8.185455489351096E-4	0.46928473761703066	7.701667634330903E-4	0.40323759887377647	-0.1273439923290373	0.24455858196160177	-0.2726753980079125	-0.0930287772723525	-0.1133908957512024	-0.029121976983136247	-0.10088019717826267	-0.22950258934116533	-0.05997219233353677	-0.19775116799683584	-2.828683253953898E-4	-0.2971439540909565	0.05805875083118078	-0.19961107638661144	0.09876845784132304	-0.2351943400306761	0.10985020341060636	-0.016408398091158197	0.25357817480008404	-0.06883347574630236	0.15270124472978466	0.24951483748678574
L207_6_fl	-0.002663603979554216	0.46571252627749277	-0.0011972155817603497	0.4163346186845882	-0.12289304710495068	0.20850641727964342	-0.23182417767288674	-0.027577343896542504	-0.13217243620867994	-0.014065575360628855	-0.16401024587665725	-0.22980885808645404	-0.058397036445725164	-0.17154944430208022	0.01785419600448055	-0.332465073634778	0.06430283232884046	-0.18756434796952784	0.16185095437487315	-0.27446670923279975	0.1032785440997138	-0.012983642561728199	0.2588662231828868	-0.06277494310132552	0.10700501287941955	0.2227023759041405
L207_7_fl	0.006171209500264584	0.497135233831024	0.01440684192832297	0.4121450205091409	-0.12441289701656379	0.25858131963853226	-0.246207018640964	-0.08333799371183423	-0.10286583979228056	-0.036840767381093986	-0.05703237733085127	-0.2515439100897974	-0.03770961199880126	-0.23709595100769013	-0.006138200755011557	-0.2880348177729235	0.043989215557038316	-0.20011398022322868	0.07197630812444654	-0.22171722789012346	0.09768697048149802	-0.02746893530140664	0.22144838116248078	-0.09619707865234568	0.1186870187804216	0.27448908805174643
L207_8_fl	-0.015364127164827122	0.49791275940891405	0.00798773466980749	0.3767384211726903	-0.1315266387618444	0.2323872831455944	-0.26560633734050654	-0.08881781821269102	-0.10696700639019752	-0.010176718233433782	-0.14034096382709255	-0.19910733921091994	-0.07641086979284675	-0.16384143912719354	0.008594655010734815	-0.3448379862436802	0.08248811493692138	-0.18238128084387098	0.12573032338864235	-0.22613327024716134	0.11789252638895109	-0.0026805943716362683	0.2666211436611225	-0.07932822047502197	0.126901445221135	0.19026620323841076
L207_9_fl	0.015338300275701523	0.4812985328696836	-0.006365722726861839	0.3725497782922167	-0.11143976959779624	0.26832728858862515	-0.24592950145708392	-0.10736756784259029	-0.08077292111256296	-0.019298031044952882	-0.1276601466672487	-0.2471921270803512	-0.08035958511555093	-0.22686666083206677	-0.027507447158843533	-0.3024153249159108	0.046437388992135856	-0.19888117169577132	0.11441085782687432	-0.2288549338580737	0.0992888098728156	0.007895967138331164	0.29060091835941426	-0.02988509205435531	0.11395881850900672	0.23068934243521608
L208_1_fl	-4.0408862041613203E-4	0.5697594267554392	-0.007957264498341561	0.39881040980702026	-0.09097448873241998	0.30114239541468946	-0.20045732948024575	-0.12810845539064647	-0.10331824992053881	-0.07871027679345352	-0.06296948139633742	-0.2256119574290358	-0.043219391492840264	-0.21143227119269692	0.003765150920956504	-0.2608917810864528	0.03961542386609941	-0.21379354580421464	0.06496869153054351	-0.2227795723316548	0.07586047456464486	-0.05605230816184381	0.21188608344316173	-0.09053471888010617	0.11320446981573382	0.21820265509295586
L208_2_fl	-0.04218059657659372	0.610003956955369	-0.03578942259234655	0.4135046008951033	-0.1310354405142932	0.23813792787931776	-0.20225548693011522	-0.07465033601217066	-0.09758652388468896	-0.02247034829851912	-0.07857466609165738	-0.19763331313052704	-0.02530701829115506	-0.14928660594302381	0.042497795910391496	-0.24615965801330797	0.07109723003811923	-0.21831544882385634	0.08676502392198909	-0.23247510026072285	0.09183010726221968	-0.13023798189978403	0.15904705494039187	-0.17015780496744476	0.16149194280773888	0.1797401116195674
L208_4_fl	-0.03129072593928445	0.5577274766518497	-0.027622040422145812	0.3857542683884306	-0.1360382965492027	0.23370732370694455	-0.2184390880027726	-0.05769860990640011	-0.10985436338987828	-0.0056632282796205465	-0.09571421308144579	-0.21270418604099361	-0.04751555319344056	-0.16982730297552362	0.01844525368122713	-0.2605682980606509	0.04819383024165625	-0.24551087764166496	0.09984213722921376	-0.22560497547642433	0.11650253172237277	-0.08259587350650098	0.23116374422096975	-0.1141791731744535	0.15232678348272988	0.197163456315008
L208_5_fl	-0.024914944595250593	0.5421929318593822	0.008920621791533127	0.37733053379728215	-0.12055638614637963	0.23158760537939904	-0.23815117509530903	-0.0738322929551751	-0.13439340249780155	-0.04682359813378298	-0.13383749231546258	-0.23359967246637434	-0.07532703994915171	-0.20035700909240964	-0.001388719915124667	-0.3031795269718984	0.0722110561027249	-0.19286382804415067	0.13289505567930432	-0.19851444450413575	0.10928530109458748	-0.011777227785518055	0.2154692977125271	-0.037502813386552175	0.189787828133803	0.1473393423039338
L208_7_fl	-0.013839104396539972	0.5182406495914046	-0.021520266990805934	0.3790930354549689	-0.08964527968069061	0.2446156522083882	-0.22980334423711832	-0.0879615490076874	-0.06699432995098706	-0.015569605953579618	-0.12245020660411424	-0.24894354142037983	-0.07815669366207316	-0.21981813901007813	-0.02421436670585886	-0.2937589434939119	0.045602235271611294	-0.20334551139341212	0.10383822465473103	-0.23790907151578636	0.09826874507598439	-0.011628478544596595	0.25036360854326994	-0.0420960134628979	0.1485507786825912	0.21908151654756833
L208_8_fl	-0.01872538732732592	0.5405299586782752	-0.010605914002624645	0.36403157587716095	-0.09113133127582465	0.21898890809698632	-0.21145550698586865	-0.06476421570103229	-0.11362757437627725	-0.0324227541485886	-0.1395157182991962	-0.21909510756227094	-0.074032461899631	-0.18592543231453207	-0.007686481287207461	-0.2984365220669004	0.060821324454599396	-0.2037180610902731	0.11953975298040637	-0.2411526503870617	0.12186148588831679	-0.03428781276683919	0.2547256284003423	-0.08326690820066927	0.10983218373029086	0.23951902158574506
L209_8_fl	4.897404752121359E-4	0.5486867324961193	0.004911588244273249	0.42857583040005653	-0.15431872249122097	0.26695535513796914	-0.23846168021664615	-0.11753448032187347	-0.10700386194467443	-0.04125822551112639	-0.061696546588927946	-0.2212358438286714	-0.03419519282958326	-0.19390280178592872	0.024312645694469455	-0.2502864392286836	0.06153407606354218	-0.20508396641393364	0.08146809400705758	-0.2209866994714619	0.09522615438823194	-0.07193728439303834	0.18605385402773522	-0.11121266063853419	0.14167985117053142	0.18922048355910706
L209_9_fl	-0.03821538182581012	0.5847871623236238	-0.015521936568065713	0.41547578538750285	-0.13477885094324032	0.23102922841773088	-0.22612514725975014	-0.07162196272271774	-0.11834655112947262	-0.046335632627183626	-0.07241993426084994	-0.20578881150969308	-0.03478725914902456	-0.17991402138634324	0.0154013261746749	-0.2442488499242596	0.058245039093258455	-0.19774860538717734	0.08084439830513211	-0.22090310200405047	0.12399290404051933	-0.09666492859159044	0.20547172129527658	-0.1331475796707558	0.156239672227351	0.16508131769491158
L209_10_fl	0.029985461384041817	0.5449609336130167	0.007194973038062102	0.3979780665782595	-0.16496011254547016	0.1769894715801271	-0.22465530434770703	-0.10751476617298691	-0.13122862604865096	-0.0616044681356719	-0.13395440302287298	-0.2198262560256886	-0.06550228169098074	-0.18338307492907757	-0.0027424015150581266	-0.25072765006573866	0.06448669695741865	-0.1819814154228853	0.12415800259247368	-0.22306747991505266	0.14324317391547323	-0.04235266317864261	0.22231154048842922	-0.08594186939860901	0.13166328079484083	0.23647117147295252
L209_11_fl	0.0042247186738842354	0.5373095201586197	0.0041149226566278355	0.43143910787530004	-0.17589530852453428	0.2399765964058216	-0.21188344307452417	-0.12914242640994233	-0.09639939465612682	-0.0902383973132034	-0.05746382599511131	-0.21216279752098333	-0.038891349167905376	-0.19227817767300856	2.9405704311230574E-5	-0.2454605347900486	0.030889754600796633	-0.19533123362566798	0.04440215373647177	-0.21465700715301417	0.10473159704924186	-0.07168649993498195	0.21605971274522948	-0.11799058172919767	0.1760810562516373	0.26022243171030845
L209_12_fl	-0.00705970934110263	0.5677362130106599	0.022916689868829724	0.3887282628754077	-0.16253144563917565	0.1987113475451292	-0.20006077049363166	-0.11236160489819033	-0.11203895393484412	-0.07966135129346293	-0.09926918019269623	-0.23082283057106975	-0.06374119150953667	-0.20853110389987156	-0.012831486394407982	-0.26352508957754534	0.031225636173521257	-0.1593344280307997	0.07203600414569816	-0.20683600027769483	0.11169887110324224	-0.03292734120177827	0.2324662316318317	-0.08024887671372949	0.18718930458227068	0.21907280303294588
L209_13_fl	-0.021788242629139087	0.5097708995210112	-0.016722238573515916	0.43676708043375184	-0.13944366753622264	0.30047516250355844	-0.20445605070150177	-0.11276355911803418	-0.08895725300866213	-0.06853889807059976	-0.04908700645488992	-0.22445237383367056	-0.031830599224689504	-0.2074716793287244	0.0031775988648450916	-0.23985865130338185	0.0273297269522525	-0.218678095755577	0.03912289608275246	-0.23434184793408566	0.10002673938876248	-0.06781115766874177	0.22015130196972926	-0.14296492032637148	0.16247679487027786	0.2698680408808615
L209_14_fl	0.03469719993258992	0.5059212479047892	0.02027582460686214	0.4305944448293603	-0.17719539991947741	0.19618108522756986	-0.26627059806225123	-0.07430014979699082	-0.11603209830725533	-0.0667031673398866	-0.07364237782017014	-0.2453122645256896	-0.047897453079336766	-0.22654325723057672	4.5145061598820396E-4	-0.2806106458887469	0.04526249855283895	-0.16677148963808333	0.09648534904756591	-0.2017409191601396	0.10500198256063162	-0.03242876516979345	0.22809470253503183	-0.06482939767733767	0.1507689193369823	0.2265432784655255
L209_15_fl	0.0034660767646825658	0.4904153432222816	-0.015429674873749154	0.4116461243278365	-0.12617757376034525	0.20173404241871562	-0.21110940469726652	-0.06248842684119002	-0.07472550099048252	-0.02602686225299078	-0.11869603937023948	-0.21494792369361093	-0.06816408570797458	-0.20250513280340474	-0.045600233991561205	-0.3147786293036382	0.04936101649046058	-0.2410837353526325	0.0934924281240257	-0.2759032184412059	0.1018748863349524	0.001996767330424724	0.2862068367193516	0.004844632356852591	0.1255012689581465	0.22709701903256238
L209_16_fl	-0.02059431993416809	0.5040031023176852	-0.016074724794914445	0.36974631111280926	-0.1378342266008657	0.1998890589259623	-0.26530392088949356	0.003432117832986817	-0.07401605923527048	0.030638147336248537	-0.145065848965078	-0.2419302116846541	-0.07352783061520349	-0.20705218705253312	0.028707449636955422	-0.3253226879486349	0.06622197221027279	-0.20628044469303133	0.13999593181816103	-0.24271958664864907	0.08341207414437184	-0.01788311771113068	0.2549507462277773	-0.045156534831715375	0.15912875699745319	0.17863603304465814
L209_17_fl	-0.006030671659073027	0.5202735720235345	6.730293518402569E-5	0.41752702178046613	-0.17243718818960557	0.25928080812929927	-0.21672970614322293	-0.10126214778169998	-0.11144778468207263	-0.0697037555689527	-0.06649429965322501	-0.22679381604900822	-0.04511282830634369	-0.20015483238480292	-0.015884576300711255	-0.24059792636603677	0.0408319840804075	-0.2001492588332768	0.0694136521851581	-0.22660295921689705	0.11090491516018718	-0.06702199505685356	0.24676427797352887	-0.09410551212914779	0.16615492259978762	0.22931080145337682
L210_3_fl	0.03482045519538684	0.5369092517974612	0.011925870222310283	0.3696931690056593	-0.11224776987167585	0.2641433405389851	-0.2466468869113668	-0.12349259691185265	-0.11855975540751111	-0.06570996232460702	-0.11299521962600372	-0.2416229113182512	-0.04029318595541377	-0.2394184968379733	0.005445398445348342	-0.2569301578917488	0.05722265147834697	-0.1776142821250943	0.11198638421413236	-0.20928736076585971	0.0928841869875214	-0.039272075538031	0.21165974169067298	-0.08531056883654015	0.10479812953825168	0.2679126512078517
L210_4_fl	0.029712941817035855	0.5412858588286318	0.023014267131666082	0.40263181678690146	-0.16036198244061808	0.22685037711925393	-0.22417479979363353	-0.11216062745695089	-0.10509187847524587	-0.0412667264906921	-0.06978638312491756	-0.2456644490483015	-0.03888366688012192	-0.2040881673657319	0.008831715617356607	-0.26386296708606344	0.05950352694351298	-0.19010319303177758	0.07852756883967518	-0.21123287835195223	0.08913618252674205	-0.050607226982532	0.20370409454067434	-0.13328782921889207	0.10586841329787183	0.2815060122981058
L210_5_fl	0.026134739678637824	0.5260149442578124	-0.006857207956270019	0.35027547110004303	-0.1096491004086799	0.2501748627706496	-0.23155825503217747	-0.10555082232182832	-0.1092602506926459	-0.041848120897761895	-0.12651310733107585	-0.2542496694852202	-0.07758565004293982	-0.2178037041310253	-0.016044330880267507	-0.3007630298497909	0.05989988153311077	-0.16352244232851054	0.13259018085443122	-0.23408867856224308	0.11122153525105428	0.008533708030921463	0.22552660505671815	-0.056713180486291266	0.12209495997010464	0.23954066190324494
L210_6_fl	-0.0045479388485472755	0.5598979379550002	-0.007147695537044967	0.34172018708057417	-0.11095898831932445	0.20918496761436361	-0.2315833868477728	-0.08656591138063706	-0.1192026734042905	-0.03779917342765685	-0.12692766268556518	-0.21459548993950192	-0.0789985460734796	-0.1808640825233369	-0.025580581756917332	-0.2966923154471617	0.07069012777411585	-0.1833997405362853	0.13175966486077065	-0.23565033682955652	0.13719465617201165	-0.030276817828786124	0.23860276060464553	-0.06528250295513954	0.1267002640613985	0.22032327821812422
M201_3_fl	-0.021516545784913896	0.5794677867784448	0.006144693202517908	0.3239031386350024	-0.2418721539797178	0.057699925533610426	-0.275908220518483	-0.046057629760933055	-0.09753004630980537	0.017457984076247463	-0.18342291515349224	-0.18394558522272836	-0.06716162601922507	-0.11578577426583272	-0.00971799863406081	-0.3182667373833596	0.07957099005543605	-0.16285451993572772	0.16151132222915196	-0.23787083892079464	0.07785547086450191	0.039757847001265494	0.3013259401970878	-0.03129465749200133	0.27072108985100224	0.07778906095680706
M201_4_fl	0.05412324513970353	0.5738187578986729	-0.009644298684100203	0.2644019245457742	-0.22870977761806427	0.11126386843529487	-0.31454463415831907	-0.06902663318013168	-0.12234164154178977	-0.011364730782221572	-0.1888814952045585	-0.22312403832063113	-0.07118764039344246	-0.13691305036145573	0.018386209054675515	-0.31524200900572097	0.07245105157622837	-0.13082662767784559	0.17293868439777726	-0.21065101408510378	0.09649890462993878	0.033048921632910074	0.3041588265169989	-0.006859321648608543	0.21675256628495165	0.12147395254906804
M201_5_fl	-0.01605077402873721	0.5825511345762252	-0.013489418084522545	0.3039560945258589	-0.2579786528715318	0.08907589920814404	-0.28045209969818086	-0.04531262211161874	-0.0687231052915585	0.05370089112006663	-0.16233536108339197	-0.20391928022413822	-0.07775087358898414	-0.1483191926766902	0.0030233800981998987	-0.32885506552044863	0.06025022845069495	-0.11479423631571536	0.14972497388433098	-0.21766833072676078	0.10402314270235691	0.011258869994840402	0.29351348038588865	-0.06418750337141671	0.2662450791254358	0.0825133415216527
M201_7_fl	-0.04718772610795845	0.5938385049161331	0.01988469999001756	0.32273609699862976	-0.18980678842101795	0.08658736242121698	-0.23459485693897536	-0.0309924416138584	-0.09231821632625004	0.02600270876901217	-0.20031819708371776	-0.16925455417833196	-0.07902189725187322	-0.12454471573639449	0.013789299157437658	-0.3387340614052523	0.04556984135421782	-0.2689010140248051	0.1845856027325281	-0.19303289352266798	0.09778138895833322	0.025196378899267454	0.2554680656109456	-0.03545842612341946	0.22616878432631154	0.10655705460047027
M201_8_fl	-0.04875382429788255	0.5587435365240394	-0.020886526665053702	0.31075287973973126	-0.1998966188451324	0.11637584157791281	-0.271455716662397	-0.04650412794747767	-0.08223427968914632	0.04079341106038766	-0.16698132319682343	-0.1963366522091226	-0.05672628275347221	-0.1276795941757577	0.0019450947518340894	-0.3154553786694398	0.058457824936727465	-0.17053037973327598	0.14215138404529726	-0.27136165527632544	0.05025366224148047	0.07017342358667872	0.31005136459990845	-0.0695626675472402	0.28407524153465935	0.10059136306989
M201_9_fl	0.0052460035301567995	0.5599097598731384	-0.014341410241446535	0.2544004346378553	-0.23542262035915476	0.10679126501932018	-0.2947850760569013	-4.270581440344104E-4	-0.10645065289089128	0.024351939713098444	-0.19811997081569022	-0.23205095302409937	-0.09025377697639475	-0.1595052532634135	0.009099461084268734	-0.3368333124474785	0.06859623544248039	-0.12781090628567995	0.18916719118156602	-0.20799686071212378	0.10260545417545527	0.020642520543381632	0.3124356205593324	-0.015350162941561812	0.2522235413672191	0.11387858703159856
M201_10_fl	-0.004750350701870007	0.6067437371623821	-0.00417544747863071	0.319843352039199	-0.18529311393984	0.11390705309937776	-0.28846228221467624	-0.08304222070044662	-0.0678152480886294	0.01992787383041042	-0.14561067733982186	-0.2265753842741681	-0.05751033076702136	-0.16315680793873227	-0.011082613134548051	-0.28331769170139665	0.05194047062556205	-0.145537972899111	0.13494883029243684	-0.21993019754050075	0.0824097892452004	0.026715917377285514	0.2893268102553461	-0.055204430019817397	0.20607416324649178	0.08962677156551879
M202_1_fl	0.004042915356354586	0.5534426785052707	8.80830869890048E-4	0.2869421778667436	-0.2890813410477278	0.059302007183930965	-0.33217692197729776	2.487053555868743E-4	-0.08537294434605137	0.030224581488922396	-0.15158070391329437	-0.22471477509650706	-0.05882914014465377	-0.14366262558415552	-0.0028022585071439537	-0.32403118119426394	0.04559310984844109	-0.1597129347197991	0.15209796602021777	-0.21679730107982342	0.07698548285717337	0.05401384512468117	0.3366851819247977	0.014689402319807018	0.3035578230592952	0.0700554198296054
M203_1_fl	0.017935932416530714	0.6720384071836167	0.00643034914191444	0.35359521906654595	-0.2269842471452354	0.011318984794656654	-0.24978913790947546	-0.04783411054638848	-0.09168926911846888	-0.01278312383684917	-0.12869120788245852	-0.19828786076224716	-0.06418855739321244	-0.14912705037380655	-0.004537386869844957	-0.320452116964423	0.059987767687446875	-0.13782084897254004	0.12540514317797372	-0.1916542640764684	0.09003072541031935	0.005547677125610441	0.24842264935033248	-0.024726107257880072	0.21766723913417843	0.040185194620173635
M204_3_fl	0.012220505038529318	0.5541243029913591	-0.003977056805463286	0.3057951752491975	-0.2412509089360323	0.08229877287486816	-0.31879666725614836	-0.058412237720448026	-0.10975384249568705	0.02279815764189469	-0.1727861733213248	-0.23222444448381355	-0.060151605864520404	-0.11653016815762487	-0.00811071531433196	-0.34423241718416625	0.058204714788652655	-0.10484576423065242	0.1793399737273262	-0.2043140517115811	0.08867741647795926	0.04598547025997914	0.30624623567093767	-0.03336714599142688	0.27013812429010525	0.08292435046241516
M204_4_fl	-0.017539679184715787	0.5839309740440402	0.0023645471499986817	0.30818366915204315	-0.27066411749940145	0.09918324972915221	-0.310149061754015	-0.05705268341201605	-0.08792623955418621	0.02602190400497228	-0.15758194250527777	-0.21497835515582855	-0.049966197974789246	-0.12247896175173374	0.021010162757779546	-0.2988646349339646	0.0421023085990805	-0.09907780706200124	0.16883743514835828	-0.21051127789657936	0.0952964786347484	0.015905048392210915	0.2862403716146913	-0.10264706569042212	0.2779759345677292	0.07238594058012712
M204_6_fl	0.011945484542007938	0.5475899598569547	0.011428786499555227	0.29180260055678364	-0.21358700228214986	0.0794447689969536	-0.2929543387371461	-0.08785611702693555	-0.06664491659783034	0.03176474892912296	-0.1999124602776913	-0.230273323794025	-0.07597884503486983	-0.1518505078664029	-0.026051650253938838	-0.35069225944914706	0.05277281704084248	-0.13622684990366163	0.13554908569996957	-0.20610505580319186	0.08969572623435763	0.04865701286082999	0.3208005535633888	0.015407531706935318	0.2529367596035044	0.14833749093578324
M204_7_fl	0.04904913310858247	0.6036001339463857	-0.0026839402249599353	0.31370333615880425	-0.19289725223037987	0.10443737326490996	-0.2970632131375228	-0.08120442308831692	-0.07269617806547637	0.02165116769986431	-0.1589754702348944	-0.20978045917420382	-0.055650336405253374	-0.13472206962880812	0.029824730128164653	-0.32558647584664685	0.07097398275143857	-0.1375807941049141	0.17364132194987897	-0.1956596289478998	0.06443736886387627	-2.113475432039989E-4	0.2719328785466248	-0.11062222680142283	0.12010697494992086	0.15197541406545342
M204_8_fl	-0.053744307049888876	0.5559050885046086	0.0027430990766125762	0.30323873296820925	-0.23094562436398636	0.11525224883927486	-0.29360558938215425	0.009672665718329924	-0.06781908016630309	0.061013745828041095	-0.1772106309240946	-0.2134494048190206	-0.06103997961468338	-0.14671411517198485	-0.02343577551456476	-0.3458521493546612	0.07186955630749427	-0.13965650440448213	0.1987797562689913	-0.2319401419069428	0.09925496641142698	0.011279094251608912	0.2943466853960557	-0.04980996151713055	0.24080692355509425	0.0710607010641486
M204_9_fl	0.0056930518228701515	0.5490539173291565	-0.01159548620818189	0.2844125591167153	-0.2507146791504812	0.10541049674493816	-0.30842560875797964	-0.012773898480161576	-0.09861979044542056	0.017186801950235826	-0.17159197694476325	-0.23019042481777344	-0.05202680007106382	-0.1537986682491031	-0.010412989373632445	-0.31028390898005087	0.06479790066893776	-0.14034790541669798	0.16474121735599148	-0.2241376727333486	0.099417430333244	0.026042244960609473	0.31765808794159345	-0.029497328722695913	0.25107964282888656	0.11892378729817593
M205_2_fl	0.020951750448924625	0.43869959749101256	-0.01548447405236535	0.2524677620668984	-0.22901543734259422	0.14932165768857406	-0.37968523953695404	-0.0020447033601646084	-0.07848595821339682	0.03649484935353178	-0.28596724701136567	-0.21715543240749677	-0.07083460752881961	-0.1288394534262513	0.02156969636701879	-0.4201947956485043	0.06718939662501476	-0.13777799193195267	0.27047395617058384	-0.1622263657251913	0.0680195870165143	0.03111208930973115	0.3598511982421743	0.006127059363031755	0.2514173788152656	0.15401572722678053
M208_1_fl	-0.007147550863451799	0.6086238586485292	0.015920223868185313	0.2934767417639111	-0.2608856219647466	0.07280335646403396	-0.2927953115674219	-0.03685740802621143	-0.08533366514539091	0.029125922807008944	-0.18343216240176374	-0.21742102702880736	-0.06149910825277737	-0.1344667781021903	0.0123101067840235	-0.34246526203297145	0.07191915357623323	-0.1503516326424219	0.18840922349941686	-0.1696171214928588	0.05391800129797854	0.059232207765628916	0.2679627107819047	-0.04318042594861621	0.28065400038781085	0.03109756782496486
M206_1_fl	0.014690254138647045	0.6127325679586847	0.010045979625449838	0.35405876636675443	-0.2580385691841331	0.09569462423867021	-0.30175377847351864	-0.06936070245439188	-0.11622025600158803	0.004334816738369425	-0.10692150922983665	-0.21800373974867476	-0.039816600813594664	-0.15203903770171337	0.017493705670222248	-0.25806542133188237	0.0681406749523209	-0.1489809372541987	0.14066582140281744	-0.1993726228028218	0.08957858874879669	-0.0038641482065379755	0.24208457366755431	-0.07461350795942263	0.24005111549686362	0.05747934215716389
M206_2_fl	0.024630401699950538	0.7248205037302026	-0.03456064514028154	0.4436507386097363	-0.20019886747409005	-0.01687219808862376	-0.19211746834520232	-0.08363349501745261	-0.07335713535393922	0.0314413568931805	-0.10343843428435183	-0.1928408890202644	-0.030847846804840564	-0.14315007072000047	0.03416369952545713	-0.24180183300747535	0.06180775556307966	-0.19239399517117148	0.08562778268787388	-0.20850177263252942	0.0822969054493848	-0.06587813742499363	0.15793619330161496	-0.12006647173710629	0.18805765917534437	0.06522626358649683
M206_3_fl	-0.0033232195325640923	0.6388901002325202	-0.008114511349941955	0.35249881957145424	-0.20442905030488967	0.07501863541048061	-0.23723582893216963	-0.0708221816918222	-0.06711413155568008	0.020942094547630897	-0.10839673827803416	-0.21324929975412002	-0.05040811672420969	-0.16560769939918524	-0.020365727146967372	-0.29838313696260693	0.03417107479813607	-0.1484086472297934	0.12385035048111678	-0.20781553441347347	0.07252106196086021	0.02967790533146005	0.26960795337297394	-0.10131421031332463	0.19923688321137048	0.0885731546707835
M206_4_fl	-0.03984526353112225	0.5998914842215235	-0.018942783036357845	0.3815848809003612	-0.21240941428189208	0.15848741677586653	-0.25273094955615566	-0.12705501072882003	-0.07417967626989772	0.018018082440324275	-0.13199239354836376	-0.22885278585646385	-0.03993875514476655	-0.1319086609988116	0.006775182113402382	-0.26132152219818483	0.029770537924622205	-0.1235810619121236	0.1034836189416095	-0.22801391731270038	0.08195469282942587	0.03400893855541964	0.2757378833233585	-0.10575858316606376	0.27231732023613753	0.014500739279673956
M206_5_fl	-0.013907837942707973	0.6544993054530835	0.022855409944018117	0.3518545722840491	-0.18965111202361748	0.0744539719418395	-0.24267407185809148	-0.05560428978401777	-0.0848034265921593	-0.011160981516539886	-0.08546413979761958	-0.21766441963937402	-0.03549350184042055	-0.18347581920745032	0.02499373252287241	-0.23811115751479411	0.022255367701019223	-0.20746064128973377	0.030336836056716002	-0.21557736260646093	0.0941455513303853	-0.008310936248486401	0.27922604141131974	-0.08642903801349726	0.17818115108828753	0.1429867961413811
M207_7_fl	-0.07523839523540898	0.6116115025110087	0.012344519880233436	0.3123611486741884	-0.13186415477027527	0.19516337977130607	-0.20949126838837911	-0.0593240511538998	-0.05995491580527343	0.018374271814021112	-0.12174134532927339	-0.23744261494320118	-0.0573907329418322	-0.18442182168627744	-0.016183764724252456	-0.30440678213364836	0.04635236804930708	-0.18915816487827272	0.08310421696012368	-0.21165599803700103	0.08257185908640696	0.01226875127578735	0.2646021282192502	-0.1154869810933766	0.18288948499937444	0.15211735987936545
M207_8_fl	-0.005765614817109091	0.6122677232952097	-0.010338668008817588	0.31585966881049443	-0.18367470364222532	0.1591574816306941	-0.24833282675351254	-0.05435004887126961	-0.08810491089545433	0.013690004163107856	-0.11273278677677843	-0.2113279622152823	-0.0438819992384291	-0.1529630827756735	0.023638097760481563	-0.32037256456221946	0.05772109002379531	-0.17834272079032937	0.12546789175143974	-0.22832071084296746	0.06838091081066043	0.0038303300454443356	0.23098658095840408	-0.09211155412378033	0.1866369388275479	0.1329834362365721
M207_9_fl	0.00752833443377738	0.5388912481643329	-0.029801501005305757	0.28649032497143373	-0.1826777251894603	0.23206734813903798	-0.3692015939180501	-0.037196865840252724	-0.0773617266191547	0.10944668830479473	-0.12185701140128849	-0.2698921577141164	-0.05381135054481748	-0.17520335664128783	0.07652169185108235	-0.2923290514824681	0.08454067192658307	-0.1630180785339391	0.16925584850580805	-0.20505885702622165	0.07493042343233543	-0.02135463962532827	0.2533765119836536	-0.1180957457493617	0.16855742654483716	0.11525314303337666
M207_10_fl	-0.0041529324825893	0.6242004624284484	-0.02326741793581582	0.35404276970378007	-0.1710560478597576	0.14804412674119494	-0.25042901268798295	-0.11849247279819915	-0.09187480613348901	0.00499551438871098	-0.12510590579113368	-0.2163484415788986	-0.03852062249176705	-0.13592384245519468	0.00914665911448833	-0.27930410624678775	0.0469325088681882	-0.1420444389627218	0.12308182307171574	-0.23454967564270712	0.06255834025728134	0.008342357142112844	0.24705464235818334	-0.08910937434251853	0.2156327717126785	0.07614712162278003
M207_11_fl	0.026581772530331796	0.5866320003475023	-0.007633485303904543	0.33562547478710747	-0.22242651885706569	0.08529602955092569	-0.2692699076211568	-0.04094332342466255	-0.08981393394860474	0.0067611170058609355	-0.13238338389507293	-0.21573510173814006	-0.0564899904935688	-0.1633839359026345	-0.0027847788953401648	-0.281063876590388	0.06164490275980492	-0.1674170870320072	0.12685291892508632	-0.22994919069154504	0.10366825717119044	-0.01620883722751142	0.28747935711793937	-0.059058706948123374	0.17457479051036193	0.15944543786361542
M207_12_fl	0.05348732497074895	0.5694059935441954	-0.002674966678240201	0.31506266328426175	-0.2393962423249365	0.14526005973144102	-0.2954120026814632	-0.10042730534792091	-0.08349451043670762	0.01892764283705086	-0.10163646935195066	-0.2408376066170017	-0.04715067210099853	-0.1759561755021826	0.02190722600301536	-0.28615239643756024	0.048660525341331654	-0.18064470162127227	0.0838521709070081	-0.21958040374202542	0.07980516386609683	0.035937464314485655	0.27117072961894895	-0.03071744834139885	0.21088172286714946	0.14972221389793183
M208_2_fl	-0.08374877864224625	0.4792922722683227	0.02698256701069858	0.3186638327061647	-0.19464462797855553	0.16653527758460868	-0.3443799635225662	-8.488859455881015E-4	-0.07487141639924133	0.03900211807779587	-0.2298393061531972	-0.2121181359910251	-0.07141927157516371	-0.1602355583367428	0.02457497931066884	-0.36547112443208485	0.06509371659198285	-0.12978528513803833	0.21567240566209928	-0.21877065153267136	0.06547283408053708	0.055938415743840744	0.3138408542957069	-0.03857025161477942	0.2872660073192763	0.06636797661019742
M208_3_fl	0.03350688288683695	0.5295146429462365	0.007379563915914364	0.33887292887927845	-0.3078979152285015	0.039705617842690166	-0.31655153754793847	-0.03247581053394119	-0.06730255026489544	0.048038567487416785	-0.19039404351412104	-0.23062374090950166	-0.058495884818143044	-0.14166196223949445	0.004418995174516861	-0.321420596174465	0.06424641373090409	-0.1303755189892176	0.2042817899728091	-0.19536797152176943	0.06909007626562846	0.049388008804502614	0.29548182823879543	-0.06377234020348474	0.26223638118819426	0.11017817461174913
M210_1_fl	0.009448324900183623	0.5559361134792449	0.01739208081817528	0.2601331292296061	-0.2731279348154646	0.13620522378105243	-0.3269850927584335	-0.004231043484573975	-0.07065039489366147	0.04206966468079315	-0.20008163625742	-0.18874330518897905	-0.06656758635394353	-0.12520270600107328	0.01729975021488113	-0.3903382373545747	0.10303412926815614	-0.14749187488659274	0.2378363397829118	-0.1749127242144931	0.09545004410518	-0.013335025028642143	0.27148334290079507	-0.05252976559501711	0.18546863308863917	0.10244055058324993
M210_2_fl	-0.014251710029106593	0.5508814745454997	0.01704519344347943	0.31923178797911894	-0.21800087677585583	0.1296638772358095	-0.29987014205284723	-0.0710780514806675	-0.047084350617293914	0.04988775801049259	-0.2052457662230334	-0.18263204086191945	-0.06447469691226727	-0.12074035289682776	-0.010303242995114474	-0.3503266498441856	0.0950163844534279	-0.16984254539026997	0.20786635748866314	-0.21841957755736036	0.0805484842135129	0.009182222509217578	0.2754950996328822	-0.053638628509746836	0.18325926637355372	0.10783072626084027
M210_3_fl	-0.020896919848210155	0.5859625174650904	-0.006342176450143726	0.3282816359940251	-0.20246823685732127	0.0934229943283613	-0.2855967859540731	-0.03043884113832144	-0.0863503533758497	-0.01049799644046451	-0.14644065619517693	-0.17953868219455724	-0.05831735485862229	-0.08602818512985592	-0.060727529788379996	-0.3673699815719393	0.09613577854002417	-0.1570691542647021	0.21340874172454258	-0.21050416741002964	0.09614868480480365	-0.01296753990852126	0.25347673542401866	-0.06315478294671152	0.2079700728343889	0.1099021832176261
M210_4_fl	-0.0012238585919864958	0.5286096893113157	-0.004378557381777764	0.2544597786624304	-0.2334154589682994	0.10889027215280406	-0.300711601655305	0.013699410255071855	-0.05819457346851635	0.03989181545160373	-0.23164430750227855	-0.20004139175570118	-0.07975839179037414	-0.15874137225982257	0.00356902410609862	-0.3814854501728336	0.06226572663459791	-0.16332202290932232	0.21957698230391398	-0.22412518477067944	0.06699408662789781	0.02614984410220667	0.3204518185122913	0.018684751150043317	0.23646911117373848	0.13732986078288326
M210_5_fl	0.005106328642939757	0.5487183937472531	0.0019613934247054918	0.25759601356652345	-0.24358161738518416	0.1259195967254858	-0.3120413591318868	-0.006589337507787882	-0.09021064599522698	0.017195055817135325	-0.21385954039797317	-0.19642053655378872	-0.07584061862927502	-0.14933264130239834	0.02534924273105308	-0.3756242425811119	0.07791803176784942	-0.13314247495342063	0.21323429246485395	-0.1644742626057306	0.08347260740548827	0.012384069155665887	0.309232592047164	-0.06416591003360485	0.21925929305549197	0.12793627652577902
HMED301_1_fl	-0.0398712878897059	0.5947804860003896	0.037945651152699565	0.3511224056923906	-0.15594989908928067	0.1463458743686374	-0.2501124207777011	-0.032635482168572434	-0.08607247982292085	0.014387288210275222	-0.12492750431289257	-0.2171027512747593	-0.053358350899611655	-0.18005085683316405	-0.006949682700468009	-0.315655858265633	0.06901276186667551	-0.17633017153982902	0.13482333507698216	-0.21980243115315257	0.10315979102733482	-0.02763386367971933	0.241203119924999	-0.08101231539416569	0.13109696644388985	0.14358767603730288
HMED301_2_fl	0.037497110130970526	0.5819229900075693	-0.016475927357833743	0.36482583867178864	-0.1865897799664236	0.13147128743135647	-0.25977125437895826	-0.04542899579358208	-0.10946698266363884	-0.010223389926655854	-0.12845558890495018	-0.21172396161135315	-0.055837266695456966	-0.1861901319729916	-0.0028150233152110897	-0.29343090103650304	0.0730518178850478	-0.1828219178568243	0.14607409132247473	-0.22531502159105624	0.13816828534571768	-0.04016049234316655	0.22541106132286853	-0.027695511537190406	0.13920945727539286	0.14477020755860742
HMED301_3_fl	-0.010042253903676947	0.536228703844715	-0.005408778173193317	0.44535914318901915	-0.1034524683279134	0.21136926570040235	-0.25560154121360834	-0.06358651688878456	-0.08242949070246876	0.0014154533562394274	-0.10945363614724045	-0.23540468013695928	-0.0402199223509741	-0.18675014185408975	0.026882001733435544	-0.31782943170903777	0.06772903557381209	-0.19490976816059935	0.12118281775779144	-0.22130044443863012	0.06453696181075379	-0.03860381211018286	0.20636178686469125	-0.08267422330102267	0.11991548707859165	0.14668645250893037
L301_2_fl	0.037113580307854256	0.5158413212945544	-0.00584446568631717	0.4186877589508478	-0.1373014426327882	0.2092883475307626	-0.23330615575121086	-0.10959075130135694	-0.10969128642490757	-0.0648094748534003	-0.12266872138382758	-0.22216234665358803	-0.06126560209022251	-0.1879822890186547	-0.00524494154165632	-0.28158577525306666	0.0630142844903013	-0.1871146356493547	0.11138481919248126	-0.21819648490838778	0.12594612496501517	-0.04798961251126457	0.2302141361042321	-0.07926704229590324	0.10764967045104588	0.25488098466881304
L301_6_fl	0.003189542782178527	0.5348019087560354	0.004911107249381083	0.4184359740761853	-0.1205418842579804	0.28690339511910495	-0.19839498151602128	-0.13140140829628255	-0.09955536391732675	-0.06261323754339529	-0.08479138383265034	-0.22475498477160827	-0.05435319770512734	-0.2035833567252468	-0.004391640628956937	-0.26671726233240056	0.052941319466329385	-0.19036019383637057	0.0916389819747813	-0.22451542537786423	0.10503765265317198	-0.07424496388324489	0.20431725853929417	-0.11549843366045798	0.09999258919292583	0.25354798847554394
L302_1_fl	0.013108430181838611	0.5538354802881561	0.027009280153635812	0.4390306707709759	-0.08060239212409884	0.20033946088718013	-0.21012669117825145	-0.14333826547106873	-0.102367886382268	-0.08790928189024924	-0.1109766129277524	-0.2199468234018046	-0.059891941259702985	-0.21447167697513647	-0.02385771922796207	-0.267916516688316	0.05028661937687569	-0.17524715045973135	0.11326890731516699	-0.2052384648001346	0.09394462979827642	-0.052100714425104507	0.1951538473983303	-0.10408482645953492	0.0950515288759125	0.27704810862476886
L302_2_fl	0.014737822081720968	0.5468537986639094	0.007035814949183129	0.36124731455707687	-0.14996152787800074	0.22604457008992695	-0.22670254148578964	-0.10127073038130138	-0.13824581060857175	-0.0659331186865897	-0.11957608972825154	-0.21987876638378853	-0.07530438052593377	-0.18508188474683498	-0.0019954759671194817	-0.28716515836554063	0.07242720454656842	-0.1785585424852512	0.1244708754131636	-0.1971225249769384	0.1253309491603691	-0.04481836353424883	0.22224894691509517	-0.08752821943785101	0.14553421312756645	0.2332116256874321
L303_5_fl	0.037509391163933606	0.5219777847384296	-0.001144166919514189	0.3688130280231754	-0.10666641513353245	0.2784603091091294	-0.2287653735552911	-0.12523210489137898	-0.13553319797405386	-0.0862855929507847	-0.12082582918968042	-0.22933240450093312	-0.0793982826620508	-0.20731505132324565	-0.003454645739388029	-0.29821047802449263	0.07342444367064142	-0.17821051898060958	0.12916506367712358	-0.21280280802433096	0.1332326009615299	-0.03551521517520653	0.19670487044938795	-0.05995739066661854	0.10575154125089414	0.2636104426668666
L303_9_fl	0.01496569980823046	0.5344055865226751	0.001545661049646839	0.39455928629387677	-0.1394044331446165	0.216058009537891	-0.2124005648992085	-0.08625373056483726	-0.11846630671327571	-0.018921199455039027	-0.11727973797126674	-0.228653779275748	-0.07263009297042748	-0.20102746399065655	0.015697546755834665	-0.29834323132076535	0.049165463812376756	-0.24249527982219587	0.12206116930512335	-0.18689284983792606	0.11320985691489882	-0.03021200450693696	0.20927271419262944	-0.07433540387671315	0.13426302386005542	0.22211206029637534
L304_2_fl	0.029051300902257222	0.5252356291193111	0.01079000470047517	0.4055233112128739	-0.2013646598595326	0.19123459943471774	-0.2619893074792686	-0.0986110830574764	-0.08833934071336877	-0.01869683602463887	-0.08490943115765476	-0.253784130012747	-0.0475912707161791	-0.22205140650306998	-8.477973414931853E-4	-0.2761848028748718	0.05427486271980844	-0.19132088532862515	0.08566778635582745	-0.20774249995754723	0.07545590158465935	0.023204347594355794	0.22636560947887793	-0.044535330439692856	0.20343634152559195	0.16772908683741222
L305_1_fl	-0.010020367839212133	0.5651908640905072	-0.014244724614495309	0.4431397075583999	-0.12307679661856018	0.22298889830391244	-0.20352508172778358	-0.08707089161987822	-0.10297509377756965	-0.04310689410785593	-0.08734496031245462	-0.21817497316060191	-0.045509638421597935	-0.18893855994661546	0.003226486296217173	-0.2664289998219277	0.05825315692250465	-0.2095981867175327	0.09237821798274859	-0.22583412160404948	0.1001302917522499	-0.07373264469779667	0.2019024905441023	-0.09465263274790175	0.13080601981385076	0.17621843447133959
L307_2_fl	-0.034392850054955515	0.5793240118632221	0.011052817744064247	0.3936077203560983	-0.12982234278959706	0.2546038428304729	-0.17810584758773107	-0.11345736534565064	-0.0993261416370471	-0.07235905539143987	-0.1040866592341922	-0.20668092553964726	-0.05772638704573836	-0.18729161914305414	-0.0012032046593920369	-0.2645228165438832	0.055019777858838465	-0.19609336156436866	0.089128642004738	-0.21516469950432263	0.1023309973998158	-0.0722075791569429	0.19432909441574692	-0.1247298136039573	0.15280210358544968	0.22497166074347305
L307_3_fl	0.03122070293254244	0.5394338787660738	0.013006833510070141	0.3755803592864475	-0.15491631956229768	0.17607301744505147	-0.2427161566610093	-0.07525537329646073	-0.12137279798059586	-0.054644123909787325	-0.11247513182715099	-0.24580734245832736	-0.07055860182150808	-0.20497217174476107	-0.013205651406345102	-0.29708047524609427	0.054503384217554324	-0.16799213957238557	0.11350369584346978	-0.2042860241541457	0.12329881172938206	-0.021065057445890906	0.24069365798523015	-0.04733353291139528	0.13901757304065795	0.22734898524167532
L307_4_fl	-0.006312334186502358	0.5525318208242795	-0.009292945823605035	0.40522448772912684	-0.11777737791524066	0.2621384904984924	-0.20287236295417113	-0.11445643556589255	-0.10670123554654228	-0.06297715115769374	-0.1060406907792805	-0.22215849339884627	-0.04552047624994435	-0.17653285926661896	0.010704765557976559	-0.2737392201816446	0.05246146050804726	-0.2099729815293411	0.08215038271518003	-0.22178719083446205	0.1032889508694134	-0.07184015424471939	0.2047692597226813	-0.0888460091017208	0.14114260408198773	0.22241569622904023
L307_5_fl	-0.016046925422005656	0.5488102355945853	0.009126279537422045	0.38967001897086395	-0.10255295400136541	0.2561722142602338	-0.20605748102385657	-0.0754542541339644	-0.10910850020941495	-0.06879911828130919	-0.08826321138865552	-0.23140183010901066	-0.0488326777937763	-0.21288842468235497	-0.017669367927866376	-0.2810825315965131	0.04555979655318027	-0.18994491922335136	0.10124543396762928	-0.22949458266189282	0.12446011306643649	-0.06906382295851769	0.20463370798349367	-0.09804481808295828	0.10350578665877896	0.26152183290418873
L307_7_fl	0.012056614544672446	0.5559749317490759	-0.009088626666668494	0.3780146902430178	-0.06718725934190024	0.28187095446706767	-0.20515479318829244	-0.12417074290661119	-0.1069292371600055	-0.083006414192845	-0.1241876553047001	-0.2328208008186367	-0.06050953357799269	-0.20075707594805553	-0.003395132593417373	-0.2706936693085567	0.05037509098128119	-0.19078146090236364	0.11671950164986182	-0.21694144339067087	0.1044499207708389	-0.066391670001551	0.21500947372427187	-0.0952949322625473	0.07784163616205073	0.2649976332726759
L307_8_fl	-0.009288666268056453	0.5703474377389447	-0.01011310660012385	0.4080677569386116	-0.0789726034852642	0.27820264203945344	-0.2216818386071232	-0.12412059721443001	-0.11161551467240242	-0.08818507206155757	-0.08581871783737519	-0.22591713746365008	-0.042788699356819816	-0.18743902249840494	0.0072610142119711694	-0.264858386132631	0.05049468885835767	-0.1914459574063539	0.08148499403557419	-0.21328499740976492	0.09220891614516012	-0.07402733146810048	0.19986113201299952	-0.09570064830721747	0.12896840156310352	0.20836131324510054
L310_2_fl	-0.007151983608799983	0.5570163740536666	0.009298532843360761	0.40339892882922657	-0.15972928910034642	0.1769519645659144	-0.21585662852595458	-0.09032858491637805	-0.12068031550300141	-0.04266529043767472	-0.10522723984873905	-0.195768764474407	-0.06044540746856221	-0.16656196756085476	0.006539660711794182	-0.26943169236913056	0.06931282067965776	-0.18938727562559218	0.10298253407764808	-0.21576069489334976	0.1306728095437379	-0.08706588239971755	0.21056668679392695	-0.14062794870920345	0.13971781940527742	0.26023083393749996
L310_3_fl	-0.03496145886770446	0.5473895027158389	-0.009281589022069568	0.39434806570168	-0.13831078140576394	0.2124272934026209	-0.21735789434295244	-0.031313527522053276	-0.12431591571849583	-0.010718972352744324	-0.10695862511532185	-0.22116488156454328	-0.05421535974439794	-0.1865888884560334	0.01158677559898788	-0.28966659948659257	0.07025074729688888	-0.2003568342528457	0.11856019837746183	-0.22500190574992088	0.12339463316222252	-0.06946219003165041	0.21301494454233336	-0.11812447837293899	0.14859432523881183	0.19823341596918354
L310_5_fl	-0.019334193146755524	0.5492631168582993	0.010705081581903392	0.4068760615278856	-0.1507957303351435	0.2510279618303855	-0.195744503166036	-0.11303495708772182	-0.09110455109752945	-0.074398747383989	-0.0750360425425583	-0.2168348272970387	-0.058338617171076995	-0.21067516992717444	-0.01746778812232353	-0.2622793423176268	0.04628308167467373	-0.19922820324546436	0.0801812685334906	-0.21771131761330703	0.09837364688293065	-0.041275067355503944	0.19868425721325025	-0.11020519701222103	0.17359408969517443	0.2384756890234763
L310_7_fl	0.015323564543247736	0.570174485019708	0.001823945394276244	0.40735094461606797	-0.14370784233389547	0.23579393283662858	-0.19099809074800678	-0.12134206506780684	-0.1119807681656944	-0.06947442299499225	-0.09201567026709205	-0.2049660627239911	-0.05399319845945087	-0.1879541459327617	0.008522954398948793	-0.26566238576582424	0.06182202529486049	-0.19754699142518453	0.0920664507386626	-0.21600935142747607	0.10731539631432574	-0.08423377265946051	0.1876541730889526	-0.11471697714877943	0.11816706020086529	0.2485868126738723
L312_2_fl	-0.06320520990667586	0.5572719834516944	0.003369482504961975	0.3637151832855684	-0.10031066273066885	0.2162660191929166	-0.19313858594328442	-0.08594724904363957	-0.06619433471069919	-0.023633739449291626	-0.11615716435832282	-0.2346457704340817	-0.07387896932952343	-0.21111677793136638	-0.043854336502769126	-0.29043920953182895	0.03351344903324713	-0.1779668719749936	0.07381690179069055	-0.23273360783667385	0.11770949291647569	-0.016342411237839475	0.25750282457386836	-0.0963925484002904	0.17082711266270023	0.23196499990982564
L312_4_fl	-0.023679747071511756	0.5569255817119245	-0.0013590104875141756	0.43436610052793173	-0.10405767243428803	0.24581652539872118	-0.18983012975161132	-0.11662619467568736	-0.08293099415290574	-0.04510744533932426	-0.09453939402438374	-0.2219834293870012	-0.03799164268482649	-0.1636922175391859	0.011125350417640657	-0.27672420776066675	0.05362092503999871	-0.21067175369998378	0.08442474980431143	-0.24525192378077718	0.08420289862164983	-0.06273930529660865	0.1736443347092033	-0.13615639042760916	0.1273703320142366	0.2418446602682662
M307_1_fl	-0.011202061634930878	0.5199143570573835	-0.0071099080507104236	0.22311762523673706	-0.13461276619650633	0.16454482237544912	-0.3168408505151036	-0.02672849707385125	-0.06634068599333738	0.028314258360146984	-0.2620308029959625	-0.21439874102430215	-0.08739427542314193	-0.16944803099429942	-0.016600750060528132	-0.36401075249128984	0.08157851144588739	-0.16663940305067887	0.2297679310346087	-0.23192214990559132	0.06662852992507406	0.03487470005988422	0.3342381186279098	0.022795806640232993	0.18991900983674084	0.17958600481018125
M302_1_fl	-0.03823016400364734	0.5353438915310587	0.004671301662713585	0.3060183738366078	-0.21256286949442174	0.1382831983703905	-0.2873978984027879	-0.04413775366462977	-0.05201600738058938	0.07068661912141956	-0.19359213755132657	-0.20664378920793908	-0.0696439968041555	-0.15433307840534857	0.011568080233035023	-0.3398059015260878	0.06638741278406239	-0.14574165116709234	0.15628721650405283	-0.24396992888569938	0.08220246215915966	0.020715506498334015	0.30895965787913815	-0.05994618533167291	0.22336694241476723	0.12353069883065984
M302_2_fl	-0.06361220537243371	0.6348276568150002	0.002381474964265287	0.3853065103255934	-0.18527866685257083	0.11453614367570962	-0.23773521278002926	-0.05768091126205349	-0.09603211670748658	-0.0015270356543063569	-0.1161212976645146	-0.1926788659460393	-0.05653954078689711	-0.12343592859636571	-0.024414424543419633	-0.29265753327402944	0.07626231735322539	-0.1680232065740455	0.12779237685894906	-0.2235514565196044	0.11588429281511803	-0.030182205045136988	0.23140911989019056	-0.07310413253300835	0.2260038828256039	0.028170964588285937
M310_1_fl	0.027805265526011133	0.5349863341717799	-0.005181034293758102	0.30732303779439685	-0.22659719216124338	0.11490322857804941	-0.30458526563208893	-0.01576391015372368	-0.10492858138101026	0.017335962160450462	-0.18287188436626722	-0.24073378760974945	-0.07004740300699144	-0.14853615739561993	0.003929157987870628	-0.341987725588332	0.08051291052038266	-0.14120994395292735	0.18954890203838928	-0.21625966478324637	0.10512101088990648	0.017040274301159123	0.2839785304631277	-0.01426223097104842	0.20331558341567127	0.12716458344881157
M310_2_fl	0.0312123125592804	0.5391732952395928	-0.015164158763599798	0.3218030610520548	-0.2512464904092644	0.08042173302096978	-0.30029404578969476	-0.04798135440660434	-0.11319217495599705	0.010108293501657255	-0.20200819453483126	-0.21456612414189496	-0.08291472780901513	-0.13877879211220054	-0.0043062030540158	-0.3291445126200196	0.08826950718765032	-0.13426261619637966	0.20164808922754326	-0.19585459671588074	0.10134502484831504	0.037115398307404526	0.2926967156355045	-0.027266798986141698	0.2539543458581251	0.09923301405744264
M310_3_fl	-0.0506054527124903	0.5922925260240803	0.008835757041688149	0.3208696807319984	-0.13260660205584734	0.1304218339186113	-0.23297909918654544	-0.054500752657269766	-0.0717492837283304	0.016370773514573805	-0.191103388293654	-0.17392435072865275	-0.0673687604831576	-0.2458130307380697	-0.03985963258810288	-0.33058989574090114	0.06094851001655685	-0.17259206237649594	0.15500656003897745	-0.2260075661705488	0.06764370140293358	0.0421676379936374	0.2741004725387055	-5.111644509907566E-4	0.21973721800926613	0.10181637068002705
M311_1_fl	-0.01284554138671705	0.6214725495555982	-0.018483558212384885	0.3273716804876893	-0.14974171689047033	0.1333436993869661	-0.2568735518012027	-0.0551622627090906	-0.09151164089325159	0.006238874779449637	-0.1831763816598166	-0.18138609378712547	-0.07865851037407284	-0.14004271067766336	0.029789138192380077	-0.3474092293412576	0.07731244324411862	-0.17604812037499018	0.18635527111236722	-0.21057022494252417	0.07477008494507616	-3.971836155672315E-5	0.2273171824425075	-0.03347354499648499	0.19574678128146644	0.05570510098099046
M311_2_fl	0.049352704614402096	0.5869963510061342	-0.008360729381067203	0.3067952709823589	-0.2657087875924712	0.05343313963617898	-0.2915202056678817	-0.05085403181305244	-0.06614763074725324	0.05248889239377354	-0.1613826972061153	-0.22628791600663095	-0.06185570820716477	-0.17096821420994046	0.009183728574904612	-0.35415889987149846	0.059363136380578455	-0.1534978298777255	0.15020797298614244	-0.1875603412088785	0.07091412855595489	0.05480618196365079	0.2623860469051226	-7.720366802567991E-4	0.2535680407848486	0.08957943368588686
M311_4_fl	0.1581464598750161	0.5416986173757883	-0.031505862898035766	0.3239063950952406	-0.2978677091420221	0.027089418150207756	-0.30698646041796573	-0.08900215846028936	-0.1092384337019669	0.030857554138095204	-0.15252417385441736	-0.22411273375120208	-0.07630132089022745	-0.17723628636637992	0.006182693270668255	-0.3530360182652053	0.0740709914646592	-0.14784430327716988	0.1693537040566529	-0.1917354707860096	0.06085649844177438	0.06795082219847892	0.2810976533589507	0.048034830663192474	0.22471596043691375	0.143429333285253
M311_5_fl	-0.16195532076629893	0.6121168478052381	0.028198516696831856	0.3328922681139234	-0.18844959090610258	0.036732926489475855	-0.2036517928540866	-0.004854979099149292	-0.016705941057501297	0.07215394996085772	-0.20650165657504735	-0.13851380905222116	-0.07729141475060991	-0.12578528730555533	-0.0793197528685495	-0.36218366816890146	0.061415774514321175	-0.1898323031277683	0.15399308817884705	-0.25249743222168086	0.11215413075440137	0.018659392619911487	0.2989641723528542	-0.0654753257354452	0.27914978728094086	0.0665874197213152
H401_1_fl	-0.014875008701135777	0.5447834182275064	0.011223431090047642	0.351841062753503	-0.1189701564162525	0.2208825742651494	-0.259694872045458	-0.07018732126481944	-0.09221817692540635	-0.020502723874963852	-0.12089129215166237	-0.2387606044167323	-0.048266734345553536	-0.18530722856153578	0.017354013634811594	-0.29244546979146124	0.05655595400878556	-0.18056255997228704	0.10102029479263952	-0.2311186618356012	0.09502754147183341	-0.02946183215250344	0.24840334763699873	-0.09935100476351422	0.12533165795035206	0.2301903513872602
H401_2_fl	0.04437262109223614	0.5058232364816859	0.010205774783838988	0.3623225323934578	-0.17108242071450644	0.23773972121451314	-0.2909777529485922	-0.12954439144941143	-0.12480756308245519	-0.038635257328179684	-0.1094186690117778	-0.2430629755348411	-0.051364254797579445	-0.1807307728222064	-0.0014152255846154697	-0.28195413469190245	0.06634156715515353	-0.16824973889829795	0.13906351851033144	-0.21275682293526607	0.10699248076455276	0.02062439065672767	0.24075551491711497	-0.08575260146866014	0.14133440891629556	0.21417681438238198
H401_4_fl	-0.015278927394092819	0.5209889273527532	8.083457833705926E-4	0.3516001605439675	-0.16058207229259427	0.19893164024976906	-0.2606046474317708	-0.08688414499552993	-0.11089107710748657	-0.013583334105563075	-0.15179112579237358	-0.20706081198234327	-0.052294185579548125	-0.14762996320121266	0.011991322707641076	-0.2885320216080058	0.06279638969205893	-0.1796186501532759	0.11281842078396401	-0.23592918369790145	0.11838206628505023	-0.03075133940244447	0.28586509888530887	-0.105862429118282	0.15878039146047557	0.22433115011806776
H401_5_fl	-0.03641964533109872	0.6124229572048074	0.02505133496606376	0.3328848984527225	-0.1593929238200601	0.18514618387871418	-0.21065668036925828	-0.09179846446367465	-0.06608797213169927	-0.0212316601131704	-0.09490110991095412	-0.21076638800932213	-0.0478512884939022	-0.17890750873483835	-0.025758658168691377	-0.2691573502288768	0.04056128394797731	-0.17402173065724164	0.08336563327173863	-0.23804250816916672	0.10714306026828671	-0.049428588449765165	0.2454697016857855	-0.12003474880205418	0.13947726408581057	0.222934908091865
H402_1_fl	0.01345750208835532	0.5322734997829932	0.007421383062984663	0.335169487844625	-0.2055898874302667	0.22927604736616433	-0.26016956923097095	-0.10060434196919432	-0.10296831453137642	-0.03077262643978193	-0.0910123445064919	-0.2277797639723308	-0.04510018784813696	-0.18527062259617663	-0.006282979333481181	-0.2696739314850127	0.04610116022725149	-0.16356471625398492	0.10940234234936999	-0.22196212709494673	0.10038562998791177	-0.021672867642018465	0.2609171779716792	-0.11262656689565505	0.17343808719316955	0.23720852935531897
H402_2_fl	0.015508484571825035	0.5431132562820323	0.02623566197497242	0.38451085593181494	-0.2052670639598227	0.1419357840991546	-0.23681425075625245	-0.1110762166807252	-0.09548818167114849	-0.050590113024935816	-0.1273105111655315	-0.21930762215876853	-0.06708432068722539	-0.1912917980418711	-0.040603526957938986	-0.2637546297942659	0.04544202600372364	-0.1545738802160294	0.12098813033870158	-0.2143966424219834	0.11999148648911494	-0.007143507170448537	0.26653172949097287	-0.07214744749214072	0.1778703363286044	0.21472196068816737
H402_3_fl	0.005543883482013359	0.6014766668888848	-5.729888581810366E-5	0.31777955555201115	-0.17387818108355318	0.17260385739320402	-0.24746787687744481	-0.07390557062051156	-0.10734172523414975	-0.039389672881456866	-0.12972161478579158	-0.19814290330824819	-0.06078676629084595	-0.1677928874424019	-0.0014401849590761004	-0.2714540768377225	0.05741952059556762	-0.1712217423666939	0.14447970629334286	-0.2131191730386845	0.1243137451164738	-0.06452334112606402	0.24318331747972746	-0.09138113181258685	0.14575347514955544	0.19907041960026933
H403_1_fl	-0.030003180251972947	0.5929829187184539	0.015058883073491581	0.2650909993989042	-0.09142473366223186	0.17737999097154428	-0.2742577605002723	-0.04960475242111042	-0.10115261316257551	-0.013243248131426822	-0.2024461284838604	-0.18809365227256727	-0.0720843514339771	-0.1593018113837227	0.004510274913525146	-0.3569956096357139	0.0728948730563285	-0.16442702045579488	0.17229015487706517	-0.20186988281829138	0.10459526172386695	-0.021815724857593324	0.29259376287820055	-0.05562651444535775	0.10942555697241266	0.17552430733267527
H404_1_fl	0.0045900642403287825	0.5235648001278405	0.006953946170733645	0.3642537379510538	-0.11853724113438675	0.26132249584774087	-0.24370254708533307	-0.1108596780075522	-0.11382886459779479	-0.061826843454123995	-0.09723980550685683	-0.24983528825461268	-0.05344313564602665	-0.21006205962835317	-0.025210610617945876	-0.2832211081644884	0.04903215072044348	-0.16063593949692767	0.12148954923060755	-0.21383549566683202	0.09302009117438996	0.0047626228808873225	0.23857214043518904	-0.109507545221196	0.13830426261665182	0.2458803010865632
H404_3_fl	-0.018344002731009217	0.5081539075051885	0.004860881447879398	0.3523684289051342	-0.11908144155208533	0.23654614642870533	-0.2619614201524118	-0.06887559165104266	-0.10488018321943329	-0.013761907484861108	-0.13650543514227864	-0.2288262692353939	-0.06702709491700427	-0.1801433642519592	-6.142151641606933E-4	-0.31248574058946116	0.07415432874910427	-0.17818870755455785	0.13917316503917293	-0.2408801505868332	0.11183028332493669	-0.01650879828887819	0.2469235837770795	-0.09088571765375512	0.1314715505402105	0.2334877644577139
H405_1_fl	-8.998462015079312E-5	0.5188274612821999	0.005676859577660953	0.34351400696672296	-0.14844052506090663	0.2555408540003211	-0.24340005834240389	-0.1088220209941094	-0.10849083959357386	-0.03856563928281479	-0.14185071420308362	-0.22688923235914726	-0.05930661454508484	-0.1858241578007111	-0.004341572877277239	-0.3140882515533324	0.06335552269032488	-0.17914044013539643	0.13579634487894837	-0.23126629254638975	0.09083493591222792	0.01620681324036363	0.22743305743603037	-0.05147686939547326	0.1828235887472876	0.20198376857776676
H405_3_fl	-0.020404903446749056	0.5566450795932442	0.003912527539190684	0.3935241388399434	-0.16569227187974536	0.22801658322469634	-0.22177720377929674	-0.10285879791396038	-0.09244749454820862	-0.042181948195534995	-0.08492748629255413	-0.21685299272732653	-0.04156924009935075	-0.18419883554320857	-0.004326260892988602	-0.25911094479407093	0.04968873280205544	-0.18902575505612276	0.09464013496138969	-0.22648652650714082	0.092477783127311	-0.047220148263593706	0.21030517715275	-0.12557524335801437	0.18012050535619625	0.21532539070109039
H405_4_fl	-0.02215057008740754	0.502786903874683	0.0042211188159118375	0.30464716001524383	-0.146157730434926	0.23412146105268153	-0.2660777288618178	-0.02054008472262785	-0.1206132759395167	0.017951556806394146	-0.1660341110902499	-0.217443759460023	-0.0793681631380701	-0.14347511996662454	0.020470439055139802	-0.33580984975824224	0.08722920069570059	-0.20768199431938414	0.16084803707747367	-0.24835530401223782	0.14392151672276335	-0.04388154375247483	0.27763406718544464	-0.07007422350142861	0.10607719999955388	0.22775479774404012
H405_6_fl	-0.005387599331806721	0.5246102371325524	0.0032008979411360453	0.33736720321983477	-0.11357028394678743	0.24930354007848962	-0.2210096904588632	-0.1199607013244142	-0.10764899436053157	-0.05000039426467033	-0.13963756390393853	-0.21630223223591102	-0.07586044625125798	-0.17938422409703067	-0.03540643597537926	-0.30967361646391883	0.06014983995280402	-0.1821727746963491	0.13524947655735317	-0.23812942190072445	0.09782402709351126	0.011370541237411063	0.2629856755221866	-0.07233714754681746	0.13911109716157397	0.24530899086154806
H405_8_fl	0.016190073885121517	0.5271261743604714	-0.004301352291758799	0.35471359154075033	-0.15658426400987788	0.2257555323086184	-0.24054849986312135	-0.07960185635234163	-0.10375547101419785	-0.028682998529497447	-0.11174245784462028	-0.21954100028228393	-0.04888166479667741	-0.1793029371388292	0.013320961494201713	-0.2972608023436731	0.047459088150312564	-0.21271250925402602	0.08972032055452506	-0.23796658305351023	0.10465223454681366	-0.044783597132026225	0.25638952176230473	-0.05566897585275837	0.13808150942697467	0.2479259617291059
H406_2_fl	-0.008273915237821998	0.5344835860676708	-4.4511748930623624E-4	0.3527863525471581	-0.11120496665924268	0.2214121948728245	-0.2402907238509245	-0.07220771911705245	-0.11050692050495006	-0.037483367003974956	-0.12767095662849823	-0.2347079109178893	-0.06903472811652445	-0.17983484119038126	-0.022112573348652027	-0.3046083695043158	0.0655168386546925	-0.16334091923253147	0.13411953374927763	-0.22464847972969232	0.12082910185716468	-0.034070533675390736	0.2587684544083848	-0.09966766940297102	0.11030597316640006	0.2418876762865457
H406_4_fl	0.037589500669283696	0.521520527808149	-0.015878389450255707	0.36227012285239196	-0.15903464195629213	0.26040901483391393	-0.23538597390988494	-0.10847085747937771	-0.1169983418591766	-0.03869964367457282	-0.11076204378991245	-0.23274642188534803	-0.04785845301753976	-0.17432788732034876	0.01954266978571824	-0.2853959835773726	0.06488501153672088	-0.1914522715332184	0.12171941793058308	-0.22377098630083908	0.10362422993213288	-0.04267746094824124	0.21081476926237805	-0.1140545397893041	0.1277422448662447	0.26739638701416846
H407_5_fl	-0.022187694391496815	0.5901221304002916	0.0015788755948684813	0.41243304376025625	-0.12891278101993514	0.20141498075740003	-0.19497669295831677	-0.0880925763974516	-0.09545994734554068	-0.03567286837114798	-0.07692939311236384	-0.22800964134556273	-0.04027075492314677	-0.16963106266594247	0.011497138346106626	-0.2754331464028893	0.048207141939992815	-0.189699866054157	0.06235285080787334	-0.22108342831445013	0.09040828969547796	-0.07506858902287368	0.20888434592529692	-0.13694269012399873	0.1358086214411819	0.21566371378052818
H407_6_fl	-0.007749299386190983	0.5985673951626483	-0.004967386208679446	0.3751186050640491	-0.08352462245427923	0.26860922698039486	-0.22463592244783964	-0.1280476859963769	-0.09536709192870817	-0.060307722070325406	-0.08295295825378064	-0.2273355515229778	-0.04976004600620895	-0.18499070393340672	0.006467345647020131	-0.270698656245699	0.05411504412347402	-0.19520616711935157	0.07236963831485733	-0.2215939895815653	0.09492880088721888	-0.06313329604302079	0.2074141325034682	-0.07824263413078736	0.11366236520964657	0.18726117943642057
H408_1_fl	-0.03337115188559005	0.5765826010370219	-0.009638209918876733	0.3462523061063796	-0.11830272324643147	0.21755557811141182	-0.24445255158284404	-0.07045019490633311	-0.09763346280601584	-0.030222835425574662	-0.1419505736003178	-0.2096331353640461	-0.05892549184410581	-0.18026663250998856	0.020393065111276865	-0.2912591448771034	0.06145054916652963	-0.1760769586907657	0.12139005410394466	-0.22907963367107728	0.0976862277272818	-0.020315211023675207	0.23838535822365417	-0.09414264696181018	0.1649689105514943	0.1610559081755611
L401_1_fl	0.06625753584366248	0.5111869352042209	0.040799111554095345	0.3935670007901264	-0.2326802636525797	0.11680641328291959	-0.23827659302247153	-0.07532297670133095	-0.12506312728527502	-0.018743394486204157	-0.1490946288547394	-0.218490769893056	-0.09168437337942432	-0.19744274812777818	0.005925204319861564	-0.2994842449830914	0.07197873695248971	-0.16880304274470695	0.15832698352874344	-0.2043343975919351	0.13442944552849545	-0.03663786572893787	0.2466765216253243	-0.05415936659646667	0.11240544684181555	0.2518584575762399
L402_1_fl	-0.03610963047055815	0.5146150555014448	-0.009509986237390314	0.405464245628423	-0.1395170509768698	0.1694267921471727	-0.21767281809478803	0.0019765316524578518	-0.07975504374422002	0.009517994161468993	-0.12810641694031427	-0.23450859193766446	-0.07081274294520168	-0.2078626355690917	-0.019874565937596043	-0.30693013026715066	0.06305721906690852	-0.21836861463945062	0.1282530496226269	-0.2472508969725104	0.1077964108137574	-0.01985868760089956	0.25020803695568966	-0.06741627905659696	0.1520435388879555	0.20119521695239725
L404_1_fl	0.040674787921269884	0.510495932231901	-0.014384931996613084	0.2233688224887637	-0.16374893389737788	0.18366874795217586	-0.3216693335884556	-0.012432761355157904	-0.0631630034363139	0.04807219342991547	-0.25292394556735515	-0.19062014457808701	-0.08925615677956045	-0.15586372231677703	0.024575653523741414	-0.42366595117904626	0.11731014610867203	-0.19088782201273052	0.24138902275437488	-0.19675017186483107	0.057991705419465016	0.017831470096660158	0.31802366981991453	-0.009815560623565957	0.10518131971823683	0.19659896773077956
L404_2_fl	0.0018569544477819722	0.4972027163652549	-0.01815546281593132	0.2967889674274089	-0.12651131485845585	0.2144560335523074	-0.2568144561572445	-0.040716577086767534	-0.05052258356817846	0.06312017246122605	-0.19435481010100292	-0.21700619549998285	-0.07684578283908544	-0.17853058291239676	-0.015940033552689012	-0.3869647246180024	0.08545044646269064	-0.22330392211678335	0.1866566627402546	-0.25249283122784444	0.05276340430112628	0.03737073267399732	0.29279284425274044	-0.015747336384908658	0.11962413168799244	0.20582354736649203
L404_3_fl	0.007004803650217911	0.5230745828250392	-0.017645983474818487	0.29156287075533666	-0.1639583759498681	0.1866349264327859	-0.2281702731403175	-0.02893707690579035	-0.052811778703234634	0.07042648631602444	-0.2020869598663451	-0.21816204482720264	-0.09068883260573615	-0.18775330076010482	0.014878615318686318	-0.40507249370399956	0.07743657707108133	-0.18737073177622085	0.18393856779138051	-0.23080551931563903	0.054177867403766115	0.05030126900543603	0.27504128542727846	-0.04771513691794242	0.14288448707790943	0.1838161688722768
L404_4_fl	-0.022594986658570793	0.5884351028920788	-0.009150851248661197	0.4382332346151377	-0.16696411609722697	0.1361654542611773	-0.20800224593758682	-0.07269686987424245	-0.06870044931175015	-0.0050062359316022775	-0.10365312448564734	-0.1954652735137239	-0.03471912783800349	-0.1530794647335778	-0.013904617624051534	-0.2733917135623504	0.05464559279825862	-0.20207518975616898	0.10572447704539227	-0.24257171938030272	0.09827510164094419	-0.06428280228500088	0.22190882098832787	-0.1143560456465335	0.14713552672857427	0.16009152291510928
L404_5_fl	-0.006724793567246201	0.5754004277471478	-0.007380492251836679	0.45885527108900626	-0.18469524678128207	0.1554996983085235	-0.24425298760104294	-0.11434467336149243	-0.12430098923537006	-0.04888684122262469	-0.09656094399600171	-0.21913881606925564	-0.053408036654581825	-0.17645868115221014	0.008096846892476181	-0.24252602884615773	0.0483338013265843	-0.16178297101858077	0.108345648340821	-0.19038877569929855	0.10112783153515435	-0.03099659684165563	0.21057951944000683	-0.0867132475951374	0.24083984255232146	0.0814812346617363
L404_6_fl	0.056887435131083894	0.5563022564332799	-0.0029936317333889156	0.31201532886729416	-0.10538767117230788	0.17500781788697267	-0.2770364067325755	-0.05030583887752572	-0.11485005539364235	-0.020948061517151256	-0.17295884807346995	-0.2254321455959828	-0.09262027676203743	-0.19108836040175908	0.022499198153387863	-0.3660083086592778	0.07656156282000619	-0.17138780966166792	0.18615498554975257	-0.20264617729349732	0.09280271035711937	0.002023217589853639	0.2573617385766582	-0.0050486983387177525	0.07357925927941442	0.18751677956817747
L405_1_fl	-0.011485983998365368	0.5739315536296726	-0.009515762812710153	0.4237072039129545	-0.1336742883260273	0.1949295341228796	-0.16741139580915523	-0.10337376826671292	-0.07901629672328611	-0.04172081061207953	-0.09577474072730077	-0.2056725670810004	-0.049799983973547644	-0.1781874141449134	-0.016217012193975693	-0.264063579645484	0.040307959854201485	-0.21729806993934384	0.06941796867587717	-0.2413227353032388	0.11525688438997854	-0.06951475383890907	0.2209869431538588	-0.11881445545717415	0.11692570849045199	0.2473998626233496
L405_2_fl	0.04167554393533432	0.5981873988225647	-0.011535896845767911	0.4146737769474463	-0.14849507729597405	0.20305181145968426	-0.18567248662696154	-0.11946399655116319	-0.09765868843162744	-0.06671663403756185	-0.06807941662530902	-0.22726861567351542	-0.038583759795163944	-0.19857527927238325	0.005197224977636233	-0.2538715030248657	0.04643463517488565	-0.18767502016671905	0.0745267159263148	-0.21178752816524668	0.08680546094759842	-0.07092184757706606	0.18611751797000756	-0.12614866893717683	0.10926822668902753	0.24651610617600286
L406_1_fl	0.033282821507861646	0.5670692755693487	0.007230602190674097	0.41683361103888894	-0.12519299650769272	0.231488409440346	-0.21242599859370512	-0.11968654107645019	-0.12031012089324655	-0.06486097500285733	-0.09660215549107264	-0.23491390699508843	-0.05007745321857009	-0.18739483314304187	0.029244226211499164	-0.2565501501750032	0.06284720098813762	-0.1972491744750471	0.09960200777131338	-0.2150610205138993	0.09935525900008033	-0.07142003864911754	0.17962038714441445	-0.10780639571359472	0.09342621989030647	0.23955173969551666
L407_1_fl	-0.0037725110505509307	0.5285513003579326	0.005149308814499383	0.3790808475384065	-0.12746555043103075	0.2814199719603017	-0.24617108443274938	-0.11548791210191169	-0.11790596871482631	-0.05486449838198458	-0.11384750199058641	-0.22472068711881354	-0.038652747168756454	-0.18213019300169464	0.03586114189170021	-0.28069365704157007	0.04428124882255921	-0.17190523229608443	0.10433707634639931	-0.22351569101991584	0.09476530771347559	-0.03931243341633001	0.22699247313803145	-0.11826196556244443	0.13642880706183516	0.22184015008410762
L408_1_fl	0.023844150105759694	0.5018412433640325	0.005263051691198055	0.39946982131914793	-0.12255741565455527	0.22192483466032492	-0.22393068867447372	-0.10702140058144967	-0.12957937999258373	-0.05777255350468353	-0.15975745993926943	-0.2111710075266865	-0.09248867445544637	-0.18766050270857015	-0.01587739035765316	-0.3147636840612038	0.08414925706140028	-0.17054593713855848	0.15390967714756343	-0.20876783510273658	0.14637517186312127	-0.0496631844745805	0.23380168387711409	-0.06506529758893023	0.09684801732782439	0.24919550334389373
L408_2_fl	0.029400950471990782	0.5483539897707314	0.01332898954463392	0.40144955659241227	-0.14097884712046	0.23922950821963684	-0.2255145212761439	-0.09392581737691019	-0.13114024620256282	-0.06512492653013789	-0.10164558960664315	-0.22820853725345222	-0.05836043771944373	-0.19485661442371607	0.018367160560980332	-0.29030662387355977	0.07734182657712149	-0.18275693151142813	0.11812317093803247	-0.1899799994461583	0.10750562200054033	-0.07384887592431666	0.19780371618479908	-0.10026962605504722	0.0957682056471551	0.23024489781194593
L408_5_fl	0.001341844916341553	0.5485148829763249	-0.004146951455566053	0.4528262562157276	-0.11535200032518324	0.23731150742300344	-0.23129028867132587	-0.11093173531481908	-0.14291360081773963	-0.08679651212145	-0.12031308992826276	-0.2145959955184774	-0.06913102878646102	-0.18079328813427814	0.049111168505735395	-0.25069729633405624	0.06492102772126819	-0.1734766923201572	0.11159851852275254	-0.19263538784925524	0.11048546751211383	-0.086363172130839	0.20692903693629075	-0.11233782876512587	0.1387598958700364	0.16997526187340253
L408_6_fl	-0.0012781042135279058	0.47458933150475413	0.02071704957151991	0.40174547506643576	-0.12492331298036113	0.2383550661278391	-0.26089017809508136	-0.03694551583971241	-0.15912545272006623	-0.03816518881936505	-0.17766770776277432	-0.2152259212312841	-0.09480699044799686	-0.19680484056530972	0.02106133030460363	-0.34597936422269393	0.11288985219443101	-0.18938246739594347	0.18443928733615003	-0.18955180792954435	0.1428740808080546	-0.041750575375683684	0.2306101301257148	-0.039714387107768825	0.10610001587933413	0.17883019578827677
L408_7_fl	-0.019445139257369508	0.5110829580687907	6.617006062088412E-4	0.3874648961489244	-0.14722131395975338	0.2667950945538205	-0.2074586087062231	-0.08710627071683633	-0.10632750919952272	-0.05663376092855044	-0.08658644736572814	-0.2231280412060723	-0.053408580505505066	-0.20986289289645674	-0.01711137016710236	-0.2727194767593281	0.050897316737658876	-0.20693540558752416	0.08226073234922654	-0.22992224947135953	0.11628362036274527	-0.06092006845813467	0.21954804650373336	-0.09999793314789335	0.16790755260163137	0.2818831504006203
L409_2_fl	-0.0068291587525079606	0.5477004802621133	-0.007760569058107361	0.41001854072920235	-0.12346511101391429	0.22900108643585107	-0.24621957283096238	-0.0474087012278111	-0.09029468737782993	-0.04311680013496445	-0.06937129715969137	-0.2280050346568778	-0.03560443622295211	-0.20683634636546847	0.01631838270330348	-0.2647840827391415	0.06015852005870815	-0.21880376739376634	0.07864371337288326	-0.2256410746331822	0.09982618690400158	-0.07868020482121067	0.2118342766432981	-0.1109939491330812	0.11276375273377108	0.23754985367833742
L410_3_fl	0.01242194120511006	0.5253208028109994	0.009205852142092408	0.43569463458187135	-0.1524944842867092	0.22128076302632527	-0.19996870178918327	-0.1184165482329549	-0.09479078168230222	-0.0806672141548726	-0.09552713297939817	-0.1993920901382499	-0.0648639476766821	-0.1760081825061573	-0.020405460989239205	-0.27206722916785575	0.05696924810056769	-0.19466737184916583	0.10234123075749962	-0.2231241522396068	0.1225905472998951	-0.08491050766681699	0.2193505061827069	-0.11768209027438303	0.10517118371564188	0.28463918581086683
R401_2_fl	0.0017583021329310444	0.5083973773128839	-0.00500421166302862	0.30529106039110965	-0.055078505125018065	0.25445500971351037	-0.2877446549258603	-0.05588027829999539	-0.11234493544568194	-0.012712657763394955	-0.16860067248474211	-0.24329938700478854	-0.0529320458088651	-0.15681580683900592	0.009569554920928675	-0.34017568977598645	0.06490024822916772	-0.17546886150224647	0.1611535897703402	-0.2584814211881014	0.10274716732192223	-0.010435969627860014	0.29306913374533466	-0.06840539438462188	0.048507029332570936	0.2535320189684969
R401_4_fl	0.01841316496875943	0.5168094897490467	-0.01106602500743134	0.29893191117698514	-0.07481167628928845	0.2510709826916371	-0.2772973286447116	-0.06931265512498383	-0.11348276389151381	0.002421602563441415	-0.15819264057332852	-0.24134682498529242	-0.06019039100534698	-0.16444487551669593	0.00699775578012634	-0.3596010678651085	0.06471984590647965	-0.1700192212929829	0.17445875668622168	-0.22721543870075475	0.07904669116276085	6.529430279870845E-4	0.28628142295123277	-0.0798107167427593	0.0651231879560398	0.24186387101947926
R402_1_fl	-0.06121200256517115	0.6049447177956871	-0.005277148443108143	0.29173658302570116	-0.030317750817157645	0.20414401415340502	-0.2383752462181417	-0.025551626042554804	-0.09422947204537278	-0.016020451781919437	-0.1912517364473919	-0.19076607086174063	-0.08363398364265737	-0.17025640066836464	0.004397091665632603	-0.35749282276278416	0.08346944542569196	-0.1949529003577065	0.15979833017054634	-0.22123541378083655	0.10920338941008839	-0.04452770343820539	0.25155181134521226	-0.05614573822168992	0.09587727216183123	0.17612381294100826
R402_2_fl	-0.016788280816945375	0.5915132556775372	0.01695001559017242	0.297249635839758	-0.04917001622662073	0.1866650985120976	-0.23234954738848074	-0.051372976429493664	-0.10623707601873836	-0.03286709254902014	-0.19147331372567908	-0.20517766185394032	-0.09365549569582013	-0.17661008196138087	-0.0046129656761360535	-0.37574241329118174	0.07853725752398111	-0.17187326086253235	0.18980945341683916	-0.22337616531868779	0.08290478908957023	0.008037576077790768	0.2448760270175153	-0.03510991375571195	0.08120915291034222	0.18866399991476462
R402_3_fl	0.009421527904936777	0.528890631292821	0.013262614388110636	0.3288865581396142	-0.0866240380350472	0.17960919093485422	-0.24484173626795355	-0.02628025387764824	-0.10000787656230532	-0.026582488088605815	-0.1973068167292347	-0.21414000760757373	-0.0930300840274267	-0.18051692658770288	-0.028241284042191925	-0.4058574330713895	0.08439962258625464	-0.1706964938371694	0.19737431353669152	-0.2115073732385113	0.11144130881239711	-0.004957378345626285	0.27417464865054936	-0.004064960516188886	0.05997779978521926	0.20721693480312645
R402_4_fl	0.05436465846830038	0.5764023193099063	-0.00692482836393743	0.27867931183092187	-0.10404883630787216	0.19271185569893373	-0.27575490041117773	-0.04295837934947118	-0.11520835776140426	-0.020764558650313347	-0.1665586662999901	-0.2199013065896533	-0.08690042053741313	-0.1941657434076149	0.005822237937993892	-0.3772950032420602	0.0795877495470643	-0.173595153424402	0.1940073694011634	-0.18855563943872905	0.09462487170183796	-0.02694571852862709	0.2553201962102869	0.011015809119188834	0.07166892641514842	0.18537220667192092
R403_2_fl	-0.03904258125118773	0.534527452958001	0.003634246092976093	0.27771196369063456	-0.08526084606820927	0.20841098859994137	-0.2651941977456961	0.013714791881567455	-0.10588721490200488	0.0051654482479146875	-0.20387772563294584	-0.19302435950690547	-0.08835666512899068	-0.1580488793672075	0.027231882093076705	-0.4147409573071455	0.07404667842146251	-0.1823224173587969	0.19089402866876276	-0.23291799029481622	0.11676311240996477	-0.014824846101354639	0.27966247533371336	-0.03793624569690163	0.09538680770907888	0.1942850502550699
R403_3_fl	0.0029036340679625128	0.5174371005590997	0.006374897068001643	0.3110233914205219	-0.08356070365992167	0.21502724105039306	-0.28664803897308755	-0.034931712961623916	-0.09550307013805795	0.01262642235988301	-0.16951932054670915	-0.2537049052256605	-0.0745120163550271	-0.1701538997072172	0.0028093648993717246	-0.3822378707933325	0.07742476151052963	-0.175967325080845	0.1717981008747251	-0.2261062644634549	0.09328690326153656	0.004885361458505074	0.2658391696486735	-0.021201500701565797	0.08930631834200237	0.2033039620852968
R403_4_fl	0.0020746113589627593	0.48451835466461657	-0.0016568399830723876	0.32831774960121257	-0.061549264082934915	0.21807233681726956	-0.30860022503478507	-0.0054692069015643205	-0.10666054431991168	0.0029892599909138607	-0.2028303824481118	-0.23965253171545794	-0.08455700819262793	-0.19000255603250898	0.01434192526699566	-0.41472388988089215	0.07459934937892916	-0.16199728880508787	0.2149033486763501	-0.20079457509511986	0.11155504099216315	-0.005891562452414649	0.2672735530958394	-0.008201639546901673	0.0811064352922045	0.19283554935593497
R404_2_fl	-0.030316650593468143	0.5468754931862633	-0.017010865120000267	0.31084394527423803	-0.0753857934627569	0.2208009146473297	-0.23378232743749505	-0.11087188702555092	-0.06401510586500102	5.966193724478291E-4	-0.1676660881816974	-0.23195065868966525	-0.08200514296836048	-0.1590101308004927	-0.05346226445273042	-0.3402112581199275	0.04939679816535966	-0.1582650759764011	0.14956833329119976	-0.23355634657809535	0.08997418062362603	0.0034913923346731966	0.2903543044545362	-0.06361829308730402	0.14435062154678802	0.21487528546248494
R404_3_fl	-0.001086483905158378	0.517003850352401	-0.004887271798882188	0.2780014671195324	-0.09801263739622508	0.19648067272650246	-0.3100092054172368	-6.926992500690954E-4	-0.10070511240631758	0.00648987701034021	-0.22149767872509038	-0.2086360646129967	-0.08015810236601784	-0.16217217593739539	0.03638412395351951	-0.3936517322345458	0.0839054205257434	-0.1797607600827206	0.21507423031046674	-0.22468594175786752	0.08101736882821771	0.0037836708486126327	0.28929033569505014	-0.015575213679118943	0.1106850127019311	0.18341504949732498
R404_4_fl	-0.010570594316159872	0.5221574201089758	0.004488959086614178	0.28196370987072805	-0.11809415138781854	0.19579162579151915	-0.2742432436578526	-0.030269087411331448	-0.1058333981404734	-0.011341364305246173	-0.18267949857071103	-0.2209782455416753	-0.07983399929595988	-0.17190564535218725	-0.024803535842507433	-0.3571836449412543	0.06619470824838918	-0.16922882086114177	0.1753755087862085	-0.2325119193775222	0.0993451190061481	0.003282761532767747	0.32315955977690025	-0.016566649515622967	0.1274945663072241	0.20678986000198912
R405_1_fl	-0.016798292749454477	0.547775072047833	0.008221424951545899	0.2857084341213796	-0.08697778773755285	0.2070240736450861	-0.2759422227202253	-0.05093580571835281	-0.10482019950265101	-0.02266697232344372	-0.17294159865014377	-0.22892092977623024	-0.08105273935449307	-0.1720697810165518	-0.008026878548353461	-0.33167576362112644	0.06703351269523007	-0.17173267467057593	0.15191559807899163	-0.21925527206493808	0.10906331249536003	-0.006882935002924258	0.30550342238350214	-0.052605525085852436	0.10482244865824498	0.2162380794656966
R405_2_fl	1.246610154811284E-5	0.5210865703456898	0.003962932206072307	0.3992691596525719	-0.08679972775103395	0.1851248368175311	-0.20410830813520156	-0.10614835185730939	-0.0837122507387921	-0.023546211222294854	-0.19355989364639203	-0.19081124506157826	-0.08960694503595872	-0.17185051085716224	-0.04160984097150276	-0.40592727876282875	0.0745510246137942	-0.18575823119303986	0.12913566870530363	-0.187734932869908	0.11347487369669361	-0.02301792151185706	0.28112005406507445	0.0026322725646557577	0.0971399468903949	0.1866818439555299
R405_3_fl	0.010367120073524277	0.5365902521806686	-0.009735320770942572	0.2883865633830083	-0.09252657245921361	0.21946530986852078	-0.3182029420279801	-0.044101720712430736	-0.11707128682459057	-0.014614453248703675	-0.18781218881120967	-0.23115659088255114	-0.06717331645581998	-0.16281506213009303	0.02839477584650476	-0.31923888827641395	0.08114559374464944	-0.17525388646577045	0.17800539752519662	-0.219609505303312	0.09384109794114176	-0.015861898536939457	0.30409998048239745	-0.04356222513731614	0.09666766173634167	0.18177210526133256
R406_1_fl	0.015431304231848422	0.623103435664531	-0.018743894052966677	0.2891144243744099	-0.12335573257385381	0.14997804533428566	-0.2530592524298328	-0.045922892359750486	-0.09594545689508172	-0.01494260532964601	-0.17787321777772536	-0.1890023696772138	-0.07010527028739794	-0.14384962400797574	0.0267373829629348	-0.3341849405109399	0.07023107141871371	-0.1700343965681349	0.1612725675070227	-0.22530533128840147	0.10451823330557013	-0.043319241045997436	0.26880560148088434	-0.05632516892044684	0.09208666310988457	0.16069066433528095
R406_2_fl	0.0111509057708754	0.5016817122310019	-5.676525484579059E-5	0.32536217944528145	-0.07935758438206213	0.20560832218362368	-0.306231865550383	-0.02603909428169035	-0.12194688846184364	-0.024309010463710867	-0.203212682510915	-0.23240745676856164	-0.06506617448285124	-0.15788350553382585	0.005407169614718703	-0.3789467754556301	0.07357271201904336	-0.16062030527361557	0.21745797258328073	-0.21149066943329156	0.11804865210671549	-0.01498456215539876	0.27102058122754297	-0.030925245312035998	0.07921396732072417	0.20495441081785382
R406_3_fl	0.0047067268293493475	0.5144837356482447	0.012845522786053543	0.27150854784835177	-0.11705571796787573	0.18718203769353672	-0.2993114197012061	-0.02924362468051804	-0.09094826268908454	-0.009637405819822788	-0.21080785886563316	-0.24414338071936265	-0.06963009360159683	-0.16852637340389498	-0.009828274544040512	-0.38055869752978144	0.07168114970667114	-0.15252550271367366	0.1826158410019602	-0.20689921821580923	0.09737107251604478	0.015362388515554324	0.3065314779868086	-0.01856823774536073	0.12182983654254831	0.22156573112253589
R406_4_fl	0.01891185566160189	0.5268151957537189	0.008520313662945166	0.28991331424989203	-0.12176475768722078	0.19773059222904144	-0.2761640838817687	-0.04392274583349205	-0.0817613480531719	-0.014655278125535085	-0.19315879984889725	-0.2138075804318928	-0.07273244750645241	-0.18112769178980226	-0.01680654355912071	-0.35295303062119676	0.08468501000033658	-0.17560423776670647	0.1917387421426906	-0.23266443798755387	0.0976681749413768	0.017306841694791117	0.2946512681002814	-0.0490594073714107	0.0662126160273986	0.23202846600014532
R406_5_fl	-0.01470274026045789	0.49717552786227887	-0.014272535103084141	0.3071926773730336	-0.09616912959660333	0.20018099677942222	-0.26093317605619404	-0.0028082005910474994	-0.11251694221294335	0.004027408736397434	-0.21115659698923356	-0.22632544759459372	-0.08790937975419907	-0.16543435058763065	-0.002891440419097252	-0.39631886654995546	0.07485107869295911	-0.17406103424662847	0.2025254706247313	-0.2347805994192112	0.10463802615978943	0.009731377645316945	0.2899675351904414	-0.016412071579375263	0.12856982972389147	0.1978325821719937
R407_1_fl	-0.07513185332429875	0.54750017034821	0.0017794884049770893	0.29283158368404116	-0.11361394274237045	0.17055686820961968	-0.2562527078253931	-0.038222261856423155	-0.04180612648003007	0.025814573677845065	-0.2276832696929869	-0.15655798453188802	-0.0959316100199752	-0.15223399563570808	-0.047808585779509416	-0.35681688021311747	0.09229220696458854	-0.1963240490432534	0.21210785603929122	-0.2454877342738141	0.12437792485511491	-0.020207565753669596	0.2837733109567366	-0.05667755931570922	0.14389730864385633	0.18582483470386782
R408_1_fl	-0.01889648329949701	0.513404810918711	-0.003991711102462624	0.30747900345923174	-0.06224008378062608	0.20607912947067558	-0.2806389305133479	-0.02322173941022708	-0.10753864816301342	-0.008259559100881017	-0.18851575495797104	-0.24405110434510108	-0.08510379172385421	-0.17218326390591013	-0.011154809307731231	-0.3831949136496582	0.0717525394906831	-0.16054102648280622	0.18082476131162822	-0.2280227989203547	0.10996267392267427	0.0022063434768615307	0.27754924213354687	-0.0166659213244448	0.11799099598997166	0.20697103981390252
R408_2_fl	0.009163275431815311	0.49248697721570467	-0.007662807421971424	0.30054880867037304	-0.1299700568596521	0.21135806595928958	-0.26109883165663567	-0.0305744773700391	-0.0927658445065223	0.011877316949259751	-0.18232028736823708	-0.21181362274935664	-0.08240820996175731	-0.15562425425218698	-0.027444357231282034	-0.38618722017609963	0.0890046391332188	-0.1919174797992825	0.1892231295242141	-0.25403628214100993	0.10049464197021572	0.021796980087038325	0.3124515429383472	-0.0290512709405104	0.08333316600824667	0.2211364585468196
R408_3_fl	-0.005928773790764862	0.5402795172708237	-0.001076563425018294	0.3362600593580558	-0.08164028543445537	0.22929853965219246	-0.2788026829109381	-0.07837421441045457	-0.09269042651846116	-0.010856369257326021	-0.12092773887516332	-0.23268986243055947	-0.05166422851738086	-0.16170834422187957	-0.00918295174221748	-0.32496886980750883	0.06379224284203545	-0.18669022823743386	0.1256797583949314	-0.2330193051048735	0.10597297500980335	-0.02472125188750259	0.2650586049465654	-0.08208969244244871	0.08141007002106407	0.2292800215189154
R408_4_fl	0.027613430402293852	0.51140495747276	0.019444562926781032	0.291772451694218	-0.10777857340747138	0.19097978036115804	-0.30740495452934985	-0.01598068031444945	-0.12185075421184552	-0.016981229623864703	-0.20736086855133798	-0.24504540374006098	-0.08043317536835563	-0.18379923043678842	0.029754671784441557	-0.40101140390852963	0.08031550800347649	-0.14448374177803663	0.19124731226039726	-0.19090583607128878	0.12446178214711294	-0.005353942879224121	0.2617733791518713	-0.007404039113246906	0.09021767939198613	0.21680831833735298
R408_5_fl	0.061729785820025924	0.47459857653975857	0.008685190151994347	0.2906552462022325	-0.18538450142327814	0.18883239150815423	-0.32264933827663944	-0.020035536972281033	-0.12071431895420559	0.004097847873312282	-0.21461185646683198	-0.24626404445565575	-0.09293169879206513	-0.1816119895639093	-8.03702802823103E-4	-0.416815471414429	0.09886145709354448	-0.1259189692765542	0.24940702947061916	-0.1731540326542409	0.156047173588479	0.009373920855591415	0.2511328453140392	0.002710124220249816	0.11123193527714174	0.1935319371377708
R408_6_fl	0.02549779364162227	0.4908049709660731	5.025553327789659E-4	0.3210519270045717	-0.09835873863066441	0.20885898989917973	-0.3112009690105927	-0.017559566169554272	-0.10434224721098839	0.011165173135023899	-0.17892612251660242	-0.2616213180497541	-0.07124349364358462	-0.17217214758408125	0.041885522425795414	-0.38002416572912506	0.07620067980475134	-0.16571306919658849	0.17679303853670367	-0.22178192394316434	0.08307760509127694	0.014986815314543694	0.27733008216803445	-0.04284824216486503	0.08278429401146974	0.2148525565177403
R409_1_fl	0.037769055822440896	0.5304568934295225	-0.010362684735270467	0.31848338143501154	-0.10106118509079687	0.17066945755660168	-0.28781145196022584	-0.02957957816853523	-0.058495316479434775	0.016360128082375996	-0.2102362756541299	-0.23547489334978786	-0.06868392514548884	-0.1790015393620847	0.029288018729196945	-0.41409495540338254	0.07551378609402146	-0.169670117684625	0.22161181059466292	-0.19589681046504978	0.019398292915495684	0.03404760769039339	0.24685780833558518	-0.03325899036455821	0.10621206657394343	0.18695941660411644
R410_1_fl	0.0033031573682474197	0.5167229761329171	0.002816108567100545	0.2917226724996476	-0.06300370535827277	0.22171495806946906	-0.2831614158110641	-0.049379073691784	-0.10113370414241467	0.025944065202590086	-0.21032647199591825	-0.23897538555477113	-0.07840799873835093	-0.14308268739805688	0.016634703850650454	-0.40158112735769697	0.08688531794419486	-0.16803739736959003	0.2019941669401602	-0.23696942568732937	0.08897790593944854	0.005698988505412417	0.2711928693832553	-0.034434605743978074	0.06422906605296291	0.21065604239316987
R411_1_fl	4.736638212140612E-4	0.5132323574337243	-0.016696500317656897	0.3292511831382171	-0.08430384738237863	0.264368275399068	-0.23839782734093468	-0.12147652880828363	-0.06822930106171098	0.0026706832152651773	-0.15477869448085774	-0.20912530079086464	-0.05538779987368042	-0.1323937620911794	0.0011584047801820388	-0.33520889829852357	0.04805618595336826	-0.2175381770234723	0.10826416044855897	-0.2734915013387278	0.08928501496108503	-0.012456053576543197	0.30174180958781893	-0.07244329133845193	0.06881473090499196	0.264611014079774
R412_2_fl	0.0013388661458038353	0.5107513142998461	0.004417690153197311	0.3133251284900547	-0.10617055093097823	0.2030257797935874	-0.2674623164469951	-0.04451193552330031	-0.10063452995950405	-0.010488575075400686	-0.17621991230903358	-0.23242889307528541	-0.08037028367105217	-0.18828549970181888	-0.031077927600665037	-0.37328654428230634	0.07066330104206534	-0.15684076042258943	0.19061630974391244	-0.21711909076490174	0.102606431872829	0.01289543152147188	0.2780547796328308	-0.035923226792647076	0.11423814232758978	0.21888687153329103
HMAC501_3_fl	0.020732138140326373	0.574900101855163	0.0015192464020670135	0.3565634893122054	-0.1471973248412474	0.2421856468346598	-0.24914304199153875	-0.10699828285178153	-0.12063893210887591	-0.05856995925697851	-0.0770611672496826	-0.24854493254374208	-0.043509127664743616	-0.18779455779659318	0.01095318190140751	-0.2574303265332976	0.048732877874756074	-0.17907128080182697	0.08372203430630033	-0.20963995166171662	0.10151977944042452	-0.03640335259780304	0.23162244217827435	-0.08790889849873973	0.13874789361253217	0.19871230454045144
HMAC503_1_fl	0.025053870651172025	0.6099165716895425	0.001720113396562313	0.3992557524677306	-0.16246316710629632	0.12008667815423481	-0.23403576626102227	-0.07965325977830146	-0.11072434870942892	-0.04153343250273477	-0.09746596868379297	-0.21881856234102545	-0.04818447909661443	-0.16893333669818794	-0.008788842888205889	-0.29433014127913376	0.06610521534499848	-0.1871589285284691	0.09901510063571446	-0.19514633554488664	0.09981667152948302	-0.029425535112317484	0.22185028386993932	-0.059982526400272476	0.1481013173174919	0.14572305587382173
HMAC502_2_fl	-0.03694271780778668	0.5387105640469972	0.008112739550563741	0.38825856303552425	-0.14181409553733826	0.22627853270301504	-0.23532012487227846	-0.08824195689348616	-0.07565362455426279	-0.055655488461188306	-0.07303168240232821	-0.21948320823495815	-0.04201376743336047	-0.19123499575998426	-0.012064203278277317	-0.25421191580563557	0.038918408756642486	-0.1988462293786422	0.058249122102498704	-0.23042843052041656	0.09781267306391636	-0.042706398174327795	0.2469778408344523	-0.1433675924134672	0.16676943157755894	0.27092855585657194
HMAC504_1_fl	0.006191158622159375	0.5619204951789231	0.0017665453716515442	0.3538834797253087	-0.15905251262474013	0.16399788255274428	-0.2229709554638409	-0.07826170923742405	-0.0927165895981867	0.0026517556886165184	-0.1452856413290798	-0.19865820006580892	-0.07151237104136404	-0.14875123240495877	0.012735661903784959	-0.342933488218194	0.061138110819143957	-0.16875885517910622	0.14080050314360207	-0.23330658020324146	0.10816209275964794	-0.03568465408208993	0.23406757921541543	-0.08987788286100949	0.12667641822180659	0.2137789891062409
HMAC504_2_fl	-0.00863551554803453	0.5657028847993583	-0.005770041111706606	0.367736623993819	-0.1310491084450007	0.20514382410646492	-0.22969459405246434	-0.06820764164666157	-0.10173524442626083	-0.020466393602357528	-0.11227004688567323	-0.2353892227131673	-0.0634761075460947	-0.190785442182964	0.0018504687261194641	-0.32068906825340915	0.07218107333980901	-0.17901088744378707	0.11248337957317103	-0.22497787443894648	0.1036421104040752	-0.00461416402231134	0.19770964957451104	-0.06701731947388878	0.16476397639754892	0.17257468087785086
HMAC505_1_fl	0.12909178681690478	0.5081191876830287	-0.023422657591241867	0.2959270196949788	-0.1860034883965027	0.17647864605360486	-0.3345099354017654	-0.05625490265301644	-0.11421711665421751	0.020223564424594328	-0.173908551195249	-0.2731902255732883	-0.07403549361903801	-0.1712479735893717	0.059030192874423126	-0.35691961754342316	0.08277051703894144	-0.15833290599855734	0.19379074747325092	-0.20182723169210987	0.08664966094244811	0.022519938206332864	0.26554558803962475	0.0014772415398621522	0.08921874967242126	0.1930272594473656
HMAC505_2_fl	0.056047222910408465	0.5114663405556811	0.008135250047014795	0.3054960185548592	-0.09913636938309746	0.22278648772903292	-0.2777368729342001	-0.0777715810943987	-0.09520175298156772	0.009420286150295809	-0.1888367827355695	-0.2577556776225905	-0.08825779278006861	-0.19036464443638956	0.02163566536614097	-0.37449312105513516	0.06715381337057302	-0.15747323430894963	0.18200200435495095	-0.23446495880316187	0.05797142654411842	0.024908045633267144	0.28813733104953265	0.01580454332534606	0.06808685717176402	0.20244149537214354
HMAC505_3_fl	-0.024624276972942255	0.6078994556924353	0.010111146802790221	0.32941251917031655	-0.14326631439308068	0.20693762037285707	-0.2400814716372355	-0.06908078308312848	-0.08184317088885736	-0.0012594827443496333	-0.09418237382014694	-0.20658795200267102	-0.02088640737288131	-0.20602976593434416	0.01716717568332082	-0.2615411137417777	0.03650322223242532	-0.24131534339707034	0.08977508209208186	-0.23853770812960431	0.08678250920218898	-0.007925479404820532	0.22281292599034183	-0.09490915818594094	0.1417319530819949	0.18293719138809783
HMAC505_4_fl	0.04200556220848403	0.573146638942986	-0.00424771143070931	0.33424685240165924	-0.1072586571116793	0.20436995045526518	-0.29291442837954307	-0.08253381184475736	-0.09349051539929472	0.005249938251416529	-0.10988271783643687	-0.2574743679615661	-0.04865868992054663	-0.19397236998608713	0.02288424138766952	-0.3325352271664369	0.0649749120036334	-0.164749710244438	0.13481008608274586	-0.2005461335189925	0.07881397655213411	9.819823601233506E-4	0.21990381209394147	-0.06577214202540813	0.09306012974960198	0.17958840033623663
HMAC505_5_fl	-0.0380460069597668	0.5500158405689876	-0.016313246925805887	0.2898530696277429	-0.1457170559840199	0.19060078022484084	-0.25668166891779537	-0.056785942988794524	-0.04579280459256861	0.053088124647959964	-0.1773476665582025	-0.20007218136176858	-0.05633096248175337	-0.1525436628052361	0.018661083427167442	-0.3249512071488312	0.06053965776933002	-0.18570529011981113	0.13156375513485824	-0.26244839741795783	0.07950551593810504	0.009960361661510063	0.2981965051083729	-0.12232237999903034	0.14776289504207837	0.21131088511038812
HMAC505_6_fl	0.0028926119420992352	0.558761115190533	0.009505288585151137	0.2888132936357543	-0.12543474256891976	0.17327565159530567	-0.2819549183613463	-0.018866142044099275	-0.07069170402976628	0.026809679586681675	-0.19716713149833556	-0.2599812192406126	-0.07413016889387106	-0.16358492546807613	0.03564263983446675	-0.37147884916829277	0.07246340901661237	-0.13467287913095286	0.17785000508797627	-0.20951552638759152	0.08757733986530042	0.006411328121282457	0.2685373626819951	-0.07660989538699903	0.09491000833863786	0.18063836869706618
HMAC506_1_fl	0.0035641722472120885	0.616560510901005	-0.0047262732446970435	0.2600743550195708	-0.09513055913404128	0.1939965389004199	-0.3244849399443335	-0.05860265516599249	-0.06382671384845917	0.009036399268936563	-0.11852977726868487	-0.2452416812313328	-0.033872805387165264	-0.15983777244399003	0.004627182560219413	-0.2996801169924967	0.06015267643378773	-0.16874802398925828	0.13928174252657557	-0.23532112932977226	0.07176411034193812	-0.005819736848493194	0.2762073040369827	-0.08044077330260414	0.08497388068066539	0.17402408521400842
HMAC506_2_fl	-0.02722620783395331	0.5627430116699826	0.013824484546589317	0.29690353742991077	-0.10204553907484008	0.1914998718974427	-0.2823954223172125	-0.0738157590983741	-0.09282851854944763	-0.005986598768038769	-0.19867870778640054	-0.20584861169648802	-0.06500413339310376	-0.153949140396719	0.008421650591526844	-0.33912940664458835	0.05587702712076517	-0.15707300103537905	0.1889293429487109	-0.23333303943930267	0.07808379389439979	0.002540333273926094	0.27543555929090596	-0.04430821315302622	0.1476066705620598	0.15975701596065484
HMAC507_1_fl	-0.014057307892047281	0.5300454459133714	0.0017907080661356406	0.32678752775528197	-0.138500399641309	0.20129109444385168	-0.26101312486410333	-0.04317121766065653	-0.14002869698780604	-1.5715991338660293E-4	-0.15638625990246793	-0.2076618960383607	-0.062422618361852644	-0.12499555042919842	0.023882212057319746	-0.3471685497607137	0.07047546311470729	-0.16418173838044747	0.16681714531252564	-0.25756579968398363	0.10940079057446563	-0.019810329732885865	0.27437177183725925	-0.07936315802678595	0.1256703166871727	0.18595133151391363
HMAC507_2_fl	0.01954123798081013	0.5637394516512129	-0.004608741045713453	0.3872707465286598	-0.16570435131105773	0.15332610607831484	-0.21622328716703407	-0.08732488194258435	-0.09481532848964097	0.028949121965580416	-0.14171151104288193	-0.21397862815081645	-0.07176077789409518	-0.15298195405678025	-0.006252278064729985	-0.3285521613204996	0.07396322687386964	-0.17848708376293196	0.13532971337078037	-0.24196501967543005	0.11236080596794297	-0.034282303568977934	0.24930816931987665	-0.044224486129732316	0.11057312150187314	0.14851109238398588
HMAC507_3_fl	-0.026232002734577972	0.5587318058088554	-0.018316523676371127	0.3716793695942325	-0.10504602706950596	0.2368492361193286	-0.21840553131295476	-0.0793484484804195	-0.07775832543654472	-0.03099572748251981	-0.11667757431286528	-0.1957162107318857	-0.05268969666252824	-0.1493945112837688	0.002017584742515323	-0.30855052151389695	0.05073885346840312	-0.18812161188577564	0.11524428188005884	-0.24408784136305814	0.09675096153140142	-0.07699657648681936	0.25088237727585083	-0.12845457324798962	0.0994916223071177	0.23440561095371706
HMAC508_2_fl	-0.026961986879899216	0.564741151888075	0.01556343974721125	0.3742729042344538	-0.1695466269298978	0.2581708773924454	-0.24322598653952993	-0.10732026018657838	-0.11855226916816043	-0.05897025251574382	-0.054111628036458415	-0.22024343020084564	-0.03999451636188132	-0.1953303911204234	-0.005754726026300106	-0.24556914065243973	0.04946444507120509	-0.19319775593079516	0.06688445118223273	-0.2069979825679337	0.09829062722713261	-0.03577592893654416	0.23986235658287072	-0.11054991654997987	0.18808242013147564	0.1767701251463086
HMAC508_3_fl	0.07002791698930497	0.5923381013270697	-0.0208219596809291	0.3896778015545479	-0.1721515043992406	0.2019951630973788	-0.20800621683459197	-0.14355184338166782	-0.102051052048565	-0.07076243870190156	-0.0942645028346652	-0.22372528207205625	-0.05466648878932376	-0.18376540287486864	0.004336382295133015	-0.2639158220272021	0.0654944829423563	-0.17976960684125043	0.09805400465800332	-0.2020292008675759	0.09105408315517981	-0.057431375558474586	0.1849006685246863	-0.08034624998651668	0.138094186022651	0.2212861563325172
HMAC509_2_fl	-0.005319382419062227	0.6180887495542289	-0.001963935656342848	0.3713627114944368	-0.1409749294139208	0.24278540312171895	-0.1919345975923531	-0.14909900455562386	-0.0772932229161238	-0.05517625167593743	-0.06028457808199826	-0.22640860632365842	-0.04461554929168141	-0.19332421804801578	-0.009065828673656625	-0.2599819397954389	0.044289382544510744	-0.1740615558787143	0.05642883867672876	-0.1865053731356666	0.06860581249615358	-0.0486687239638738	0.20559542802546554	-0.1552108612665307	0.156532562302281	0.21619967047307534
HMAC510_2_fl	-0.042623661600335996	0.6506100707659158	0.006943158010091606	0.34808025080643096	-0.17460951620005102	0.1192383841977822	-0.2078550518116034	-0.0479335855811624	-0.10291820996974729	-0.017674620984907505	-0.10225748699461897	-0.1845601410882104	-0.07189911092376894	-0.1810554270030844	-3.380463860461064E-4	-0.2921750850440565	0.06285249203434709	-0.18598898565082964	0.09336019174066416	-0.20328725579559448	0.13847546563762025	-0.05580303613436152	0.1989972834189373	-0.08654770544517171	0.20187249304451083	0.13709713695724998
HMAC510_3_fl	-0.01844738754505007	0.6018060628694446	0.007652829571487215	0.3151440886138944	-0.16813857221616146	0.19399630009525184	-0.25905404777644725	-0.09177916960983638	-0.11178638290128104	-0.013590469550910233	-0.090080053052685	-0.22719994713994224	-0.0504117222093073	-0.1596240084849375	-0.006045142454991874	-0.2868604023032588	0.03732510940370641	-0.1617780127041406	0.11065266113000993	-0.21156263924424423	0.09781061417158475	-0.018916127466745425	0.25882070680293284	-0.08325955743363214	0.19170138707620266	0.143623882359057
L501_1_fl	0.008230148802244278	0.5254947001668009	0.019522514569790646	0.37504893378112547	-0.1483806484581128	0.23082864911417456	-0.23523115274399273	-0.09102261038497336	-0.07207515109561405	-0.034921711305509806	-0.0756558280074038	-0.24212289341092877	-0.052184197272156854	-0.22263243198293897	-0.01851576726202424	-0.27709601855498905	0.03413627873483703	-0.20655218299143735	0.06914511796039882	-0.24734518825782922	0.09939185337244602	0.0029091184346557667	0.25666849154620475	-0.06909774403324362	0.11494833985338297	0.25650937942509283
L502_1_fl	0.012789089262732457	0.5984991717760797	-0.012665594880888024	0.3851817311973881	-0.21449525878014813	0.1928562556471495	-0.22381323456853322	-0.07477252431454157	-0.12546870439049912	-0.061337638179871576	-0.04106847865510867	-0.21155118675827328	-0.02951579774478229	-0.2008250355396969	0.002827283304805292	-0.2502916228224512	0.03946057719257909	-0.2027328736638274	0.0579038830167693	-0.2099104412830886	0.11428592008499076	-0.04730847065086219	0.20890645805572136	-0.07183577206122277	0.21085385810236162	0.15402840665321843
L504_1_fl	-0.04795233212297287	0.568912395936124	-0.020722487086110783	0.3988206851397541	-0.12968700909090472	0.27302879942335845	-0.18447898750918876	-0.06681208466399087	-0.09601419866152974	-0.018020519281932657	-0.08764693739821378	-0.20506164449399014	-0.058000790316197884	-0.1988728421868782	-0.00955637972674312	-0.3169159781550668	0.06890181029368722	-0.21453936766640108	0.10298689366468196	-0.23258085451536376	0.11736739068301089	-0.04464677875214509	0.17800865333877028	-0.07404371314766539	0.16679437393171215	0.1307319023641999
L504_2_fl	-0.027095314718307992	0.561352194458643	-0.005773189688250073	0.39176667711878643	-0.1648447205463587	0.16755959637619722	-0.233317823539218	-0.05624731258970687	-0.1155190537782937	-0.027898002686984676	-0.1283114403283356	-0.18206745632407653	-0.0734749296445488	-0.16090644194547585	-0.011472419486671912	-0.2881670363422943	0.09043355234445277	-0.19987356979545282	0.13527391372906633	-0.22108861057896276	0.13677086538278327	-0.05046597642431647	0.2355456376412449	-0.09323895520308173	0.1617849226324366	0.1592748939367248
L504_3_fl	0.0167126069173962	0.566667397994922	-0.004392668190462648	0.3167783519368558	-0.11073727660262589	0.21694102818688923	-0.25338915169168796	-0.0646699577903966	-0.13619809043541464	-0.020461864933984032	-0.12941053163513216	-0.23130252285711667	-0.08609436220134525	-0.2132201155831313	0.031180636981978073	-0.3420833307281525	0.08496818197408673	-0.1757339294514024	0.13957621922320257	-0.1778827872583077	0.10416265421187507	2.2058803887389095E-5	0.20054483513873742	-0.0760128963957062	0.14307694630939227	0.2009585680756446
L504_4_fl	-0.006799510920074789	0.5525100308222686	-0.02039302324516267	0.3914039521316152	-0.11745457981010167	0.25157482649364443	-0.19982841549131575	-0.10080408139787644	-0.0881155797666255	-0.049700815698432675	-0.11974750296518753	-0.23157231971884612	-0.06366560766963905	-0.2008798520141932	-0.003193027632901368	-0.28945998539354884	0.05060174436910471	-0.1852109563851211	0.11096165265312996	-0.21677217905556956	0.0949894990628547	-0.02591364002448253	0.21234887677303577	-0.09590022039066648	0.15029547464288429	0.20072524063120942
L505_1_fl	-0.0011974575584245695	0.5822842962597776	0.018467485954671202	0.4475016740119366	-0.17558639214934924	0.21740700375888208	-0.17697244602769632	-0.16450987533878408	-0.09116976588019018	-0.10061752632180923	-0.06724172982132468	-0.21080311081294043	-0.04250977907242281	-0.1822199375865776	0.0018208149198762798	-0.22632664688806015	0.034955892663666624	-0.1690767520431365	0.05919360689938419	-0.20467935910697443	0.08407538033196849	-0.08179481274744013	0.17238483813718047	-0.161590151425024	0.18377955160266127	0.2544251982401502
L505_2_fl	-0.03973526250814016	0.57349311179327	-0.0012011945686166633	0.4422014840427992	-0.15138491024326223	0.1965428035904348	-0.1432777968707222	-0.1458440393717702	-0.06264643024980329	-0.05612258205131365	-0.09623873574297576	-0.2090124473146286	-0.06566837509836623	-0.1464530064120739	-0.0441885996019034	-0.26499401285021024	0.02752918280937173	-0.20020564749260905	0.06217154922300236	-0.22469553915386717	0.11700840212169959	-0.0740993999525869	0.21576075332536712	-0.12462678512269203	0.1818714174043491	0.23381606029524749
L507_2_fl	0.01820132134547764	0.5282998915090945	0.007828348518519677	0.4328731469529828	-0.17891417625145964	0.2187826824095886	-0.2227792392750518	-0.11334985027273366	-0.1168817234147629	-0.06966124862625028	-0.07021337067728163	-0.23597454258836498	-0.050041928290946905	-0.21543761520561694	-0.0024445059056227014	-0.2618043653605597	0.039217227838194646	-0.19966800982198699	0.055756534921940604	-0.2084243196231217	0.12718917804399274	-0.023158599685072667	0.20766121854185346	-0.06014973081146875	0.1854211146051476	0.20767256112351093
L508_1_fl	-0.013564429269816838	0.5951773059133345	-0.004960638017136261	0.4696620100296946	-0.12715481341248336	0.23416236970838417	-0.18893717649489938	-0.12628975034341905	-0.08758728517796659	-0.07764010208736274	-0.04711644129590448	-0.20670148727216234	-0.027554558747608402	-0.18289519883206304	0.0010553136439318614	-0.23648202484957637	0.04431815142362483	-0.19860592390227466	0.06712375348008236	-0.22025395924385097	0.10118311904619386	-0.11163251637604525	0.15488871040908198	-0.1499472052545062	0.12830629441289962	0.2114464825098465
L508_2_fl	-0.017777265749603158	0.5150459030504119	-0.009592283363052442	0.35161300748203855	-0.1019385522895125	0.2296851726467184	-0.2607734429411189	-0.05841140545172949	-0.12188541467370922	-0.0022069087206035495	-0.13126623262633494	-0.22596628241902583	-0.07849154567653295	-0.1823041001449482	-0.006737259940444877	-0.28829065313118707	0.07504764353918664	-0.21291081556233882	0.1143808401730397	-0.25554576718341426	0.14860422381065788	-0.04336967660566711	0.27950374761437025	-0.04107800440030432	0.11092554212305475	0.21373953044004973
L509_1_fl	0.014604382089843208	0.4920702187529388	0.015705842350447616	0.38795859635328367	-0.12623855420224256	0.21054526452430086	-0.2412719393728573	-0.10794330694800203	-0.09142008488051877	-0.0462683097265381	-0.14793302137339076	-0.24169875085189138	-0.09853220678930771	-0.2117133002281405	-0.026672807757351636	-0.31426828259966816	0.05787610647878296	-0.1782215669906499	0.12109789175598026	-0.22474255118767916	0.11924525425810739	0.022819387867925596	0.25908085062276515	-0.01354125209211754	0.14445828681974213	0.22500385312623797
L510_1_fl	-0.01086034634836007	0.5694999319216821	-4.2414691654509007E-4	0.46139440551577143	-0.15745372270454738	0.21785124026095362	-0.20139728895882658	-0.09751599109043285	-0.10758724822282813	-0.04739658452939572	-0.06881461769708573	-0.21426594492308987	-0.0472986090699223	-0.1995447376785269	0.0175002335499974	-0.2628347856942005	0.057256593870602925	-0.2080544017581795	0.07057766748111444	-0.2142040887798939	0.10691354799378627	-0.06404527933060632	0.17480663534928453	-0.09167861499677817	0.1667813016733295	0.15079485108269683
M501_1_fl	-0.006046546946117101	0.5785201864335373	-0.005037066889752945	0.3152854471419713	-0.23352274857770883	0.06878576314480533	-0.2692494347396606	-0.04774430565070936	-0.10134763728462037	0.014044784220184632	-0.18513660207802018	-0.20637370746457068	-0.08187037442831893	-0.16068775535913593	-5.688428713040636E-4	-0.31312070810039067	0.05340712835229035	-0.14720313036809166	0.15495104491276454	-0.20279818754897344	0.10006849717286646	0.029735570581213816	0.2950372662906765	-0.023457024100826125	0.27931531708690516	0.09501306707098611
M501_2_fl	-0.06028537695186785	0.5778216020060002	0.026887678810396214	0.3018912934782788	-0.2234271020600641	0.07012283124211789	-0.22434334597696795	-0.02120123318419172	-0.04274964492874564	0.039332563860124514	-0.1928410999767856	-0.1747611017022389	-0.09407829591912173	-0.1564982920057385	-0.04969263066205824	-0.38915806730092356	0.07221636314884965	-0.17547173622869205	0.17128420102547137	-0.21729954025896075	0.09203050252696715	0.06030058938062332	0.2772946217996122	-0.03998174440779663	0.24770412916431442	0.12490283512139877
M501_7_fl	0.046768026664090676	0.5917454708893177	-0.01542517731820034	0.28108929993975107	-0.23780965884999322	0.10759428282665215	-0.2763113015624994	-0.029011294320728243	-0.07508413408343394	0.06098095678846172	-0.1841658281625525	-0.22433018445491654	-0.06241749948244872	-0.14684028399297447	0.01745006843643824	-0.35368773528452174	0.08670619330838536	-0.16490882983821128	0.20815599293985373	-0.1951980284930647	0.06566685575414866	0.018431673355909443	0.26317347858864926	-0.05514091795048426	0.16329298376756282	0.1092755905348088
M501_9_fl	0.027254837996804025	0.6156852183292899	-0.04775944406070458	0.29805500258605	-0.17564402163904697	0.12738768628264668	-0.2743333770929058	-0.048341116884890484	-0.06753417477814232	0.04929215255588839	-0.14900468500931857	-0.19218329239883913	-0.06403637285561818	-0.16250953787867864	0.01475728627014044	-0.35672237668248535	0.09314037009479403	-0.24083776072478952	0.15190372351382028	-0.1985812865639359	0.0658997179451125	0.01731452906539836	0.21468665899572792	0.0050938825470133245	0.21066948061933688	0.08634689976733265
R501_1_fl	-0.04662233005300705	0.6003521939722317	-0.00890158926698248	0.28036931699803236	-0.09026735394474214	0.20382409706973295	-0.2907085053315477	-0.004907482564326049	-0.0759312554097777	0.04733010033530023	-0.15015053560863126	-0.2357159016195199	-0.04636222335843579	-0.14927805600797006	0.04439948436233438	-0.3213683550581038	0.0930326128738891	-0.21587357798968132	0.13444868653154338	-0.23270095812217945	0.1027273579683897	-0.06402380174704941	0.2170123887971673	-0.08868456706594506	0.11732326243979997	0.18067699179947824
R502_2_fl	-0.015724785142804634	0.601709703550128	0.0013420577006692108	0.33571838947289895	-0.2286408073990199	0.0453945041306926	-0.27242309408346743	-0.06541018445066776	-0.08614158261667582	0.007040242593846195	-0.18621688246580795	-0.20193829256515672	-0.060117579342896924	-0.11835636093157892	-0.0021575511681106233	-0.2956753629363224	0.06823150349488989	-0.13900989484360535	0.1360790745901675	-0.21185826889703166	0.11364855215995417	0.020575225846768897	0.2854699117982994	-0.08163671420605464	0.24665118247480358	0.10344701323608357
R502_3_fl	0.02660514159974628	0.5670853813004066	-0.0018802479244088358	0.3209018543703802	-0.1862529400458622	0.12461348013280389	-0.274779417511441	-0.07564911605138565	-0.0981676483655941	0.01875953951495847	-0.17040896426097726	-0.24408809967358835	-0.06985840999344853	-0.15211738899114738	0.018798677014599793	-0.2914818341983449	0.062014690372949655	-0.12112776092395648	0.15570063819532112	-0.25403936759413487	0.07620549105240793	0.015389975713165038	0.2923569887464016	-0.05693781495418324	0.16966600112030575	0.14869115135502714
R503_1_fl	-0.016338437414766455	0.6268576271595727	0.004735189677696417	0.28706593953468934	-0.13622141178933989	0.13956941094100797	-0.27648267034065727	-0.05742224196457221	-0.092130882012934	0.015426729317308263	-0.20078353474009586	-0.21549839983026958	-0.0693162500482888	-0.13101228023449174	0.06263669774433377	-0.3327016572824765	0.06834760201937114	-0.14897567696734984	0.17627242188154502	-0.2145003881977068	0.07265389816925441	0.00242113164305853	0.23521483028933077	-0.07378847621394344	0.1714125465645509	0.10255828209517237
R503_3_fl	0.04251049252258335	0.5924280871199323	-0.012458360307184758	0.3076014083809246	-0.08860530875097604	0.18451174320882305	-0.28855316734205605	-0.09084796028358151	-0.09470126294821457	-3.41473275972495E-4	-0.13609442593973592	-0.25057364302648616	-0.05694023392297333	-0.16425517767967515	0.0028843418856904918	-0.31345544854705953	0.06435578776821795	-0.15566513580823219	0.1604819603348169	-0.23085600725182887	0.07814491335719859	0.0010137971978856092	0.2595387443454841	-0.058886768716490276	0.06943651899714932	0.17932657868175994
R503_4_fl	-0.026117351871690356	0.575558554014873	0.008908716799890068	0.2445106241339115	-0.13134069000367599	0.13327803250008508	-0.28492934829487226	0.021762278831756576	-0.07783525679783347	0.02116930633647056	-0.18812535421215132	-0.23117461700548858	-0.06793746238709139	-0.1482456127270517	-0.02539834130633247	-0.3467342719304523	0.06926081326016353	-0.1702902037001083	0.18795249137917136	-0.2729067990849987	0.09894366430232615	0.009468395121159294	0.31940729419609093	-0.011383919935639194	0.11721082493600615	0.17498823344548156
R504_2_fl	0.01318197953682744	0.5816043058178949	0.01894560025006631	0.31166614485423133	-0.1889824500206783	0.11415584105344002	-0.27560988932785174	-0.07285424758509312	-0.09590512930205009	0.01246296767477588	-0.17519282306153675	-0.2309279185953624	-0.0653340166064575	-0.13460479750748558	-0.004280448345262332	-0.3112729700255086	0.06361440484730162	-0.13274439803511737	0.1926573711619826	-0.2184101661786852	0.08566284747626218	0.020235436773466314	0.28071721222727164	-0.08804659707692732	0.15052534116412536	0.14873639883037193
R504_3_fl	0.02632636873029052	0.5670534957001522	-0.0014267543483404074	0.32059610088350793	-0.1863309270594635	0.12463238246804716	-0.275164245960382	-0.07575766499909066	-0.09798890366600463	0.0187102248136292	-0.17086958036897104	-0.2438703503336587	-0.06989019157063522	-0.1524469350203666	0.01858998091012401	-0.29116925485302486	0.061972040806730834	-0.12157854275110377	0.15584448654331123	-0.2537081159446438	0.07704690825764192	0.015268776461544682	0.29228089225038745	-0.056467393131838045	0.16960992547531056	0.14873727670684597
R505_1_fl	0.0034291560058969384	0.5723465883942407	0.00394663090487031	0.2758464608080453	-0.13254059639803173	0.1569254246619732	-0.2949044075143319	-0.06783335905241696	-0.10972681898143466	-0.01085422350903014	-0.16956390728906998	-0.20133176159110344	-0.07206902432940983	-0.13441020691295574	-0.008341022342400865	-0.335107697989044	0.07212150902406056	-0.15737632271539165	0.17629112844849648	-0.23048640901298692	0.09668377638323168	0.013859017300028639	0.30605942231180394	-0.05699066639119116	0.12861415377631946	0.1754131560098325
R505_2_fl	0.025759660125490212	0.5984802889820886	-0.01632636313872092	0.278331599370617	-0.143238618300131	0.15995148358290365	-0.2584362812834591	-0.08230806989570416	-0.09430210477996619	-0.010541931059059971	-0.15783741345798502	-0.22309717648961205	-0.07400377461801143	-0.16265998760813488	-0.008390184360965277	-0.3288819284126972	0.05488116070521202	-0.13667880277610248	0.14852130335352828	-0.21132906198002338	0.10645245375672341	-0.003947700454949269	0.2826744281592744	-0.059773472358912935	0.13424573383901006	0.1824547590995866
R505_3_fl	0.10026398659869543	0.5522673891770603	6.995950627082179E-4	0.29027299112761423	-0.1789977504914343	0.1515282852656459	-0.2808625985206128	-0.10764412109598838	-0.10591011930124974	0.003757144325892794	-0.18258507228187779	-0.24875656630603046	-0.08315026143179675	-0.16300953448024108	0.010176424437969553	-0.34816302160923107	0.06928210260269352	-0.12785849392473297	0.18851494754827336	-0.20458055144128626	0.08921430220413377	0.03197517685015068	0.28384003815135983	-0.024917299732369745	0.08951440542113809	0.19512860184351588
R505_4_fl	-0.035485075766903365	0.5704015108802821	7.879237846731765E-4	0.32216227991627466	-0.0867289370848175	0.21722198815522675	-0.23526176348144026	-0.07300423666481999	-0.0900965893695381	-0.031618978586400184	-0.14810039438559697	-0.22587027126881243	-0.05851392067764437	-0.16673265391827666	-0.028517574943153802	-0.2984259266474997	0.047783560598990596	-0.1576963956545139	0.129323456475115	-0.2493840335771358	0.11971409873422542	-0.040925128230078614	0.2822966429614855	-0.08538635165001206	0.10279857315460443	0.21925819724576526
R505_5_fl	-4.196915581859001E-4	0.6131871718640115	-0.012235926447730743	0.33147294365368435	-0.17034115671641442	0.1574637509820255	-0.22500417508206685	-0.059597726668997125	-0.08288933081661218	0.0016893672452626858	-0.10491300088531527	-0.21055804981757684	-0.04528453508012459	-0.16000107784092674	0.003187365584010407	-0.29882815681898417	0.05173815982725777	-0.19357999694409453	0.10298203879860365	-0.2354369889230943	0.10351103218983936	-0.033163462380283185	0.23787571020594053	-0.09327933624841614	0.14179350998079832	0.18063156189738952
R506_2_fl	-0.060973312552006234	0.5687144447462184	0.038457826454123115	0.3338165878385873	-0.15861840681360057	0.1546110839518143	-0.2744752149595458	-0.08124212662680065	-0.07576943413703521	0.03304586655388663	-0.17838687512275092	-0.23704810874491292	-0.06059250142918721	-0.12208373230150076	0.013609996285339702	-0.31657110388665816	0.055571265480920465	-0.12272036718482737	0.17403933529377766	-0.23386843577850464	0.06330658373990268	0.03799753011622793	0.2716171719095528	-0.12867590535399392	0.19221356585050864	0.11402426667046475
R506_3_fl	0.03744686565929253	0.568048998336836	-0.041743273655310796	0.3370407436459135	-0.210571991315088	0.14735538314267	-0.2561776829534985	-0.1269258428247445	-0.07989252057998268	0.025756323337007496	-0.14614572590109653	-0.21342712886907658	-0.05586851889057163	-0.12523304652655587	-0.0048991316825271435	-0.2861981287258316	0.050547408683523844	-0.14463475166591	0.13398317893440415	-0.24123963474222188	0.11023927902915658	-0.009579958648338792	0.2835219945741986	-0.09248183441287004	0.17956011809749997	0.161518877953123
R507_1_fl	-0.05027833190396605	0.5765259624671176	0.007011568565896208	0.31658951220432524	-0.1804324076559626	0.1716874482035824	-0.3034783384369022	-0.0494968847865683	-0.08130396239215039	0.032166535102387345	-0.10227291450626023	-0.2211172311938076	-0.028549069922212088	-0.1416020788264874	-0.0022580601675756887	-0.28813887261286614	0.06232744686061964	-0.18903468223701125	0.09740948641276297	-0.24632961689704974	0.10488927614027646	-0.009478291655426522	0.27282528785895677	-0.08089120906262098	0.20411001914651733	0.12911940929442586
R507_2_fl	-0.09437025682300057	0.5473794180774075	0.032299886917506376	0.39769978065868183	-0.12689443567271014	0.19102290937471095	-0.2594879506282096	-0.10914427356470735	-0.07783766764706802	-0.014079041638163248	-0.11616695646007816	-0.22317233226536945	-0.05462739312163763	-0.16503487201217995	-0.009789853413599725	-0.28536916586704447	0.03321474014870027	-0.1048184047447178	0.07678310019745344	-0.2628151424239643	0.09801236944985466	0.012767111461947022	0.27523402804044234	-0.11991374676073999	0.22363038901234772	0.13547775970413964
R507_3_fl	0.058312924328497	0.5215301844355262	-0.00736730371593218	0.30171315806698307	-0.22271562918631263	0.1629609055584745	-0.28935901646342593	-0.10532697207734487	-0.10168983678158283	0.03291738155509215	-0.21847363451847465	-0.22390728782962183	-0.07109007903562073	-0.1367375287096711	0.020733669959500253	-0.3252733771251968	0.06921219971642997	-0.15166207693120173	0.2124324031148183	-0.20540777736543375	0.09458671279069727	0.015007385333572373	0.2904417766925586	-0.046191372893632884	0.1649758130988482	0.16037737798245452
R507_5_fl	-0.02793547174616906	0.5463856868845645	0.001936417882439749	0.3459997016707515	-0.13156703108014722	0.15484955383669827	-0.29275803497284486	-0.06833497533568082	-0.13284440157995334	-0.008565044042227504	-0.19556682121602809	-0.21552450447530336	-0.07644016132631785	-0.1461948817522833	0.007820966096050284	-0.3209374654088861	0.07536380259175332	-0.13433583475796604	0.21812722490619385	-0.20150217873967446	0.07682769691669823	0.0264719819593469	0.26540034910308685	-0.08116334324565996	0.21163546442523734	0.10285130340632177
R508_1_fl	-0.048392586332779194	0.5702460682720606	0.017231069061202055	0.2686919555164257	-0.12309738260228298	0.16537794757731594	-0.25881487750924276	-0.045164394426668836	-0.06392820747468343	0.03900171960369442	-0.21457469877952184	-0.19934153770925794	-0.07808631454152173	-0.14117800628632216	-0.017221922742346407	-0.38170276941792863	0.08338948487114156	-0.16130578301981455	0.20133376694362526	-0.24262434525124923	0.07365226892042907	0.03301888963622358	0.284369709392612	-0.05694136595483999	0.1441396907933677	0.15192162146036228
R508_2_fl	0.018200555225181166	0.5059045168756278	-0.0011471399032363522	0.25050371086706036	-0.12910607697169746	0.24508427756880433	-0.3441803138175288	0.0014555566894852018	-0.11832753361989151	0.022176341201178444	-0.13362981308157998	-0.2561927291564345	-0.04992940042985135	-0.19247794764894918	0.027716002324129747	-0.34556375359075625	0.08133511366726519	-0.20600840849094343	0.17384125615104284	-0.25005909554544337	0.09159442202512996	0.011553946121754387	0.2527800777098304	-0.0028722546693157117	0.13085285072120514	0.21649583977793266
R508_4_fl	0.07484564530407267	0.5696600588285367	-0.027366549781426663	0.2530298011382248	-0.17004516458802624	0.14642944553073345	-0.29649907351612603	-0.05590902215348113	-0.11971573541316201	-0.002481682187149361	-0.21418680083355734	-0.211983641797279	-0.07195144759004951	-0.14381730136161847	0.03643107363039821	-0.3510563423197238	0.07574888531562607	-0.1408240612582557	0.21853572874777744	-0.21044084017394116	0.09470690222272789	0.011060100356131449	0.2859184312360499	-0.04383874269042959	0.1135781052656946	0.18017222808825242
R509_1_fl	-0.02398031664699536	0.5979390889287324	0.0011622861599855996	0.3035395089723674	-0.09870729279812084	0.1736750812467608	-0.23205189286431654	-0.07467382460307964	-0.07981441703851579	-0.0062467231661652335	-0.1826920702992755	-0.2298516734823266	-0.06928647529444175	-0.16019484608053436	-0.032450476313936126	-0.3292532531214001	0.0487743297182613	-0.14495399544627943	0.1780676172853414	-0.21695101583822937	0.09864917124696125	-0.0028509459522339034	0.2751077176371609	-0.07845271188260369	0.11722181920789063	0.16827531042499339
R509_2_fl	0.06971389523101995	0.5458603862950655	-0.0026907279970985534	0.32865749418732015	-0.1549035799656406	0.20078352566743354	-0.2525221884267719	-0.11368684062206044	-0.08031493002647201	0.0012057622863902023	-0.14320063385608894	-0.25031883654698556	-0.05483039577600399	-0.2549294135408015	-0.006105692856868693	-0.3009552757302959	0.047756213823041536	-0.14163980332332693	0.1400452654733667	-0.19801374958821216	0.09050252804731714	0.011512083136361002	0.24767638023076224	-0.07093635285145726	0.09887386609943728	0.24246102063056993
R509_3_fl	0.04549252336216904	0.5530153766306126	-0.012396470435886504	0.2566371205658128	-0.16104224022273694	0.18465179954808342	-0.2977707873500637	-0.01125243546366042	-0.08693184089650838	0.04070142229266649	-0.15760637907287484	-0.29069863258938783	-0.06575110832797176	-0.15669210949357373	0.021242977202091215	-0.3389109088918657	0.06418501580092652	-0.17889964539249473	0.18980234681746408	-0.23589578648956092	0.07545149186526823	0.019586478385848625	0.2711629632550679	-0.021309101253353873	0.11416150800305493	0.1790664221508739
R510_1_fl	-0.017837539939135727	0.5617840157561848	0.008586904244054686	0.3273468066477372	-0.14930099491279988	0.15451047881456118	-0.27952274461633514	-0.060519638874763575	-0.08707606395111198	0.019712132499534914	-0.17073042429131507	-0.24210928366178602	-0.06163843820459168	-0.13759200150830023	0.010015306772971855	-0.3208144208436754	0.06569093583400118	-0.13035874390517505	0.173275740993042	-0.23217976950641522	0.09866517675196304	0.004652099218148362	0.25700892453796254	-0.10528142115135646	0.15286321678129358	0.16084974651530634
R510_3_fl	6.752054191541679E-4	0.566536684021285	0.013035890684026885	0.3239912011170902	-0.26413123691324203	0.09788587902832174	-0.2729115151830997	-0.04296097832691846	-0.08745506658342911	0.0561113312472384	-0.16689367380055764	-0.2164638152670835	-0.03904507683241256	-0.11567093594251435	0.03320440789238469	-0.3114362842300537	0.07240197055036485	-0.13530780044101876	0.1425649557056718	-0.24662385490883262	0.11907474129093325	-0.02895885528867985	0.25967455288790836	-0.10841807501582057	0.1898048448822965	0.1613155040069866
HMAC601_2_fl	0.040128399052342265	0.5610850256771921	-3.8465024068226605E-4	0.3268599128074032	-0.13611893941613504	0.22321169163586374	-0.2507455764651829	-0.12426563631429471	-0.09263084366175724	-0.03125342757506298	-0.0970033939610645	-0.24966807862004017	-0.037724704199068905	-0.17978092648940158	-0.014942273497655725	-0.29357997588831153	0.031206698650750278	-0.16220693049916182	0.09458416983728624	-0.23935966361364724	0.09822166146241093	-0.003319673216845072	0.262236686893669	-0.07133027051078134	0.10317276554508814	0.24360795260708645
HMAC601_3_fl	0.006255537661107258	0.5364182226270183	-0.00423430806661302	0.32865592593778753	-0.13288151259223346	0.23864041233044092	-0.25915174257990625	-0.07589297322368943	-0.08882525178972689	0.02100796278867395	-0.10598208645445639	-0.2481701404299624	-0.03448296403021554	-0.15760971282308697	0.017384359779576808	-0.3196440796305438	0.05153213368081956	-0.1705320975363014	0.10967034177311791	-0.2566989027044724	0.08499693453966758	-0.02324449135771797	0.2612695127061449	-0.1135553052051195	0.09444904537271645	0.24062517922697307
HMAC602_1_fl	0.012524432485940852	0.5741302208737337	-0.0012771576567732201	0.38383234427271484	-0.10956124367891877	0.24837633275302962	-0.20100049278976517	-0.15447941365644316	-0.07355493540538599	-0.021880667767308105	-0.08503536970786903	-0.21951776371641757	-0.012412797059999679	-0.2273835877155353	0.0030607689419778067	-0.2623247929875274	0.015632600333415618	-0.22704047778848452	0.05329756128956875	-0.2224721079669289	0.07082250251657791	-0.016074967941421974	0.21322562142364218	-0.11533527164906776	0.11427850930758918	0.2601701532896558
HMAC602_3_fl	-0.01139755238413423	0.5699655839507893	0.0022611675875635687	0.343880705489746	-0.08073549495777506	0.2047295292568746	-0.2242852301461014	-0.1049508014724553	-0.06367239813717779	0.0049380115994030315	-0.10288159571235261	-0.23930935309633722	-0.04003494088963636	-0.17879046545276953	-0.01930137860559327	-0.30499362990203926	0.022920335610936978	-0.19946986014534593	0.05839288878626797	-0.2651360871446561	0.0829719772824903	-0.01782670682204185	0.28280552801355924	-0.0626270041795485	0.09295669355195296	0.249590077918381
HMAC602_4_fl	0.039556214285862035	0.5531161472691134	-0.020233836264759664	0.3430891719999804	-0.10852088915106765	0.26030755539924844	-0.22059819127084052	-0.1518017170616683	-0.07777841414135678	-0.02273537123050711	-0.08505434747141455	-0.24781750281888104	-0.04273701399417069	-0.1973427977472883	-0.008843447493786363	-0.2792008957198782	0.01982472106248672	-0.18424186446209212	0.06526615809888528	-0.25163302045689623	0.07780879112780159	0.0011008823585499077	0.2699808350510563	-0.0897614260289829	0.0913294201613048	0.266920838499302
HMAC602_5_fl	-0.03822078495450709	0.5454695362526594	-6.325365502125521E-4	0.3850148720336547	-0.10023913861240406	0.23627145244996012	-0.2213481225533878	-0.10372228652975299	-0.07100476418967216	-0.006329310912976366	-0.08973501648179702	-0.24065736820177855	-0.04407457875646293	-0.19385756029686135	-0.009993904775795145	-0.29282484608174514	0.020254389925099738	-0.18842605119805172	0.074538425334533	-0.24179369915782126	0.07836635857566304	-0.0052306576791278404	0.25050688019194356	-0.11097111205441541	0.15158279284699963	0.21705703137625657
HMAC602_6_fl	0.013250021234050738	0.5976174628137076	4.646974954138558E-4	0.3638598209973677	-0.09624939964151821	0.17668063108638124	-0.23453884625552054	-0.04629503014344531	-0.07710461806176944	-0.03352275358235355	-0.10691489230889291	-0.22753838836289794	-0.054842803969414454	-0.18942523446461118	0.008564386350186859	-0.35339528571211365	0.0496517212650725	-0.1689113535338834	0.13365465477940017	-0.20954390503159565	0.058723464965733975	-0.006564321084664667	0.22681831118068935	-0.0869172850176741	0.07852330296656833	0.18395564203578263
HMAC603_1_fl	-0.023026996059249433	0.5878322576673305	0.010593539648162294	0.4220735821786625	-0.10231599959421325	0.2748524169204844	-0.16269209450780228	-0.1525820611460039	-0.075695877532571	-0.05926160873361878	-0.047480121971829645	-0.23390665134267458	-0.02974941418292417	-0.21452372979840442	-0.01867650776347636	-0.2645202879487172	0.024349140454367972	-0.18529980740214283	0.051254403411776006	-0.22055858099617215	0.06191928679350459	-0.049760186142494375	0.17883953455657164	-0.14909880530363717	0.13268110674768333	0.24475346204738746
HMAC603_2_fl	-0.08157524439856477	0.5855500069547788	0.0464962941522871	0.3622673074433016	-0.062387664760118255	0.27286555655292094	-0.22315530776588596	-0.10677282648110925	-0.06961069432961263	-0.051095533149848084	-0.07531573510142248	-0.22052259175240446	-0.03566005033494808	-0.18813370577248187	-4.8577751177592E-4	-0.292215395101352	0.026478893852467152	-0.19081794578908204	0.06648818740292536	-0.22781535533778913	0.07283653220537828	-0.054149822360975076	0.20831901365061686	-0.14086263204817107	0.12757155293865377	0.2517029368422118
HMAC604_1_fl	0.022707724877302417	0.5952715552111223	0.013989688896703018	0.3026467362778467	-0.11059393571137732	0.2139933629700445	-0.23602390196366405	-0.10933185455102093	-0.08142468652008751	-0.023403115022839864	-0.10412306744357244	-0.26401004932152966	-0.05878939870626819	-0.20018803749910577	-0.02881810383749759	-0.3090589002564157	0.03564788113355881	-0.14219974066850727	0.11764839628154317	-0.23931262661470484	0.08904617975902301	0.019290779282477234	0.24633021329496055	-0.05856881865491692	0.0944030099393758	0.21487070884755183
HMAC604_2_fl	-0.054286191668623376	0.5991966642230633	-4.031248765102857E-4	0.35042952831180074	-0.08571162860821499	0.1949472941909618	-0.21297727040603823	-0.09543580118530019	-0.06115925621601765	0.0012501159199254574	-0.1011356751490636	-0.2454550470127465	-0.048003291890481636	-0.1607982319341599	-0.032677394150588485	-0.2941791823604173	0.036687247608852426	-0.16172636677507615	0.07801561110071292	-0.26208804236949296	0.10774446550874595	-0.009668561815314062	0.24264576323935383	-0.12363355256631896	0.13126074550787298	0.20716118337307549
HMAC604_4_fl	-5.774883602403802E-4	0.6105045372721097	0.008635102980009073	0.34307010861311	-0.10510276037599868	0.19445648760609455	-0.21906544750132673	-0.13991362632241727	-0.0702717431916853	-0.035233672836077	-0.09987841766669456	-0.2335290472414661	-0.05836164929928904	-0.16582086195108106	-0.03743063736833539	-0.2965989750605608	0.034321728995429526	-0.13002083838541267	0.09321705175248512	-0.2401856101522724	0.10388670548801644	-0.03736187284299183	0.24455884135266343	-0.08952667807506155	0.10606871319496583	0.2201600493760262
HMAC604_6_fl	0.035775382098659145	0.5930465483335445	-0.012324291727106959	0.33516633498810267	-0.08445344421224193	0.19760824986773498	-0.25218330006231027	-0.08429569668927575	-0.10449339395563574	-0.019731899239614555	-0.11477096583701818	-0.24076907171955522	-0.06176406821619737	-0.1570859339414425	0.0377301824446154	-0.3289459067595013	0.05369048834553443	-0.16401679078437373	0.13527317084918478	-0.2431840346186213	0.06861829105826332	0.002763761115129288	0.22783487296250704	-0.08901515939288396	0.07106707625174584	0.19845959884075703
HMAC605_1_fl	-0.01329826922871638	0.5908695582137492	0.004238952059717589	0.3330881504008076	-0.0663473781272722	0.1953265516582059	-0.2329115152994885	-0.08775297382646059	-0.0545298712783409	0.029926034503362373	-0.152042944208381	-0.2314915906335653	-0.05319049597142485	-0.16359677167007786	-0.006970867760743606	-0.33275187789997923	0.036455458788350256	-0.2507173735452423	0.15752833821025025	-0.22661235547514877	0.06586200163970758	0.02387033160121693	0.23572601609583038	-0.058672728901034164	0.07948057508051162	0.17851504557416625
HMAC606_2_fl	-0.025326140788283963	0.5577429500269309	0.0029771949476949874	0.3243878973875009	-0.11049757219269035	0.24366238005503812	-0.2690110426620663	-0.09443815623217859	-0.08409318702181344	0.016191121656669576	-0.0880107971378503	-0.23737971403856456	-0.030000827876467247	-0.16171282378767637	0.012729961350680982	-0.31349068643842437	0.036894978643093615	-0.1762417888571758	0.10034252561422555	-0.2620120513647695	0.07802503331264078	0.004392808989333875	0.23929287695895318	-0.11280236026009235	0.13667699685188306	0.2117004228634071
HMAC607_2_fl	-0.09941519853580354	0.5917972467789031	0.022767826585141558	0.2703525679565368	-0.1204824539018833	0.2137609358368547	-0.2700869296757558	-0.05159442314370862	-0.06988623808467885	0.018545528459012705	-0.13179103919808927	-0.23336264087002784	-0.05422069673367129	-0.15151746497876997	-0.0018873001858658311	-0.32924726316725583	0.041553461590046484	-0.14390809789061804	0.12418931384844907	-0.2297678522178997	0.09959458974028149	-0.0067642538975206225	0.24356760080534529	-0.1197836526271293	0.21609706374648222	0.17148936976161988
HMAC607_3_fl	-0.09941519853580354	0.5917972467789031	0.022767826585141558	0.2703525679565368	-0.1204824539018833	0.2137609358368547	-0.2700869296757558	-0.05159442314370862	-0.06988623808467885	0.018545528459012705	-0.13179103919808927	-0.23336264087002784	-0.05422069673367129	-0.15151746497876997	-0.0018873001858658311	-0.32924726316725583	0.041553461590046484	-0.14390809789061804	0.12418931384844907	-0.2297678522178997	0.09959458974028149	-0.0067642538975206225	0.24356760080534529	-0.1197836526271293	0.21609706374648222	0.17148936976161988
HMAC607_4_fl	0.012840311307812775	0.5993144400297382	-0.014679528845770801	0.248324156313296	-0.11837368680352753	0.21226085205167539	-0.29276554631443696	-0.0206789166104518	-0.09555884875995273	0.014883162283262176	-0.13311390545133095	-0.25551891279478356	-0.0638600077459901	-0.21743005820599304	0.02007100154841579	-0.3592471737868351	0.07603882873729177	-0.164717236086269	0.16378425021524587	-0.19247746348012515	0.08686754350413468	0.0074006380724841395	0.20176683332088716	-0.02770930749385436	0.15698275528722058	0.15559581970785089
HMAC608_1_fl	0.03744842054221416	0.5900005070619814	0.004262176796337114	0.37576787198224965	-0.1237839137706574	0.24480256524566993	-0.21035941273913125	-0.1583601946308252	-0.08723794013528609	-0.06432307612016167	-0.057108790656590615	-0.23727312410200144	-0.038685897874419214	-0.21060833841709256	-0.0013090885455103833	-0.2604443235936065	0.02116812597572584	-0.18147009530271624	0.06388480555836448	-0.222615761850456	0.06746180214847104	-0.020593462568259353	0.2123695791015221	-0.10286806229793075	0.11189013359896051	0.24798549459314911
HMAC608_2_fl	0.048113995937629404	0.6106092416769309	0.011543413643679407	0.3503720998304589	-0.16416689425424663	0.16194002831513948	-0.23540232799665023	-0.11523730506721655	-0.07392830864597044	-0.01745853661501437	-0.059332973622220495	-0.23226698302777204	-0.02615181651984779	-0.1870909171905982	-0.0019066743084676895	-0.28293775330304577	0.03515212550311095	-0.1868844692184469	0.07062858265179275	-0.2268973922893093	0.07348867409806845	-0.01433058061934878	0.22258294892011027	-0.10518164696375235	0.09937925459301172	0.24536421447197523
HMAC610_3_fl	-2.9394944990829286E-4	0.6082443977563228	0.014310649022468973	0.36741178659411466	-0.16422107188703	0.18924286367970464	-0.22498681133426685	-0.10974217430958595	-0.0850968419884728	-0.06056650137733047	-0.06573873621999465	-0.23823370682762607	-0.033302798208954855	-0.18494035002607284	0.0024217282975537296	-0.26450552052807136	0.029952314420950005	-0.16939488688604176	0.059726886250838065	-0.22021022097133902	0.09370311421335989	-0.016437591448539447	0.19524153754855347	-0.11167767190711998	0.1782839793349019	0.21080957625158567
HMAC610_4_fl	-0.01691592366599505	0.6665001224118495	0.02601714502364345	0.3685149309391226	-0.13270583797547192	0.183606518384532	-0.18375728318690068	-0.13767716303620167	-0.09356657170079424	-0.07203167563905834	-0.06631050792908627	-0.22029092687718507	-0.035773343981322134	-0.16988655384421447	-0.01648982637641015	-0.2708736824604764	0.03056380557280858	-0.16544744470396924	0.062106051367244494	-0.21233896417116355	0.07321363006478217	-0.01477704132753956	0.20190033663339782	-0.11441410914097377	0.15171832615410374	0.15911598946527933
HMAC610_5_fl	0.0384698603589116	0.6393438186595822	0.005627163219828306	0.340749558035677	-0.1745165793522823	0.18337029198625196	-0.18394984397153658	-0.1345219901868327	-0.08819638265928058	-0.058824304592226026	-0.08378451913650664	-0.22221099054819593	-0.03861084917286739	-0.16063363386333823	0.003849322190305555	-0.271880060395779	0.03713494327877144	-0.16734634102281887	0.07777609476659447	-0.22554355504550405	0.09128087944214655	-0.034685882412804084	0.19940901780706916	-0.13072922973573464	0.11551089322884642	0.24291231912172154
HMAC610_6_fl	-0.06763463645573692	0.6002747336443264	0.0462619008074885	0.4024636634987461	-0.10884933206322724	0.21090480331193787	-0.20335640939231314	-0.09054264764730476	-0.07739792020652105	-0.017850776703918995	-0.04981640819358841	-0.2513792587968445	-0.031118626785457938	-0.212712056640567	-0.005391920746364149	-0.27598144321345114	0.020271134492650784	-0.1859676891305453	0.048595660461071624	-0.24230633339274676	0.08583797965383749	-0.022959075548474074	0.17168526229144937	-0.1092659059405981	0.17091331613671037	0.19532198655943994
HMAC610_7_fl	0.021205254507655223	0.629550156521144	0.01596413176971273	0.33126896319761906	-0.15048999143526598	0.19044490570334888	-0.2100587398721092	-0.12715031146469402	-0.08956721201462899	-0.05081587713558383	-0.06704367857104328	-0.2369584223054657	-0.04278664815328362	-0.20185777859286136	-0.012529481655004868	-0.2751564008670806	0.022627129867759187	-0.1533989591619168	0.07134824375846982	-0.22468152057183435	0.09082706111109792	-0.008995978787804485	0.2119369370059424	-0.09566830103593649	0.13856699368069944	0.22341952450106842
HMAC611_1_fl	-0.005055063473169169	0.5608215180314892	-0.012915141602778013	0.4452241909236359	-0.1474809607983424	0.2311526030345357	-0.1878391852877453	-0.10081513209858577	-0.09553887247893422	-0.05822079804857609	-0.08394646195851825	-0.2008933159779119	-0.039639520908815756	-0.172782130466946	0.019962072119450964	-0.27255259908639506	0.05629554523136561	-0.20009145733347886	0.08444558291589899	-0.2175696666187671	0.09589231481022409	-0.10470771836995575	0.17858180682424568	-0.1460221421243687	0.1372378846071175	0.2364566481353245
L601_1_fl	-0.04589630261203814	0.5907793322933209	0.005149037395372785	0.37351585708465407	-0.09713085659035664	0.2339890809678753	-0.1977260539765846	-0.0721405626708222	-0.11403354576489814	-0.0616285117069251	-0.09082858072660754	-0.20131737984456965	-0.05611285420505131	-0.17993398641043007	-0.006183183007695436	-0.2717552102564375	0.06070492818402728	-0.20233398054566387	0.09145498039333583	-0.22643573625090208	0.12765760288416073	-0.09649545494335908	0.20630900854466253	-0.13111329892708162	0.11663581948167279	0.2448698512103404
L601_2_fl	0.013603844432019258	0.5793730326876897	-0.004260497014288142	0.44619502402153466	-0.10731929944564432	0.1932234313465842	-0.17880617786186478	-0.0955773990247001	-0.10407753507124087	-0.0830370992854089	-0.07741025769606892	-0.21291020172406616	-0.05456197927874407	-0.19482799451071972	-0.01093551253161839	-0.2735758556306852	0.0443121089229451	-0.19777361840659374	0.07373911197528873	-0.21828670352719168	0.11280810751084304	-0.08095177803138749	0.2111242638556826	-0.10619722760111888	0.08178382220269015	0.2443463896860632
L602_1_fl	-0.012885068108312844	0.5827091421832873	-0.0023475771377964375	0.4283660161917156	-0.18766482604558005	0.2502253720881683	-0.18758219577566232	-0.11610497070404541	-0.0953735489289098	-0.061061578561304446	-0.06558487269013637	-0.2074708827408599	-0.030861732009968203	-0.18362802269481568	0.018222817167997108	-0.25000265537970484	0.043542607278913265	-0.2152111319971488	0.055257969332424925	-0.2229992338098311	0.09169869594122637	-0.06162606010206274	0.1854022378148651	-0.09907180365368193	0.1881754931609399	0.15587580918028307
L603_1_fl	-0.009778768003152527	0.5554343558444277	0.010384569980361823	0.40210651750102655	-0.14032705814879812	0.20633057867835586	-0.2087330838977018	-0.1215732806650366	-0.09045563070545198	-0.05786054169192292	-0.07766452780083058	-0.21068752880026834	-0.04499851792746354	-0.21869601596713878	-0.02216453335600426	-0.2616436726803228	0.014797827813374218	-0.22897481285248397	0.06484866880979485	-0.21561095522066231	0.09701112122554856	-0.004786496130447248	0.22661319612100478	-0.07864550178107135	0.18046673588931866	0.23460735376554487
L604_1_fl	0.030169733719558882	0.591257537831828	-0.004220354858252666	0.4295272627438236	-0.15147095601163343	0.246411319660318	-0.16169810220916378	-0.15207976922311844	-0.08079240199872831	-0.08366500621377193	-0.056919709463360016	-0.21537344682297707	-0.03525812858806734	-0.2075865688883256	-7.295837659110453E-4	-0.24484123400681373	0.034458893534387976	-0.21025159718449193	0.06075299952304489	-0.21862568204025887	0.07151852120250558	-0.06994822225227021	0.1653961060723905	-0.11959574031303218	0.12879298284322857	0.2547711467090914
L605_1_fl	0.010694857478604824	0.6353463713433395	0.019184574967171134	0.4022093174990301	-0.16864615243143738	0.15259038438413874	-0.16862937606806314	-0.12732023667312214	-0.08213361043967463	-0.08655098023085805	-0.07673396013423192	-0.21099864486035674	-0.049118830500268676	-0.19327382562700401	-0.007988704286119575	-0.2550550726692478	0.0382344523898735	-0.18217340441608357	0.051442676956229616	-0.1934196904599551	0.09098622167378559	-0.07278689657980107	0.1750581986312191	-0.11474555248359113	0.16764965176291197	0.2461782307735105
L605_2_fl	-0.00929056098362388	0.590002056002562	-0.009255347001266671	0.4387354335013409	-0.12887839744140672	0.24794377403254636	-0.1547276227743589	-0.1598896345937733	-0.0688347111569938	-0.09024353415524125	-0.07442047508262961	-0.21149202960572616	-0.05281664425728802	-0.19649724318767992	-0.023060177709488393	-0.25442792466848196	0.03251333149638601	-0.17850445602695517	0.057836624999437924	-0.2151534976597519	0.08950207646264507	-0.06476524571064798	0.1889310150038349	-0.12944074059982766	0.15250088844475185	0.22373304267163605
L606_3_fl	0.08676565026382749	0.5140672604757041	-0.017001856988601585	0.40074853408101285	-0.15991589910760445	0.24175125784927995	-0.2223820157449983	-0.10841088639763913	-0.1303729893476651	-0.055629708996566204	-0.09446014681916816	-0.22503025122615536	-0.0495480637641797	-0.24109462649136632	-0.01238123195428495	-0.31591387710644425	0.0722632840627368	-0.1889477315563124	0.10627809309707371	-0.2012214327162781	0.12351359789753452	-0.025273046744727752	0.21140785724848615	-0.03873818870827958	0.08583372115684301	0.24369269753777137
L607_1_fl	-0.03857939060091063	0.5198713388281717	-0.023613160998634253	0.41192454174503357	-0.06934170434534603	0.28032877518359406	-0.1941652385422941	-0.0822231653174805	-0.10259775929211536	-0.035105222176227205	-0.08727070564058059	-0.22946649986581902	-0.054525030904842356	-0.20990513802469354	-0.009050460049022366	-0.2817212716787799	0.0457292399239548	-0.21113940624407285	0.08380388418847654	-0.23483850235338727	0.10822711984744471	-0.0677531636498108	0.21892171769421692	-0.1356149986478756	0.12246148871965332	0.2756427122013478
L609_1_fl	-0.0015465221384256544	0.5533615885990268	0.022992982018856717	0.3612466535928764	-0.1996321487581456	0.20641999064782737	-0.22226936334214503	-0.10215751577264011	-0.0991943299747205	-0.046430664448273366	-0.06447429996292184	-0.21756167091895526	-0.04909506695680338	-0.20855501152978168	-0.012171141093903205	-0.25514429768676566	0.020059420729197513	-0.22077277596531414	0.0365436243540459	-0.23259609684631188	0.11301178135505771	-0.020678479545230725	0.26347648854597777	-0.04500969705799654	0.19229857522392935	0.22787797693153866
L609_3_fl	0.03907578369671444	0.535009977452056	-0.005316841358962876	0.360534326727466	-0.14224961800517186	0.2572199283819911	-0.24878894981396935	-0.13664486815005794	-0.10958020772863294	-0.03531030821347514	-0.09530425794877519	-0.23626507088878726	-0.0581458099305114	-0.19739492590605393	0.014283561563510926	-0.27334233394212587	0.06597315712944919	-0.18912227899292852	0.0946624074412777	-0.21585260566400047	0.09222372577682	-0.018479135996623382	0.226191495399472	-0.09794711002133825	0.1269755537787795	0.24759440521387716
L609_5_fl	0.016330602311796012	0.5561878498386746	0.005143350923073872	0.41636586872676534	-0.13400697156673985	0.24746565517353317	-0.20351573776098644	-0.139596974095836	-0.09382799449217988	-0.08658281569428289	-0.06935582115432273	-0.22247595385081415	-0.0544019555835198	-0.21287074813648818	-0.015896829128264733	-0.2551354436383836	0.036285173494883055	-0.20624524102664007	0.05400801336850801	-0.22436033994957685	0.10558501981976236	-0.033188967596018526	0.2214201566071664	-0.06612607411721452	0.1322329931608239	0.2265631843662817
L609_6_fl	-0.03282601586358733	0.583283825318129	0.00508188067946546	0.3741580593901827	-0.11467768731026588	0.2328842122515419	-0.21938589994455363	-0.07873673230857853	-0.09379354862644114	-0.042085801383326994	-0.061847401245490305	-0.2239998560131673	-0.04409722210920154	-0.2119339190732525	0.006637427775805484	-0.25986568643796104	0.033802402862146294	-0.22725853087641257	0.06919137773476847	-0.2054305678344662	0.08334521047924418	-0.05339729144592155	0.20974481654419638	-0.12309422351515337	0.1588246590239137	0.23547651192838676
L610_1_fl	-0.04978543587226615	0.5636644071682301	-0.002257111008685947	0.44614213158029514	-0.10523395198468025	0.2651140758436768	-0.1515027937633489	-0.10533184606191322	-0.08316781304690166	-0.06533969600056581	-0.06612906827150739	-0.21908252889900046	-0.04319505233439869	-0.20706337767005517	-0.023747250756312073	-0.2638130415806185	0.027723080119034876	-0.21665752906211197	0.05856822801558635	-0.23620018562593695	0.08968911451637296	-0.07803270161418885	0.19066446437772916	-0.10903559735491947	0.15837359000937776	0.22563588927710784
M601_3_fl	0.13300924823748453	0.5315452936875523	-0.008658576088388562	0.2584215313179326	-0.2624551986405996	0.12090296073582878	-0.35397478727406234	-0.07284814722366567	-0.12300240980653708	-0.0037158916085261798	-0.20106359335010238	-0.25288058363795285	-0.07490145182253338	-0.1536782549797766	0.03148023502268255	-0.3736808583489215	0.05700703798298061	-0.06961724827221187	0.24303984756990257	-0.13105581743467035	0.09428913141969739	0.011838354227131817	0.3058764173103914	-0.024444618433222653	0.1593540994390827	0.15921327997050078
M601_4_fl	0.09056969101417073	0.5148985540829099	-0.022321586140005196	0.24047581162913576	-0.20631811522724564	0.1836726409637552	-0.3269783799715734	-0.07150344332662906	-0.14290646065388532	-0.019345682233046755	-0.18817869305777912	-0.25523896445445843	-0.06214824156878222	-0.15746930491210118	0.03387260206016525	-0.30661428785333494	0.0572657984889499	-0.13668399851843832	0.1651517429549662	-0.21877867990402286	0.10178327244190846	0.014068884619501064	0.3334233874794481	-0.004716755071984456	0.16678498217966298	0.21723522497871672
M601_5_fl	-0.13962427078382242	0.4764687797208103	0.02065894682103292	0.24771862958254137	-0.13858286851625373	0.22164642869322473	-0.3364350959310369	0.04190378694155969	-0.09502555276955461	0.030017018818601367	-0.23859688801258436	-0.20076839254176013	-0.07548171241169485	-0.13795507635756185	-0.016569068241271707	-0.34119768412041507	0.08270633480944076	-0.17845982700713464	0.20941512927068068	-0.23519056310865688	0.12324370016502306	-0.023541856781261094	0.36595007986603634	-0.05026500724387531	0.23834126573400388	0.1496237634039305
M601_6_fl	-0.09710956681592081	0.5583881912890958	0.011557332607420426	0.25502755867472743	-0.18443334995791485	0.1764850695702459	-0.25044681558381493	0.01387536377602664	-0.06515523433304272	0.06107225436021288	-0.21286134156386602	-0.16945719063106465	-0.09873991123110044	-0.1369728757205943	-6.071505212524031E-4	-0.4044115214853889	0.09853183641238149	-0.2038783835431553	0.1803414251126322	-0.23344321980281868	0.11985219879120274	-0.004027173808938737	0.26786276212752935	-0.018203964212638916	0.23120781495574694	0.10554589153429288
M601_7_fl	-0.05654570875580739	0.5921102743856559	-0.008922733086782868	0.23773089124675534	-0.215895438341753	0.1377654579992803	-0.2576238687309037	0.007994851908039911	-0.12845195303478454	0.02690801869001564	-0.17718531650433578	-0.1548325335899652	-0.0810937046308775	-0.09630808781601233	-0.01679682523921685	-0.4142282482447296	0.09565981171510894	-0.17878176124110026	0.18919314048957325	-0.21015370442141362	0.11874230854334686	-0.018852739440522355	0.2820636577672107	-0.012293366720481896	0.25685662980922097	0.0829409472444766
R602_2_fl	0.04781194871127975	0.5357758945983975	-0.009678545924583927	0.34370405457117176	-0.2134639678141583	0.12383553667211197	-0.28539321440408133	-0.1096792771632117	-0.0986584486546927	0.010425521555811347	-0.2103966659034011	-0.21545154906992728	-0.08999916294817961	-0.1469802555739411	0.003909654814485311	-0.3419515859900048	0.0766818783420247	-0.12644272431392514	0.22619621160812467	-0.18846371180342797	0.06400594437426035	0.044527189105985195	0.2658796045417401	-0.030001436558578655	0.22310476325718195	0.10070234396953884
R602_3_fl	0.021547392435280456	0.5637917898299475	0.013504526258564596	0.35541445511517983	-0.2512102657344826	0.11157053972996064	-0.27253697611355476	-0.06813470789737668	-0.08862205018898325	0.014612433065907654	-0.10631696766318807	-0.25766655952601664	-0.03879419743746086	-0.14483758124813065	0.017954669362703318	-0.30117447900355454	0.05640030196240764	-0.14894341953307363	0.10730533752689866	-0.22678999518226428	0.07825824279286746	0.042091731220506565	0.23224779787980757	-0.09272655176442439	0.2302621889191401	0.15279234519333806
R602_4_fl	-0.009189153700604885	0.5600343363498099	-0.04030671432716823	0.3550984825880113	-0.20628004735533687	0.15264000160942826	-0.23768238455584456	-0.09923351808902016	-0.07762822961634475	0.024148556695074718	-0.12181350340024683	-0.2362560144773571	-0.048791812218697675	-0.1401367931416831	-0.04655249965093325	-0.2921236368013628	0.04410212732609721	-0.1422267418183485	0.12128437676848319	-0.2452349659747653	0.092003821693015	0.008419548299579587	0.2799973379354315	-0.07237611031633696	0.2508566811021504	0.12724685507697175
R602_6_fl	0.025120120399050094	0.6002407563421237	-0.004871754002048347	0.3324635052113015	-0.19120704075588585	0.1411266580830238	-0.25658509993967443	-0.12647266158971684	-0.0677026350178356	0.0068465727234011935	-0.11171029913370381	-0.24042791726793283	-0.05026370991586533	-0.15773771172705034	-0.011495763057435854	-0.2801681222947527	0.03491979892362511	-0.1358905739230505	0.10451863501626962	-0.2284864146438157	0.08687845337129094	0.01574974596587147	0.2658472324413588	-0.08956379252253865	0.1765520616708541	0.16231995564313545
R602_7_fl	0.03058227259353296	0.5674356443189599	7.58042161306309E-4	0.3257299326625254	-0.22316906557393756	0.12332646101186742	-0.304919321854494	-0.04411949737811501	-0.10533245555247747	0.007352732106402901	-0.16720024454681137	-0.2307934663874818	-0.060014321539639266	-0.13247465833910377	0.021054448509261463	-0.32988369546549456	0.07061925774419194	-0.12589662400507118	0.22839782107456197	-0.17897628393295723	0.08906893349148846	0.004307108059749813	0.24282741582324913	-0.1052013902288	0.17732721766976717	0.11919373757751656
R602_8_fl	0.020934855294681365	0.5984574315827281	-0.010036362262486005	0.431645022131879	-0.1971520878809629	0.16112419491523428	-0.21262977682449988	-0.14196690459140487	-0.08892003736568946	-0.0015076190427959907	-0.11436838939947622	-0.23363842344951646	-0.04335467526009513	-0.14224751820382167	0.03005957376470517	-0.2614588011116807	0.04826320538967915	-0.15588117163777446	0.10843749619262102	-0.2108959104614815	0.06263685777036511	-0.024588476965147793	0.2144914614716932	-0.1225739697649952	0.18163787910946394	0.10353214659877805
R602_9_fl	0.004452210239315503	0.5430726237594502	-0.00455990827539892	0.3192232437505706	-0.18428135665303863	0.1482575025622231	-0.3192486788990797	-0.06777227169701627	-0.09235932211626152	0.01678311791339109	-0.18953807699525	-0.24231910005762441	-0.06591326843512929	-0.1503804723879194	-0.012529076993338016	-0.2920750581855706	0.087464383074424	-0.13865896098715969	0.19218032621333944	-0.20397685707888458	0.09526927237839483	0.010422497232067507	0.29775929571074394	-0.05702463472468912	0.19130420075127869	0.11444836990116175
R603_1_fl	-0.02004621224366694	0.5826640572795844	0.014179292907484244	0.31192961038559985	-0.20597303193028657	0.09701092934926002	-0.28662199563744	-0.06924283285587325	-0.055571276537492546	0.02721618059227972	-0.19233009770522058	-0.22422313743870415	-0.06821844602731092	-0.13933141032988933	-0.012959822812812112	-0.30394384074068304	0.07091778621899145	-0.13048573157490848	0.1641293858936187	-0.22645851964007857	0.09287641811999969	0.03341742195193691	0.29067702959244623	-0.07045924489165784	0.2089409701616886	0.1119065179131336
R603_2_fl	-0.03965827760486555	0.5796427249339947	0.023083964209021278	0.33155127855091027	-0.17495791916589262	0.16561092724202064	-0.26543470814049663	-0.09150950637837774	-0.06186118481983153	0.03183354566430681	-0.14835257992244258	-0.22580504952257233	-0.05159197984661257	-0.1503598150482324	0.016921259293868722	-0.2831614326171033	0.057854462585719094	-0.15950603626383356	0.12758223296966476	-0.2231187610014004	0.08904357204669906	-0.010502351763655158	0.24742703353219136	-0.1391478979252355	0.17994412486297667	0.17447237412917835
R604_1_fl	0.05389249365140042	0.6256465966199355	-0.005619765943837736	0.3580658522680812	-0.2208231459113041	0.11622665154741077	-0.24940948620367542	-0.14304665911643988	-0.08015003782847109	0.005611116693783126	-0.0842726252049683	-0.2228686484656905	-0.04054551261825041	-0.13233256445997016	0.027997013505521567	-0.2735409588959302	0.038877049813853426	-0.1666364117418359	0.07784592807813741	-0.22642900484321285	0.09415161908196075	0.0024313589288290065	0.21798897442481954	-0.10483914676734282	0.17006749515481295	0.16171181823238318
R604_2_fl	0.0037978853770325935	0.5723002551382986	-0.012081043268315064	0.41494045553738246	-0.13584007117777408	0.1881577558586766	-0.23105260269308017	-0.12603446028348095	-0.08526034097152153	-0.012791347322199042	-0.11848199866872763	-0.22580263337612763	-0.057061142932232765	-0.22431025914728148	-0.022533110539254712	-0.2867241722495258	0.04729495464490159	-0.12613534344648475	0.13888060311672135	-0.19619428060293617	0.07692111738247587	-0.01408115888988638	0.22321473310850937	-0.09310619324869528	0.17220101662126475	0.12978138203225972
R605_1_fl	-0.019449552832158365	0.5837808790526808	-0.005667877927616138	0.34717852371482805	-0.13283239118655374	0.20665047347296273	-0.2524261869512277	-0.1143143287444542	-0.10010528282810378	0.012834557081033494	-0.0828893357131534	-0.23653251020877558	-0.028490085656286586	-0.22519220252202982	-0.0060884399459689535	-0.27279475206728526	0.022728799793101946	-0.12181442761412846	0.08582142551887981	-0.22136765459575214	0.07956894087406786	0.008070079910957354	0.2617413053513234	-0.13565336342733358	0.17808868150369495	0.16915472594729722
R605_2_fl	-0.0627294834456625	0.5500100231827046	7.649660694004842E-4	0.35995446794228053	-0.1315906701404255	0.1513150856224976	-0.27149352943542954	-0.07537795876491116	-0.06936286727839501	0.034426383153095916	-0.20652000100638132	-0.1939967074818668	-0.07003586422290078	-0.12525951599895294	0.003211191865981948	-0.34442262355501874	0.07220011356694525	-0.15138775015553077	0.17755668126434695	-0.23708080112604027	0.09545131456163666	0.013752952212490652	0.26656955091972556	-0.0821653369284038	0.19597859728115757	0.10023178189765646
R605_3_fl	0.024656072408583328	0.6393378703903294	0.008816377394924649	0.38264371235771805	-0.22657464250420387	0.07020946076741072	-0.2558483872547238	-0.12373106234179093	-0.07766567907028947	0.0029199908204907464	-0.09026352873943438	-0.22292739745050638	-0.03891191706857655	-0.13816786480336518	-0.009198451433801606	-0.2691108666996527	0.039199015352326894	-0.12700612191504068	0.11513403299266063	-0.21132704281566042	0.08832045563001273	-0.004762189579581544	0.22220266529010166	-0.110285694103608	0.20013398700241886	0.11220720537325667
R605_4_fl	0.02312108888523546	0.5577417706923905	0.01744317374819967	0.3014161548131995	-0.1866493710652014	0.17877774555595638	-0.3032149414067656	-0.06988780040766454	-0.08993902536176836	0.0036532450512647254	-0.13991222591508193	-0.2523335476364158	-0.04854881677403954	-0.16292327893147407	0.0038802530932704124	-0.3214387584704321	0.05409491312419987	-0.11243550669705064	0.13397558434001694	-0.24584798201288896	0.10511852593705759	0.004977656746021382	0.2918569470025301	-0.025836431947623167	0.13877389439234655	0.1441367332447165
R606_1_fl	0.08080770690061004	0.6296064881026707	-0.017906912340877396	0.25888821558326924	-0.1048678295759381	0.1667413876335818	-0.2618448959917079	-0.09077832177914841	-0.06460647366265002	0.005684726136070951	-0.14215421880053414	-0.26521262042838445	-0.05496881161545719	-0.18943509063703204	0.007466921058022477	-0.3369430529960691	0.031584415735111684	-0.1538187963332164	0.15741085651515385	-0.2288366912260829	0.035790131147448126	0.04425363071049025	0.26778507929994216	-0.020491314554121443	0.06550403133087669	0.18034143978797126
R606_4_fl	0.031034043746365834	0.6031031246366455	-0.009334738033013087	0.2898678641409776	-0.1144587522877181	0.20317970830813656	-0.25534356865123553	-0.09734458733916403	-0.0787915591874567	0.022720028009579923	-0.12909978364446628	-0.2626336614325433	-0.06017889070349701	-0.19321886570134975	-0.025244437972660794	-0.3591536238900065	0.0614602628311148	-0.14216969911380015	0.17909862844704205	-0.19736636803041718	0.06768862472765884	0.03686914234148126	0.20889618855681588	-0.0550329471812891	0.12427398217104958	0.15117988525174988
R606_5_fl	0.038623930124604446	0.6368803915374771	-0.001947734760626367	0.286674588200217	-0.14941403726331728	0.14812917499048958	-0.24065802708568587	-0.08486817599835479	-0.08374037857553862	-5.361549360400689E-4	-0.13139010419840316	-0.23695977593141204	-0.0592054357341374	-0.15983308541714764	-0.004614486045862225	-0.30839269890236065	0.05716649057915417	-0.20770181082381867	0.13667852652188908	-0.2022182917834936	0.07477161042969985	0.009940856026404203	0.2468960874946429	-0.04582271035578384	0.11683355851358083	0.1647076933938229
R607_3_fl	-0.06181969275454256	0.5856415850216201	0.02238438837341991	0.2767444160160441	-0.07292532683323158	0.19341315111549473	-0.2729191956308865	-0.04926736521908237	-0.08588411242601818	-0.010630480666253975	-0.16140566290156635	-0.2355898895285385	-0.07133084206165269	-0.1743044483885135	-0.041070191550268205	-0.31257965286609685	0.06129363916833658	-0.15730611928705882	0.1530799736329573	-0.2223093747782328	0.1330109592762531	-0.026531639253101202	0.2758875153246542	-0.07333627876758297	0.12169854838254554	0.20605609660130236
R607_4_fl	-0.02283086340917842	0.5759934192609648	-0.0029344261345575287	0.41650823330069753	-0.07362480792719558	0.2179530394434226	-0.24691831127768582	-0.11825195139341887	-0.057294096288045604	-0.01667877920839608	-0.09099242405328326	-0.23804155781962777	-0.029492440641162302	-0.17577362197758414	0.016178641659691004	-0.2795636048985803	0.03986217446894489	-0.18840699859493257	0.07227946138901942	-0.2480228049437532	0.05587864577862659	-0.0068775405918790646	0.22188497393036422	-0.11714115012799803	0.11800347250446255	0.17830331755108447
R607_5_fl	-0.01704136252595627	0.6616273420302682	-0.0021614771801714353	0.328083769357213	-0.11859471040113115	0.1940845647229975	-0.21154159738607564	-0.14398422948410255	-0.07910929080033476	-0.040522263017845395	-0.09755910774283047	-0.22863760026480312	-0.0467167160453087	-0.15860178360336286	-0.012402678082045	-0.27132096668747646	0.027473930939580997	-0.1274932057218257	0.10327615809159515	-0.21802006831029244	0.08069784735460869	-0.03355737030147114	0.2096773698387896	-0.12795272228079693	0.16400163393927827	0.16629453356149831
R608_1_fl	0.05328729492301424	0.5632048642232513	-0.004196242305101121	0.2845493400949283	-0.1579424751938368	0.16209922295866852	-0.2964387842229974	-0.02945392138896165	-0.11516676744322873	-7.425684327544736E-4	-0.17465936706741206	-0.24231155092792614	-0.07684080396155446	-0.18119206830103746	0.03228198763319769	-0.33293483219526804	0.08239073119249693	-0.17567466340969218	0.18207843917307273	-0.23352979292400083	0.09459494281465466	-0.0019696441053299787	0.24483335849145488	0.02944409211279258	0.13577768596623963	0.15851152229533017
R609_2_fl	0.139555159467607	0.6111537366609283	-0.06315945672993026	0.3041108869583306	-0.1604810397643463	0.1834932219358803	-0.25126798189944716	-0.11363354581858322	-0.089079367190459	0.024994367546165373	-0.07767672222128155	-0.27434174154462765	-0.038652998559192554	-0.14855362816388173	0.03845183815781919	-0.29787606311125925	0.05733764823353016	-0.16957621535587375	0.12285288420151341	-0.2468665905980071	0.04697949887888861	-0.006898383291561125	0.23187884520326574	-0.09754568203799846	0.0432616922220333	0.23153963682048728
R609_3_fl	-0.06131421504717198	0.6550056561252123	0.01146348411179712	0.3065881193054015	-0.06601905355369547	0.18286305181232204	-0.23266859408100224	-0.06268814140602492	-0.07297003513159046	-0.020854414255096397	-0.10343449735503321	-0.2369250579682604	-0.05222519032680735	-0.17469234008242898	0.006084338745630573	-0.3040065140796403	0.036986269906187204	-0.1700902144435862	0.07177275025788513	-0.22896591350186957	0.08815801016136947	-0.012986844254604838	0.23442636295982933	-0.0995030764216553	0.13974036935260176	0.16625568917023203
R609_4_fl	-0.10638239107043589	0.6440556517773779	0.029200353684604018	0.3005651913886355	-0.08052750724381888	0.19533982621375218	-0.24334560973487465	-0.09401318639633471	-0.04727223916524432	-0.0033905302314992903	-0.16285975717954926	-0.16042122218661176	-0.026336403413256118	-0.1191559062786854	-0.005201745447863226	-0.2917096946309754	0.06622462100406365	-0.17556812820023887	0.12258534991732761	-0.26233605021798184	0.09748516354274529	-0.0488979434275209	0.24521589455359416	-0.1716541526988022	0.11121427055270786	0.1871861448888848
R610_2_fl	0.00932857276137769	0.6313248784364065	0.00678627856253234	0.3051252954500032	-0.06431264883104122	0.22052590798644459	-0.24711319420351513	-0.11574079401305025	-0.06543882690180426	-0.012648843417873281	-0.09403669625167672	-0.25260195523391143	-0.04118641183469922	-0.168136135089094	0.0038420494197812516	-0.32046561235263815	0.03311310199406123	-0.1535969324205334	0.12242888611187677	-0.2310589382967238	0.05164234030210421	0.0057411958491450565	0.2214353246240665	-0.11829133620787463	0.06351122424693736	0.20982326930969925
R610_4_fl	0.012034631755415082	0.6484956828337908	-0.013643212563910725	0.3292784959278903	-0.14006586415476288	0.18011136241369718	-0.15897543998830516	-0.11051110827389696	-0.08977595211137139	0.01031153845099865	-0.09408596728310865	-0.22130707479970524	-0.036060961468113065	-0.1523290316636254	0.021674867121755967	-0.2870286148586992	0.033823742883571914	-0.18577705659490884	0.06594609073332755	-0.2496428877010093	0.08022436136162182	-0.04768761282888465	0.22643924947817817	-0.1492097617462535	0.09246445423570163	0.23529606884060575
R610_5_fl	0.024219631959856776	0.6157031066219708	-0.014152784566808817	0.3073100448017439	-0.07299819851497262	0.22431106598584288	-0.2399323574192	-0.10369343297101558	-0.08149611436390584	-0.010317593333381123	-0.07535242037604561	-0.2597229680423304	-0.038110896787414326	-0.19141818788295015	-0.011551789187302902	-0.29967839194618295	0.041095213732549346	-0.17817896603737746	0.08945959436079991	-0.24932942873341046	0.07208778375815576	-0.0034834023858317407	0.2303599742352415	-0.07707063615369945	0.07637236316904678	0.2255687900766226
R610_6_fl	-0.021430822211565087	0.5906899897076624	0.022051148608798667	0.26768061856837017	-0.14535760605306042	0.17915318741174607	-0.30932752532772295	-0.04078234460910867	-0.0544777029877995	0.0392514344578694	-0.12171878326955819	-0.24894110111472895	-0.03150808672402085	-0.15861714663500576	0.015685376099912225	-0.3118545050516385	0.05352704533529394	-0.16636687265449662	0.12628120373721083	-0.2512996047363432	0.07287084712347543	0.021585007463289466	0.27545494658421127	-0.1025482242281631	0.11794995908482465	0.18204956142054807
L701_1_fl	-0.017271271512830318	0.5220815408236402	-0.009405251754024582	0.43497040664555503	-0.13912912238714228	0.21642293241005697	-0.18331713577189035	-0.07279406741830868	-0.12815182175438025	-0.0318861739410791	-0.10404216967000493	-0.1955709632189568	-0.06749381500653798	-0.1533636653773367	0.028230795863771807	-0.2954331507721212	0.06138702304346995	-0.21363123693692146	0.08903829897340185	-0.23329828058447477	0.12997857339773353	-0.09982361649873503	0.222210198278457	-0.14434686526906987	0.11796569829997698	0.26667314013775206
L701_4_fl	-0.012464618184435977	0.5625409630517525	-8.856356082404815E-4	0.4470152442800561	-0.0957430782194091	0.30502351782647796	-0.13929016935491223	-0.13982515788682548	-0.06474450444846014	-0.10736733521820192	-0.05463251458233005	-0.22780500898965253	-0.03199575986010089	-0.2136562308999251	-0.007922087403982477	-0.25940337733288477	0.030426583902704647	-0.20731340362432538	0.04896699435764386	-0.227185326742944	0.06595830263392817	-0.1000698444888858	0.14204115111324528	-0.15315085251238503	0.12028533565435082	0.3211968125377431
L702_1_fl	-0.0074045534517249295	0.5129025851030657	-0.0012012428895826488	0.4044672900302771	-0.10086741722049451	0.21687767288720927	-0.231936501476142	-0.0730512338705038	-0.10959548104210622	-0.028761740347080345	-0.1460331568442304	-0.2136612318543592	-0.08697304346264682	-0.1867143981522686	-9.199852463017757E-4	-0.33377609326640234	0.07937244434073062	-0.17805468812821573	0.14599542677045182	-0.2196418501071003	0.11111186551515578	-0.03424251087790662	0.23831766132972	-0.07306160745050888	0.11013398367717146	0.20671780603379433
L702_2_fl	0.004038539688280343	0.5417338724160137	0.003723905297607126	0.4309356870230311	-0.16852978580560274	0.22502665232331806	-0.21902273198191305	-0.10325737419771329	-0.1193219155315361	-0.06147569326500782	-0.1013638557998795	-0.21566159287086314	-0.06330925969712303	-0.1905665960520978	9.340170315655857E-4	-0.2915035477058633	0.06170832616633748	-0.1805148757141418	0.10273129623046093	-0.214986427000697	0.12200519900863004	-0.022625933853141354	0.20981878820091418	-0.05650864815671457	0.16658747719225875	0.13940447705387748
L702_5_fl	-0.02618806233884151	0.5155598172355949	-0.010010176022049871	0.4099950762750854	-0.1447827119988914	0.1935851659319335	-0.22366153007950776	-0.0865715388872998	-0.09629504922762261	-0.03691921897052914	-0.162251238756737	-0.17418281193921542	-0.05479094749839851	-0.21804079949982333	-0.005240003992579834	-0.28639489350128694	0.0660957535906544	-0.17007407248467638	0.11414919686201042	-0.21744405226724758	0.1330840181784029	-0.0459644369905672	0.23993084680845295	-0.12141587081106076	0.16995990447510723	0.23786763590909307
L704_1_fl	-0.00999290466513815	0.602572223420419	-0.02203758120175478	0.40655121986590836	-0.1387730214256079	0.16272453187610075	-0.2043774747351758	-0.06675031095633097	-0.10493887967797036	-0.05549276694568831	-0.07779141701370867	-0.20882323253301366	-0.05349924383529696	-0.19628112919668983	-0.017183810854944137	-0.24991524377645355	0.031450070315688916	-0.235259861268911	0.09505065984291781	-0.21602325815288656	0.11803279710852727	-0.043221636430479264	0.20765261759161976	-0.07308521186750255	0.17640818855084328	0.17300467596552724
L704_2_fl	0.008436896024986783	0.5126959325615384	0.001916776636139511	0.3561091508732024	-0.11542871708905368	0.23068846393714998	-0.2520701019109196	-0.050486546515588634	-0.10277012025565165	-0.009179609514542005	-0.07827010213843838	-0.23066151638783397	-0.05522985937462693	-0.232193210657916	-0.020367864942139456	-0.297089439889349	0.048260262719561714	-0.23880228960139624	0.08280021362078363	-0.25586032085784643	0.10733726570799523	-0.009274228202072236	0.2807406874872211	-0.025493278197998487	0.09464466351414236	0.24954689245265205
L705_1_fl	0.039822602982831024	0.5325573661695437	0.0011840458203730628	0.39334467752654906	-0.17153274262346957	0.17050802707508142	-0.23237975022516927	-0.12538395112344583	-0.1230701693118941	-0.054912807582630556	-0.12610030798823554	-0.1971289443948141	-0.06754868948693729	-0.16289441645072664	-0.012039130363193973	-0.27902882341042057	0.0688645407695742	-0.23445940755455835	0.13114827834902393	-0.19785971961278578	0.10591420257278493	-0.015970463057386256	0.22555828172102635	-0.07599534253919145	0.1601788377832865	0.2472238049547849
L706_1_fl	-0.025544077390119255	0.59697946599409	0.0010696642440356369	0.4482815494648421	-0.16611509323624804	0.16190079316879732	-0.1502024949033099	-0.09165370817999083	-0.08969358072515152	-0.04969802992436409	-0.08774553276175633	-0.21233467894119276	-0.07698649676096195	-0.21435905401172806	-0.05126328499205982	-0.2789433056271179	0.04720060651384545	-0.16675381596745348	0.09249168479901894	-0.1964922036872716	0.1275142351353801	-0.04428288864808018	0.2096642136223571	-0.10004299835907292	0.16961015645496869	0.14739887471854335
L707_3_fl	0.02453258522148575	0.6102755912226964	0.01826359590870536	0.4452983987665982	-0.17740796432568684	0.2128508017727328	-0.18719104260269398	-0.12193095276068329	-0.10678470529716155	-0.06854335833604752	-0.0664433252183796	-0.20698320892506106	-0.037917217350975176	-0.18981286481042994	0.036201898569556634	-0.2525691947589704	0.06380026910810084	-0.19840409849435062	0.08295862161215985	-0.20195942250167273	0.07896264517560513	-0.0898163207547628	0.14625693370264375	-0.1198061764120806	0.12476770549664039	0.18140080599203143
L707_4_fl	-0.029599617100784154	0.5845911451395391	-0.013026794095045757	0.46172452099468186	-0.15696712836850416	0.15522166290304762	-0.1450700906456863	-0.11039428311997589	-0.08639241739495969	-0.04649689071449912	-0.0954055739219136	-0.17856693981271268	-0.06805657697128062	-0.17516415526130155	-0.022553636784825172	-0.2774741036409902	0.04435578393394128	-0.1940796227049931	0.07388364152568344	-0.21069924762096046	0.09990986219816418	-0.06600875911814028	0.22177164006854297	-0.13999915963856718	0.17715090755666732	0.19734583259487168
L707_5_fl	-0.01490059222703892	0.5777689207237139	-0.014564654468017586	0.4160429961209755	-0.16045687487779747	0.21037358551053745	-0.20400325255480392	-0.11760145125746208	-0.07893516025345859	-0.04054241753876376	-0.07054637198509164	-0.2068952049413107	-0.05308244076489533	-0.19831725250290355	-0.017869036552232924	-0.25884275805893103	0.04457383729461473	-0.20173572778994084	0.0713216947462847	-0.20981659608312367	0.0899699675500846	-0.03807741929841982	0.21911693969405585	-0.10823024589547578	0.18937594439829616	0.1758735710111039
L708_1_fl	0.05219521936218417	0.6294507393289808	-0.03450975375235588	0.40962677173321965	-0.15508983087210004	0.2213240520301984	-0.13368162270089856	-0.1423792190031178	-0.06960343627667792	-0.09862856816782269	-0.06187230071712539	-0.20633220722388046	-0.037762148234139994	-0.1952731448284791	-0.0019020997787625275	-0.24382374348457223	0.038557917897681114	-0.20371518820719722	0.05623221153389257	-0.21582524130498085	0.08524653782894896	-0.10859078091474245	0.14944655808592333	-0.13934332885076908	0.11274274762343026	0.2935098588931628
L708_4_fl	0.04867301760456508	0.5476629170785184	-0.04130863705752616	0.4496831230028352	-0.17176667908574728	0.1894687423569129	-0.1851882728971959	-0.05062869323013254	-0.12340034474273075	-0.03600933312377409	-0.07549369757335847	-0.20242589030989336	-0.03138942800692021	-0.17118270991541998	0.032186012402594846	-0.27347459902849885	0.07184729083783614	-0.23309480531390447	0.09528591694067873	-0.24202566793445163	0.10266736736713687	-0.10647763760104208	0.18969407450447978	-0.1337118622250028	0.08819337970618771	0.2622164162438527
L710_2_fl	-0.018313078712538844	0.6409798798232746	-0.005729753147952217	0.48291444616985324	-0.19568981261739316	0.17338132229420766	-0.16577133600037666	-0.1231228238386431	-0.095395895406268	-0.08053491463848719	-0.07342023768018902	-0.19509762675594264	-0.04846606702698966	-0.172069433795529	-0.004314621452546366	-0.2297424051779538	0.03791441891022736	-0.1591057838478856	0.08490586649612003	-0.20572131953445247	0.12350274660896891	-0.08877596267925772	0.1718257960289324	-0.11093122284911044	0.18895197400000663	0.06782584482992592
L710_3_fl	0.017202536305631677	0.6293538230050613	0.016816926091146815	0.48791840508923934	-0.21094860653010075	0.15760785383002637	-0.13983819074505077	-0.15604235562323343	-0.07332999059280447	-0.07663776273693966	-0.03556774026566877	-0.20914213810912755	-0.02462682498784675	-0.1960265291551799	-0.008185487752790033	-0.22553874343982366	0.03061291943396872	-0.18114784933786782	0.05350247680393608	-0.19926144053438205	0.06920501898295156	-0.08508328094555594	0.1232066310799717	-0.1664633888818657	0.18195033217665707	0.22046340683964571
L710_4_fl	0.03928809081173592	0.6505552575914891	0.004577935415284125	0.47710037338714084	-0.20507490941683063	0.12480396894424664	-0.14731853658544553	-0.17136565118560776	-0.07111241363496888	-0.10316667479632466	-0.06744163016956042	-0.1977767127648742	-0.04082049157051312	-0.175298008595783	6.076349389222448E-4	-0.22590484933485075	0.03263227439695558	-0.17497006984322716	0.05833411201633423	-0.19303850225182215	0.0715824616951359	-0.09079084173440796	0.13187533234396515	-0.1258235052483766	0.19287013975898587	0.2056752158323975
M701_1_fl	-0.040935624842724554	0.5437879357170904	-0.00588371079094193	0.30978018517837674	-0.1819628239369491	0.14399271101700042	-0.2841527798923079	-0.0645957166523051	-0.04866259712490911	0.05618237870804085	-0.19200739433650849	-0.2176407527329451	-0.07068217295965021	-0.1260509675969634	0.004337247268527099	-0.35439010561546225	0.04884841308638681	-0.14727744819296723	0.17527482466868638	-0.23855340048271714	0.0472282409147665	0.05575789441949638	0.3061177257169372	-0.06209331975301591	0.24248065222868836	0.10110060598637056
M701_2_fl	0.14120434820633943	0.5191889830427362	0.042510887924960696	0.3051176609675028	-0.31047774832670116	0.0502498645454442	-0.3175716259494766	-0.056097931145373224	-0.06361616574737931	0.04917656419972065	-0.2122650281728209	-0.25430750877262903	-0.06989781016535102	-0.14829901856540767	0.0177292580362748	-0.35711177059089005	0.06897263351566393	-0.12734973657426127	0.24368209118137757	-0.19327353319701904	0.07269538024698856	0.02765161440727431	0.3049626187190954	-0.014497205362150153	0.08207116053102827	0.19955201704505152
M702_1_fl	0.027026594164179303	0.5729091574894012	-4.0655330735317463E-4	0.4007208783178683	-0.22077739595074716	0.07871317223869873	-0.2803958618056577	-0.046591395475721595	-0.07837389161683586	0.05074363360348799	-0.16521955987059275	-0.19611359197004888	-0.03566806574544715	-0.27063495895680667	0.02048972856015977	-0.323888217823885	0.04580906373482706	-0.12215840821026805	0.1836876579123531	-0.18970201227392608	0.0519681620262306	0.04139550815830742	0.23449165644343403	-0.03672843128063573	0.21736846545544972	0.041334666183527935
M702_2_fl	0.006284780001538995	0.5623769192568796	0.004066154531924833	0.437666847491299	-0.22021778323696561	-0.02343788502817586	-0.2489920509293325	-0.09749126554931987	-0.04700873456602367	0.017116617024403903	-0.19748032287873116	-0.1836572522744041	-0.0776560503875197	-0.14026898458275527	-0.025324108476931305	-0.3258337924403574	0.044448263861275004	-0.13442779304675703	0.14149770494572253	-0.2379255761906079	0.07640785445880156	0.06224994652588526	0.2939499377919735	-0.023850457632554715	0.2500243548842674	0.08748267644646364
M704_2_fl	-0.019996855509674685	0.5895817700513101	-0.014432225027074329	0.35633032265325515	-0.21461549650749226	0.09077597587006062	-0.2631342863412222	-0.07634317919276812	-0.06846918691600455	0.07358173620347531	-0.18203935061078866	-0.22283004969707218	-0.0663186022802974	-0.12436996116957964	0.00759686977248912	-0.3304601223033851	0.05265101006148828	-0.1147630070077584	0.19288460233076693	-0.21118299847589683	0.06722048082578899	0.031206345346055576	0.26941219654140697	-0.09604549555999152	0.2392408436606138	0.034518663282295026
M704_3_fl	-0.06408825699987059	0.5284016884050423	0.0018408652004172216	0.3454866690773906	-0.044942114432541785	0.24998708046132523	-0.27397563874796177	-0.07683610196572546	-0.04936661623467704	0.05845020130915545	-0.1360365246331276	-0.26862818067309113	-0.04201690558047205	-0.191623947678111	0.01115914353227767	-0.326455383166136	0.0408550275240573	-0.1823051289813405	0.10630644077455274	-0.2575755744875599	0.060827710681862025	0.03472316298993933	0.25948848636832644	-0.10334069978938462	0.12994838254715663	0.18971621449849543
M705_1_fl	-0.05701777782052805	0.5486712664411711	-0.013746045297767087	0.28261869518236366	-0.19407435505393666	0.14254377173863778	-0.3153703668865269	-0.028260847620307346	-0.039469560326679524	0.07697100450194719	-0.20682393004598548	-0.2208141912818744	-0.0634872293178779	-0.1488395231996408	-9.311930178908454E-4	-0.34137044717827736	0.06952987502796308	-0.16764292023522978	0.17863653402640325	-0.23474353993931005	0.05468961216169131	0.05625422413562688	0.3087798918733281	-0.018252905903131257	0.27928454467780683	0.05286541335802263
M706_1_fl	0.011794645909165305	0.7052947261552144	-0.008064917303526275	0.22400609386007506	-0.21206404629012748	0.06397943887704996	-0.24769400860143925	-0.05199527438679674	-0.024443108749671396	0.06589931121480061	-0.18494084201558844	-0.19698223492783387	-0.037662043306161797	-0.12589870006564977	0.007119279650897259	-0.35604194886042206	0.04575631247282555	-0.15435935629528055	0.19611934838937026	-0.22609019818190984	0.009944072881437054	0.047957379768611204	0.2606347136044778	-0.05554217182746709	0.18350059335834115	0.059772934669608715
M707_1_fl	0.03903825019263658	0.6214665277633945	-0.0069042558539745	0.3128227141215202	-0.2974833561532655	0.0463814042848433	-0.28349271083762745	-0.07350688382888548	-0.06984585521871237	0.06709724134766136	-0.1685215939262376	-0.22649458048096618	-0.061337330497041	-0.11440357634535007	0.036087714169821795	-0.3297994145376459	0.05472454351530709	-0.12294473541062043	0.17542020995314403	-0.19972270138689058	0.06964597870383879	0.036598483197478854	0.24782154782972904	-0.04927514585490503	0.26484685812238135	0.03178066713036565
M707_3_fl	-0.005321678443810082	0.5828331567179035	-0.02569579990398651	0.36558185001931504	-0.26449835143474826	0.05544346395771791	-0.2673177873063152	-0.08407995493732483	-0.08761528440776786	0.05988602227856379	-0.15638174227010154	-0.21125705557687013	-0.04576522695220462	-0.10906804916483337	-0.02436864273905505	-0.2933273129213043	0.055664338878602705	-0.13207215583711734	0.15260467431390112	-0.24481905416599775	0.09743302863352299	0.027796530228166347	0.28748274227438797	-0.05548873678596655	0.28377972935757395	0.03857129618774798
M707_4_fl	-0.09471111865503037	0.5495339882828713	0.02153171801581598	0.3211806636325678	-0.23973232656604784	0.0977055173835841	-0.2927966057019659	-0.02053208332993621	-0.04036652553423733	0.08045580763501921	-0.19856654709959048	-0.18895543895645497	-0.06150759928764407	-0.12223518479995893	0.005787836967936735	-0.32849105198376033	0.05818112188218357	-0.16113011803903277	0.1772809375444945	-0.2678837029401167	0.07995037002768964	0.058019008468890076	0.29449859584707	-0.07281805989894496	0.29045014255932633	0.05515065454527322
M708_1_fl	0.020077938072202352	0.5877949268669167	-0.008524582350346616	0.3184356844429338	-0.27772478583667826	0.08080252247470113	-0.31330621407168446	-0.03969304299150188	-0.06880715363439012	0.05932411840290004	-0.13926253773382952	-0.26086338770929685	-0.0416206129974261	-0.1561845180638423	0.012927346673705417	-0.2925987047138997	0.06062921434383107	-0.13227513302219301	0.16002934920967468	-0.22265008600536795	0.06902345878386797	0.0650852172567925	0.2562201463208342	-0.05212812617298392	0.27033843322023887	0.04495052923484136
M708_2_fl	0.02623048509061019	0.5826983437529908	-0.0037761076482391576	0.3637329186379775	-0.29029029961495	0.025124790845396643	-0.30254650067367517	-0.03060984712140727	-0.06238074896569323	0.06544243804386338	-0.11669546893563479	-0.25576867049713925	-0.04265166376320268	-0.16126287950701285	0.01659259801356023	-0.3100835109304569	0.0448269338940859	-0.11914999680271707	0.12673633321947725	-0.2210303619302278	0.05581047694969808	0.0843573650240904	0.2805093226383894	-0.06748412747949566	0.26763463979557434	0.044033537964138524
M708_3_fl	0.06436543312191553	0.5750699388290972	-0.006929338420271054	0.3362885996639339	-0.2942406970882663	0.010075039926586555	-0.3091483912239183	-0.05836427792264995	-0.06767171937383272	0.06290674843862364	-0.15465266038140785	-0.24650665841431396	-0.05172623054304523	-0.12468170937624477	0.0023651433168825967	-0.34370819440637224	0.052967666349456335	-0.11429510698869845	0.16784300948520245	-0.22816805302110132	0.06388787259534408	0.08243794682426285	0.27994781904784327	-0.014050109254510064	0.25299209311409776	0.06299583570138759
M708_4_fl	-0.00479902394900221	0.5912579395305475	-0.002253041045732332	0.33824384698913484	-0.2957915529682549	0.04342216559991928	-0.28225053578384673	-0.04091057691161224	-0.07191920197349765	0.0650426665904564	-0.11132245760904338	-0.2323520784885705	-0.05443524798961556	-0.12862183000774408	-0.009758352884508402	-0.3112713948756924	0.038575033613260354	-0.14317912750114453	0.1402099307751538	-0.22139913388097773	0.06966653937671996	0.061025964498317105	0.290486527608367	-0.06658715583289064	0.2935913828300005	0.04532871429025694
M709_2_fl	-0.016955760968408493	0.5694623842684772	0.02872768331250264	0.29782913833742286	-0.23542207502861226	0.11405814263901287	-0.30237982758108756	-0.03358931601132863	-0.04676020492119477	0.053738382428438494	-0.1473356270070734	-0.256832239054236	-0.0645198769139145	-0.1678483685227132	0.0024836365259297832	-0.32556561668880724	0.045606371166068055	-0.13314757976120212	0.1644377531261252	-0.22148637433181864	0.0648287794917644	0.05855401688459407	0.27672484365487093	-0.05712283371487766	0.23056430514303058	0.10195026352703769
M709_4_fl	-0.005161458068719385	0.5790964038529857	-0.023401888211358975	0.2975926270952295	-0.24468607249335397	0.09757382638704581	-0.30275846571664117	-0.028796645348585732	-0.0910861734091823	0.024399854335313817	-0.1773730445804298	-0.22023622776589993	-0.050680490937492315	-0.13485804503797985	0.005881164722681097	-0.3206571588313786	0.06171891545330896	-0.13357289492413377	0.17259579606852415	-0.22913832721199534	0.07373396652317436	0.05648867326896748	0.29748453942709496	-0.028350853547745115	0.2837332112223941	0.040458767728176435
M709_5_fl	-0.07237772821702412	0.552541779340869	0.0141934007445026	0.39426186256659995	-0.23190545883640112	0.10639761049075182	-0.2770504871272214	0.013083941371169704	-0.08358311659026459	0.03696585139626269	-0.1315618545018511	-0.24732055842917744	-0.042324228293450825	-0.16033147324426164	0.01194855837770599	-0.30774746990695984	0.04744719702804285	-0.11818093115768741	0.14567800184911678	-0.2375430963274134	0.07512833975371551	0.04691618632596899	0.27533925091012834	-0.10848756994387511	0.2690681249030014	0.029443867517753484
M710_1_fl	-0.07950578563274402	0.5212910409116633	0.01834239704156228	0.3874189115720561	-0.27720065384326	0.07983650944801152	-0.27515234368847913	-0.03404112887251686	-0.019232447648858203	0.05429536102074085	-0.17403880024219678	-0.21583358464055297	-0.05360956253149742	-0.13833959813432628	-0.04359024451019993	-0.3091150859292523	0.04514510451981049	-0.1363324939057006	0.17003777084824806	-0.2545726913886798	0.07839084544269732	0.06894011810433362	0.2961133366679851	-0.08206013979978916	0.3143003835769329	0.05851278161401366
M710_2_fl	0.10171055590343082	0.535893668895275	-0.03122718482120817	0.30528647309560886	-0.2395307401801075	0.05872561813046202	-0.29137979671222053	-0.0583343779478151	-0.08135085798498999	0.01495535934531758	-0.17316306900595055	-0.23727817746184893	-0.0934167895502671	-0.1993772630933716	-0.01521826160212848	-0.35685016850516893	0.06307808885096051	-0.1529912590082501	0.15979904988145	-0.19380201418306175	0.04079231279500118	0.07955692492627871	0.3227155644827221	0.057499416688295425	0.2371911279433079	0.14671579911827864
M711_1_fl	-0.011115568554919505	0.5408608387469569	-0.013582875435615753	0.4069087649867204	-0.28928043598386943	0.06351600919203793	-0.2932260861227409	-0.058936742163745524	-0.07793616546739096	0.047988425026633266	-0.1080736449640756	-0.21661003837162598	-0.03880766603747373	-0.13438767837351218	0.012633790075244615	-0.29953580609283764	0.044490087662277245	-0.17180188774198657	0.06727475644867906	-0.23328403897755964	0.0865134274288762	0.06654024841855948	0.3060963784241535	-0.04661865319087054	0.3150140025268554	0.03536055854122945
M712_1_fl	0.13737220641962067	0.4230688975253683	-0.05419781294022973	0.4040545300419143	-0.31543762144702187	0.09334432431269946	-0.3387779942664626	-0.09424023252775493	-0.07498910717834614	0.053258649797892355	-0.12603950222233218	-0.24024866270531992	-0.059808025566642734	-0.1506217842391261	0.014840221747711324	-0.349884211526712	0.046976725539663276	-0.14902594434939223	0.14485374389239034	-0.2296594941974063	0.05835758395797484	0.08562373826968857	0.3325406750099936	-0.007203289238308444	0.2343089070536808	0.16153347883645766
M712_2_fl	-0.04941868683389816	0.5750346466812739	-0.004485501380908884	0.34180681929101664	-0.2734677566189849	0.07825862772673484	-0.29687236472928774	-0.052132285364651726	-0.04897876216049822	0.10264436470891204	-0.18438274771951962	-0.1838499494244905	-0.04589172920658398	-0.0983569138904777	0.016734567116130444	-0.3370470867919545	0.07084476345961985	-0.1399001192285051	0.17667259017615178	-0.23940937860216674	0.07243295477113655	0.03464975928440757	0.28495684034565394	-0.08742242268343871	0.2818558327809888	0.0057239382933380045
M712_3_fl	0.032546403054140985	0.5775245724676468	-0.029534384787589588	0.2980423004380538	-0.26093798297564713	0.06351636179889025	-0.295999683325432	-0.04656169199046459	-0.08009363318695097	0.049967270369259076	-0.13954880831536445	-0.21841185785907455	-0.057554371298427824	-0.15803468729432435	0.005100013442704478	-0.3075401688317644	0.05517480359733423	-0.15915941130348968	0.13408419941456046	-0.23611881279351413	0.07394177628589538	0.06398232038293304	0.29685270289389265	-0.03802413687816895	0.26596896520088564	0.11081794149401847
R701_1_fl	-0.02111754869404188	0.5673046750684306	0.004484274016605273	0.28553567256296153	-0.13858648906913318	0.20234756782627678	-0.3014441436898905	-0.012389067866475492	-0.07367302655370439	0.034111848928336415	-0.09889622904014199	-0.24330860311567648	-0.04286574035795601	-0.20261455506703363	0.02113662131797743	-0.31400521025693223	0.0530228114437821	-0.20676567454068742	0.10067988508598841	-0.24017387682678606	0.10177610521257502	-0.0035020129700465367	0.25535704646535684	-0.05736641744259442	0.1401264338625837	0.19082565370022647
R701_2_fl	0.021666137928638758	0.5492784052055836	-0.004879312059358279	0.2875883756830187	-0.1097017310162476	0.16175495600513817	-0.27510372492891483	-0.05386258287138472	-0.04472695939407839	0.02967141269331034	-0.19922537741675642	-0.21752945211503277	-0.0932578374840392	-0.18681743049758465	-0.020513996020488735	-0.3960031807825532	0.08234505355946296	-0.16759050927857136	0.19288054515486605	-0.21622512647800846	0.06984225834036424	0.034938356246291324	0.28548983941517947	-0.011716794937802009	0.09518510392137136	0.1865135711275941
R701_4_fl	-0.02237128038979977	0.6048623902527511	0.01052556279151506	0.29624193583550623	-0.127810179072047	0.20683700258213358	-0.2652433199254301	-0.08524030871839768	-0.09318641574716292	-0.021911996124036645	-0.10559129136372783	-0.2156669501322425	-0.03998383832963098	-0.17219915280312115	0.0048676583090038195	-0.2839977820375934	0.05048067003254035	-0.1882440289696102	0.094096528788304	-0.23440858851150712	0.08762586278149895	-0.015158146630003026	0.2535230239932656	-0.08295881138028588	0.15306701813167062	0.1918444366364063
R701_6_fl	0.008920069974017779	0.5774942409932439	-0.0034783129677593075	0.31878899819550993	-0.10593854096130373	0.21141365458378986	-0.24794772927832617	-0.10684473221996577	-0.10580003029181342	-0.045059332765591056	-0.12799653789502702	-0.21764686845803544	-0.05599060687721738	-0.17551226984472637	-0.026074707771218394	-0.29942335363068245	0.050775843940325444	-0.15402646764719574	0.1330384227683497	-0.2286588418844936	0.09617096557169862	-0.009159349890262389	0.2786498558849496	-0.08404692398624274	0.10567130790332441	0.21268124655465215
R701_8_fl	0.017443074223860246	0.5497261491642967	0.013387846545878625	0.28390830915117393	-0.14035675722071506	0.1954439961901754	-0.31421553368609745	-0.05061255562061821	-0.13508822669469545	-0.03359473747166476	-0.16163879480061724	-0.2240998116441113	-0.06814507512871511	-0.16687913462754844	0.015384704720194785	-0.3120965397376099	0.08265946686815848	-0.16242711528997666	0.17863793749249676	-0.19540127280335706	0.11475979314575385	-0.02459477683633694	0.2739620024178588	-0.06274342456576192	0.12320956211663808	0.20337091409133873
R702_1_fl	-0.009650492192432344	0.5699618896859486	-0.00789329183534572	0.33788252313283323	-0.1334195641710993	0.2050951282196712	-0.23081261296722314	-0.09895441935533877	-0.07576904897702483	-0.01462088565633344	-0.1163262407197446	-0.23560672982336503	-0.058766431664742644	-0.1735419075807	-0.015152532047859556	-0.30503772147156627	0.04719487640055736	-0.16110619963003242	0.10924071906983941	-0.22430252684221652	0.07006808796231076	-0.002862701114795859	0.2603080379957861	-0.10285494071682572	0.16097849314697812	0.20594849115272137
R702_2_fl	-0.06160316459023287	0.5451612913032178	0.016222850209667426	0.31259637860931144	-0.1313170606359067	0.21517061355195438	-0.2709065803879836	-0.06699506733050198	-0.09260076294411895	0.03190552792014123	-0.16099068822527354	-0.25073202468519634	-0.04976419591371582	-0.12892441776643215	0.00623943751326668	-0.32665723875078356	0.03193164547206813	-0.12605134835213114	0.14450958788789023	-0.2486662299348873	0.13349236868106187	-0.02296717483534426	0.27505768838326616	-0.10016290824206847	0.1597288745500106	0.16632259851272113
R703_2_fl	0.012543231843261358	0.5510746698799199	-0.037769431318450813	0.3136474346295106	-0.13674970250873353	0.25403754552908775	-0.24333221567176389	-0.08473485224706645	-0.1171872030899321	-0.007306720733696212	-0.1422267977371179	-0.22575804257354487	-0.04653847167200386	-0.25945122867945336	-0.011297907914412295	-0.314335753502146	0.06799191463259213	-0.15089127834623486	0.13004893166505943	-0.20311523423644795	0.09605342954527181	0.02154739106480761	0.23973484071950157	-0.05029333850856654	0.18872938150672783	0.15557940772383042
R703_3_fl	0.0195866035994852	0.5531485926450667	-0.02442799656262331	0.2935400324542923	-0.14714849688208584	0.22414815654566664	-0.2812112888470312	-0.08652171057230787	-0.12640444999633169	-0.005110185524640086	-0.1455564076316347	-0.25368007541310594	-0.0742797137765241	-0.16201921231812175	-0.01057542830626805	-0.3413182827074092	0.087646977798791	-0.14948368175827229	0.17875591292520532	-0.18723713019292654	0.09184307144425977	0.022825442467617883	0.23290773861911923	-0.04776952828570477	0.19886347761563875	0.13947758265984575
R704_1_fl	-0.03546463625732731	0.48768178062554973	0.013756854870384763	0.30365061990837466	-0.11485117694396989	0.2169810980777242	-0.32559901101825295	-0.027901648680745177	-0.10798545710268996	-0.005980694323672707	-0.1756965091762756	-0.22779545960926775	-0.06465003864608583	-0.156881648111316	-0.0039705660585024685	-0.3462556825216099	0.07126212953892652	-0.16539933139195248	0.16436167178895994	-0.24707402452742053	0.12176450289807557	-0.004171659133803697	0.3055407424176265	-0.024377145672345748	0.1515314936891308	0.1975237953604857
R706_1_fl	-0.034264792196918886	0.5976021084032813	-0.019204193992490192	0.2471934764125269	-0.14021534800412291	0.1614652499782717	-0.29420149575741694	-0.02725855374551258	-0.10509791091532215	-0.01954610184992058	-0.13942982481945573	-0.22204878662847358	-0.0679281147315286	-0.18463261100372222	-0.029778775250840744	-0.32700034595580024	0.04421558920804837	-0.1623486699039874	0.14791425463552751	-0.2023461954198469	0.08225274612805879	0.028944620130571565	0.29798486382937606	-0.006551317969635009	0.25775300186708494	0.1165271275522481
R706_3_fl	-0.02199997822972545	0.5781091362856242	0.013906402666361083	0.266717132001353	-0.23582194124671624	0.1270834534040149	-0.2893589233685502	0.018068216950604468	-0.0999999774277216	0.03182538972515566	-0.14798435769910712	-0.2213435075722823	-0.05080811581650977	-0.1628891331815865	0.011577764532323266	-0.32644767485518617	0.05442529869492389	-0.16508349690095497	0.16136360934996224	-0.23259300642074215	0.0951794591771435	0.006680975460745774	0.2931111090756498	-0.03642605493075134	0.2164096502919669	0.11629857003400501
R708_5_fl	0.017186759632032964	0.6312408493112552	-0.032812006848668765	0.3451060336822038	-0.1970526959878355	0.12823736740495922	-0.26591921157062304	-0.08217402021282544	-0.09388358839653163	0.0058332228592255795	-0.08551050052740206	-0.1921578093554863	-0.046490669357020196	-0.1539023269669655	0.02113384059135958	-0.2697343334300712	0.050624655281182734	-0.18092630890152295	0.0990992569523827	-0.24549890871887553	0.07443813009974659	-0.015284042632191665	0.2563772093057596	-0.057109096619604276	0.20280882082561785	0.08636937357989877
R708_6_fl	-0.018464869643041892	0.6480105998911351	-0.00607258557324037	0.3261765113386759	-0.2190528964546841	0.100295211318935	-0.26886755080980823	-0.05168194863331639	-0.08160090366232271	0.02035033523590355	-0.13284264230184606	-0.22942790342428	-0.05132130366246891	-0.1607849307511365	0.018469704634146794	-0.2812906278978176	0.05839351980439615	-0.156793758112296	0.1130005722839158	-0.18292286316979553	0.09105695239112511	0.004705410438811139	0.25345852426595705	-0.07148407775612153	0.24384347872787165	0.034848041521303816
R709_1_fl	-0.026369828513946425	0.6188679043353291	0.0011899334574934778	0.3464046321181918	-0.2450744518156201	0.13570634808182616	-0.2836628913061712	-0.05969663505716304	-0.08879920996659536	0.02860771804944814	-0.10556204247174268	-0.19567105535420193	-0.04875008861245369	-0.13673798495850878	0.040439133816317516	-0.2794330912878734	0.05838174747812422	-0.15486638512497683	0.12448385640331458	-0.23522535851328571	0.09202111653385615	-0.004143090666595617	0.24948687532608393	-0.08936288203563815	0.23221584967133993	0.025549880413447648
R709_2_fl	-0.027926898725196228	0.6329899173536057	0.028490624953267398	0.3004503556009759	-0.2434607810392455	0.06019321480697732	-0.2586234041380983	-0.03548198572560578	-0.0870286323219366	0.013891015914670275	-0.18499665395110743	-0.20063655847239362	-0.07640252941618839	-0.14736806063314403	-0.017297006217241725	-0.305705179368527	0.08622039561315448	-0.13456888351765434	0.19441251263695775	-0.2065881267363966	0.10348221376787219	0.020784908007678973	0.2481105737054355	-0.06531873119448717	0.2350195851323266	0.06735811396430019
R710_1_fl	-0.03758231431557313	0.5904958580866174	0.015582095205667685	0.29935048213764254	-0.22534543207818614	0.15155795373172798	-0.2548562230469282	-0.015373823938036477	-0.09435079238423849	-0.002306224239159039	-0.13601498715415716	-0.17794184297532764	-0.05904858170440686	-0.17066585974842216	0.005764895297082434	-0.30736161256779176	0.06393788531424169	-0.1774802046390845	0.14468828536097816	-0.24293239936448333	0.09891156234969303	-0.004784008310638008	0.2726445606873835	-0.06487107686988908	0.20566904646844283	0.12231275869684449
HMAC801_1_fl	-0.15812657830347843	0.6738499335136339	0.051627121750127215	0.3671922957553888	-0.02654266485564362	0.17364112262609874	-0.17360244218894721	-0.10688290342017855	-0.03512656757201294	-0.021428778564539216	-0.11143567662344506	-0.20515892049117146	-0.03722195097071966	-0.14602314377932135	-0.056864563113780506	-0.29215156781334856	0.03638373619349711	-0.17211026326705373	0.06569267628761241	-0.2378988185520419	0.09929709903285341	-0.028873981730769452	0.20541134067390532	-0.1895276972332557	0.14050846969003214	0.18537272295655843
HMAC802_1_fl	-0.026741482706627684	0.6009072783904206	-0.022922640513386855	0.46497539984082914	-0.170359288067721	0.2021272576823316	-0.14533706545543312	-0.12722607051765983	-0.062401998956476294	-0.02269021830619202	-0.055617203859993525	-0.2217064778696242	-0.045608536207387154	-0.21201243394339014	-0.024363324724293426	-0.2658868174419667	0.01798216588067531	-0.18788959949610073	0.04821359763921626	-0.22521287425435318	0.08229515880985269	-8.87292330077203E-4	0.1983622652346647	-0.10958016779312033	0.20649835292690988	0.10508201603890317
HMAC803_1_fl	0.004462704073921728	0.585589580141242	0.005115576433577448	0.33644141022496743	-0.18226377400531033	0.2223499733113369	-0.2445320227335478	-0.08043690700528616	-0.09803263522418172	-0.005725736438505578	-0.06499927097032213	-0.23104349489854034	-0.03361783202927399	-0.1912652446934172	0.020045929264825214	-0.2798592821220071	0.04727079325292016	-0.1788510894561969	0.09565312703311389	-0.24152730705708716	0.08476164357781013	-0.019471945302055142	0.20780958722636564	-0.10769508468604758	0.1583261741001022	0.19149512798159718
HMAC803_4_fl	0.0018876035121379725	0.5450620173547236	4.132664798920105E-4	0.327193384999414	-0.1336429815689268	0.21361525901167774	-0.24798836048031467	-0.04660300429527384	-0.08916637686782343	-4.581497315215323E-4	-0.12155483342039289	-0.2493427995888441	-0.051540489001427894	-0.19074067026049352	0.008499060789715358	-0.301949483131161	0.06205649347007208	-0.19886640450502716	0.1173087770775185	-0.2492748565835636	0.07370805756257579	-3.4052067137578003E-4	0.2572078839378483	-0.07401919805550443	0.12281189850912559	0.2257244254569496
HMAC804_1_fl	-0.025602593965957668	0.5489017434412647	0.014986083953691998	0.326295748581555	-0.15706440163070423	0.18490717867933232	-0.21784843261826123	-0.08081173908945623	-0.1400765049437972	-0.048061247012321714	-0.17036830768914718	-0.18396932565639995	-0.09210476113976887	-0.1741807103421522	-0.03103824132714683	-0.2995890401350371	0.07985013030905368	-0.16060437683862197	0.1568500827313408	-0.21986550022672	0.14687259466913755	-0.04509005486505822	0.26285971292143295	-0.0722751616137901	0.17268463873012602	0.22434248507740412
HMAC805_2_fl	0.024336746643324754	0.5876540407002795	0.012013780688620447	0.4113835900790535	-0.12234263282031543	0.1981313935087352	-0.24561078383726243	-0.1463200326304973	-0.0983735513635101	-0.04594799696071991	-0.09316106130233116	-0.2426721914483293	-0.046545254635474625	-0.17303209188478785	0.0016070693200362397	-0.26585184233058606	0.057163751880633135	-0.16173122379563643	0.10804816028780379	-0.22992981257898243	0.07976473239919943	-0.007486156832491421	0.19921038636946467	-0.08194060492370814	0.12388865636981204	0.15774292909767024
HMAC805_8_fl	0.02244033255581134	0.5684669533987053	0.0074552548957434045	0.4262981357937422	-0.13693779241218526	0.15796595313894418	-0.23104094200065542	-0.10919945661917918	-0.08261498464916815	-0.0023303263956826557	-0.11490137400509544	-0.23284934421363454	-0.04841188236053302	-0.1545938548918297	0.025825713227287904	-0.300320044416106	0.06295536098228403	-0.1792236942799978	0.12094089169661301	-0.22371629310299102	0.0778718936431131	-0.02292423841195474	0.19345093656181564	-0.1303838957926977	0.10296659186496943	0.2028101057926812
HMAC806_2_fl	-0.08160243285357463	0.6321517075852194	0.011271517813060135	0.4791123979496395	-0.13465003657034277	0.18685831188734783	-0.1828158009987768	-0.11508471238731857	-0.046200720833630575	7.752339843483391E-4	-0.06704365768326179	-0.20909811772453005	-0.035170061052971775	-0.169227330745968	-0.002150039464471086	-0.27653759922027155	0.0436088848664772	-0.18593713269489823	0.06557987752799206	-0.22101412813786794	0.06797994059969145	-0.024289948960147342	0.1767252092075787	-0.14631802389975732	0.18446731944223027	0.04860934236420379
HMAC806_5_fl	0.0608413537111334	0.6069195074568338	0.03575707718131643	0.44189108884907424	-0.18038019215794593	0.16236896562045391	-0.2173814665157377	-0.15611454628268662	-0.09929034865529282	-0.026398536635211668	-0.04592516092495667	-0.23416354761566757	-0.026615192051750898	-0.17660537701833792	0.05011697668071581	-0.2609134143950529	0.051121681486892875	-0.2190855873909794	0.0674312324460182	-0.20205751494098095	0.01777833461866784	8.720380579962141E-4	0.16580099890954883	-0.12729567918261556	0.12074470527139014	0.19058260347717432
HMAC806_6_fl	-0.0028223145660012106	0.5760801986547273	0.0068966058832941254	0.4914427695667179	-0.14843811367195395	0.1477081079776055	-0.20871223196781105	-0.12421791975270037	-0.07086330267973669	7.630523153275125E-4	-0.06399561846569217	-0.22091826927278463	-0.0322132448074297	-0.17747019716326673	-0.021594412985088463	-0.2840752266517321	0.051514327164660194	-0.19283242323733774	0.07925269159698578	-0.23198815157365632	0.07414923655454583	-0.009322639311783041	0.20041175312913315	-0.1072062433346628	0.1364146248150936	0.13203694178354528
HMAC807_1_fl	-0.05716962218244678	0.5988403567060392	0.005876651385042182	0.40598046496453866	-0.1320093302723903	0.1887781058586712	-0.21822919467769217	-0.10786459820512738	-0.04287024316792554	-0.01138298943466558	-0.11269893961038303	-0.2086136914026597	-0.05424566276788115	-0.17946622246005098	-0.015405440702811028	-0.29368078473852366	0.04988837857166942	-0.14847523568400997	0.1128853330661646	-0.22684271340957718	0.08675812663676713	-0.020446881322377625	0.1982611318236292	-0.13299893725646567	0.17895881189825802	0.13617312638420898
HMAC807_2_fl	-0.0466269761175644	0.6072221488716217	-0.002001982554875159	0.39795760977228517	-0.14661720597966102	0.1534107398916456	-0.19816455914445943	-0.056727342455498535	-0.08662454927167712	0.012602893901699021	-0.10437116560021419	-0.19087970440462446	-0.05190586989158921	-0.1530614837053582	0.014561822143515084	-0.3169313704303286	0.06426554304802867	-0.22505418888555884	0.10587295103507267	-0.21896178772441222	0.07466677151764084	-0.015895375590125216	0.2080912952737264	-0.1264505918998171	0.16885392554205655	0.13276845265847145
HMAC808_1_fl	0.05253520003294804	0.6119300731444317	-0.010810869015898478	0.3624565086935753	-0.19196432881946215	0.10972339182088246	-0.20784566101212607	-0.10161603518267473	-0.14602795951024994	-0.04751774542149094	-0.13941423914225085	-0.18788598161980177	-0.07899505583769653	-0.14657547355127581	0.004829811038501636	-0.2703415190377488	0.07084973026768694	-0.18095711347509397	0.13307148687741654	-0.2134985616738883	0.13419135365678	-0.045075257200208	0.24547434653882919	-0.07005587285372665	0.13410618492552182	0.17941358635702015
HMAC808_2_fl	0.037170377194039976	0.5975542964847185	1.2897951314058687E-4	0.39581338241913644	-0.17725526503843056	0.20293441248959637	-0.17885967341406603	-0.14020420868951777	-0.09541615724242629	-0.05939061541910877	-0.10189936976983793	-0.1954734527527446	-0.05114093741475786	-0.1554439396963777	0.015326744990613556	-0.27200917520238843	0.05671131380860026	-0.19774052025820316	0.09296578939125047	-0.2275526121481136	0.09032073446758392	-0.061793980563714455	0.19811460094487826	-0.1110715762138155	0.11383286256941162	0.22437798955053212
HMAC808_3_fl	-0.0222065956885774	0.5774073112543913	0.04600799244025465	0.3692404211192416	-0.13041040935173642	0.15882699497190836	-0.26626776462755763	-0.08080743492338187	-0.126654200133363	-0.03796131465126068	-0.1368253944058889	-0.22196931689731567	-0.0699939870294509	-0.1638225360175406	0.014511540508646274	-0.2910436109251603	0.06993563364125624	-0.17027894609147182	0.12512430197062321	-0.2077228380703192	0.12811445540936908	-0.03827774325798012	0.22425717866107642	-0.06630378699368601	0.1444072486053486	0.1727128004825744
L801_1_fl	0.0032931184660786733	0.6258628237194666	-0.008738945650317645	0.43923141473812144	-0.12945254884262347	0.2801257685932034	-0.15285826608927264	-0.14551146762089548	-0.08454105029758555	-0.1141268805219078	-0.04315156926436804	-0.20509468925883204	-0.027207779665050266	-0.19113613776014055	0.007153161397351723	-0.2414212094594613	0.03973725856232936	-0.1927008043083582	0.055968823602229836	-0.20113093142157198	0.06582483802592343	-0.15370743247734941	0.140882103225939	-0.1317622686427567	0.1330908565293665	0.23137181442048146
L801_3_fl	0.01109171438797002	0.6199401625505061	-0.013761756105370448	0.4466804190349148	-0.1352577540646152	0.2891778426390734	-0.127414401083178	-0.162184979798349	-0.07202448250537727	-0.1319643171381449	-0.05272519651272718	-0.21310278627000614	-0.01692315227465245	-0.20393659587469853	-0.0034741625318603156	-0.22993290199599406	0.014368172762743325	-0.20191931790450643	0.0478150255453658	-0.20369652591472243	0.08086991770187969	-0.10696321773996258	0.14060920855640394	-0.14701070859900314	0.1268268661234181	0.2449129270108918
L802_1_fl	0.010199093923976978	0.5952653421760786	-0.008599672001209653	0.400433420065719	-0.10020918267958358	0.23785779481370292	-0.1635849140291239	-0.1422905313228881	-0.09894856378578354	-0.10995336383682167	-0.0877948662807766	-0.21908592229688784	-0.0499787094276848	-0.1919483360260756	-0.013601681262797274	-0.28284111041028376	0.024613065810585918	-0.18932726278342213	0.06350841998822451	-0.2188485456549562	0.10437354603229798	-0.05679594403131248	0.17440360303960584	-0.07765223066174233	0.14561986067226856	0.2551866899688902
L802_3_fl	0.026754962105385006	0.5834004038016977	-0.01551025110453779	0.45424961553422805	-0.15777324802040713	0.2155422545311959	-0.16420648266301643	-0.130942916212859	-0.0795537831938153	-0.09261022493222923	-0.0524856248691105	-0.21530793098526002	-0.03196593153851353	-0.2018203793680083	-0.004268147969960997	-0.25600584186609826	0.028195183443914435	-0.19825687993211372	0.037752209454477687	-0.21034898684500486	0.08126046571146424	-0.06870028725694512	0.18993970038605992	-0.12273244751870682	0.14186094825806161	0.24353362105010462
L803_1_fl	0.028927137329759232	0.5634208589627481	0.014888475572778871	0.4352256097162238	-0.16603142820972058	0.20130484579496774	-0.21092731517897167	-0.09251166494770471	-0.1366538584538833	-0.07983664415421027	-0.10616576648515887	-0.22206669900910497	-0.05449018582760811	-0.18409691598831032	0.028695343820073355	-0.28854854836769056	0.06809315512131978	-0.18576006416951993	0.10667421023688309	-0.19210346988076776	0.10130701387007245	-0.06000037585947235	0.18491312409216348	-0.06926635552117205	0.14077009411229136	0.17423942342401522
L803_2_fl	0.005702410737409416	0.5743286725290357	0.007669326852410098	0.3898310438986613	-0.18173881135374112	0.22474636372744158	-0.2353340789150238	-0.10836198457301291	-0.10581866029483294	-0.06765962110367632	-0.08061962469032086	-0.2125893067761171	-0.03715503109887766	-0.16268163230202448	0.0020035801353115203	-0.2653990545360312	0.056302698578689636	-0.19298779729352541	0.09318516327782361	-0.2086121568661682	0.10488490265994459	-0.06851057507935719	0.20654659290525573	-0.09176354933361809	0.16437153120595135	0.18965959770839272
L803_3_fl	0.056193547403771756	0.568181809125937	0.010688320057742676	0.35442285117050165	-0.1600071663512288	0.25334446150207585	-0.1895167307574326	-0.15919171068620042	-0.13483664230455883	-0.14190756322937934	-0.11060228720381622	-0.23953446365755782	-0.0959447902120931	-0.23140305021039667	-0.06605858018415176	-0.2756049681335572	0.05516067718680408	-0.14599190539762397	0.12615737188622517	-0.16734289562127228	0.13302274576126263	-0.009779926901210802	0.22075597188824422	-0.017579082427983145	0.1549875628292307	0.21238644446666655
L803_4_fl	0.011470807603702983	0.5101915159639957	-0.004402716045337304	0.4188981540414159	-0.20824766131054542	0.17481766308089788	-0.23265374491015076	-0.06485836768547537	-0.16495825535076653	-0.043214117841800674	-0.14549458446849473	-0.18889948799098216	-0.08245908744489124	-0.1643388454238846	0.0053383551735655815	-0.30586617495668383	0.09420368320835802	-0.17829373911703097	0.15136219161993525	-0.19640943691759002	0.1527653450238583	-0.05457369340611892	0.2375614301974305	-0.06269057375811764	0.18551423670333625	0.15523710401137575
L803_5_fl	-0.01054087736018472	0.5857126303880983	0.001177092056587066	0.4628729324117631	-0.21611622368633598	0.1792673351954967	-0.1649012888408485	-0.12278132256054042	-0.10980852904390606	-0.10793595265822413	-0.09600375710130794	-0.18445288113503747	-0.07341002024889483	-0.17572594223785207	-0.024509164362481514	-0.25560154615221664	0.05638028392155192	-0.15948191492512673	0.09331439445775523	-0.1833037007384039	0.1293015857636691	-0.07823481921217404	0.1956899773327306	-0.10524753505777082	0.21942652711166497	0.14491271668198843
L803_6_fl	-0.031083523436596386	0.6251116723864393	0.0033300752152435817	0.3798564746547382	-0.12834993025869348	0.15714115687395783	-0.1867265933524619	-0.059412273610425025	-0.10506127158302947	-0.04521966305982769	-0.12179630982072433	-0.2071301848499478	-0.07080574618943009	-0.1972460551200543	-0.017350791732916163	-0.30975579040056106	0.05401164380690364	-0.1673627848695922	0.12406850293839769	-0.1940431510371892	0.10677921840749349	-0.0421652027293887	0.20749411326921963	-0.07748732666754624	0.16549061273659155	0.13771312842939573
L803_7_fl	0.008843160813793702	0.5280495585949154	-0.015090985938239515	0.4044746850741118	-0.16392271819444015	0.1907008513762649	-0.2067260927698979	-0.04714711590989046	-0.14851022946344136	-0.03886666574389255	-0.13158571954301368	-0.1979203873218701	-0.0752333284454531	-0.16812439588730071	0.01072304157156026	-0.34530141495000105	0.08893214782088318	-0.18870215502407747	0.1372456640622604	-0.2045120318555358	0.13818533205862546	-0.05813655559922352	0.20160266531446053	-0.07309721864211827	0.1555370627129027	0.19858284588861574
L805_1_fl	0.02332207253263152	0.5786899944479659	-0.0015380409467257647	0.42773235705693197	-0.10723224258726073	0.26009806335787045	-0.18596722620058698	-0.12044838648328213	-0.09758424757831456	-0.10120421109621822	-0.05712534361173754	-0.21922058683666948	-0.041762586083502334	-0.2139072378341228	0.011932311327794973	-0.24997665876247213	0.022758054261214935	-0.23166083560983758	0.07429299473217886	-0.20919531183560558	0.09132983989211711	-0.08147632812843984	0.17243521623588995	-0.10559067567652247	0.09513919802630047	0.26615981740040284
L805_2_fl	-0.017239386252138486	0.5954748602502314	0.0037757688072153836	0.4185691863736214	-0.16298811676963457	0.19847324349395737	-0.19543454508944727	-0.09740963102541841	-0.10195959351685252	-0.07098181597743788	-0.06753133998951459	-0.1997838317836627	-0.038735267621599595	-0.18766133304059113	0.013088499097479514	-0.2283212665688745	0.02283713038015528	-0.21237148051269786	0.06387536539955874	-0.2082079988860661	0.1137888043080822	-0.11238407851720383	0.19847132631067943	-0.12838917442189246	0.1680513549360163	0.23299332061603517
L805_3_fl	0.027976484345459796	0.5536745282919632	-0.00239479737741969	0.47386137649663196	-0.16695521202258978	0.22461086504246475	-0.18310129568132366	-0.11672680160275571	-0.11205296776054194	-0.09467279488824108	-0.07876698568453419	-0.20726408867317464	-0.05361839585137604	-0.19104031635157276	0.011794558963247135	-0.2569005936983929	0.059733765012380896	-0.20541326297183332	0.08776819666332501	-0.21356449966430216	0.10166227868455827	-0.08607501761364007	0.16973754615552802	-0.0915933057441984	0.1382168245532861	0.2111039113770497
L806_1_fl	0.03457688562080373	0.5635790656659961	-0.008170072304831723	0.4312351772441748	-0.16810950901374308	0.25867819902579176	-0.1576316058263309	-0.11455063645475125	-0.08337485388180509	-0.05937181396698823	-0.059519152428634245	-0.21779404888287313	-0.029777935553893423	-0.1953880513482461	0.020463315218276497	-0.2644173915413352	0.04975528328062766	-0.21409338148331325	0.07090166947325172	-0.23333704089095128	0.08110552500869543	-0.09295778022492626	0.15898830019742066	-0.15431608362247634	0.09079215021016299	0.29273378647989867
L806_4_fl	0.03448143250279081	0.5738081940301096	-0.007498764203565017	0.4537706748479716	-0.20285659596626043	0.17524422269994774	-0.1574356334576094	-0.1250751445282953	-0.0887461625303564	-0.08359884294165017	-0.07973428589947343	-0.21540185732944808	-0.05172670289226696	-0.19098685115438632	-0.019652532573605053	-0.26458501313395716	0.03766951958346808	-0.17611088268711483	0.06698110665757301	-0.21875812484466023	0.09403149585029602	-0.05758671987182056	0.20027848843569113	-0.08284042396488064	0.17420863449331775	0.21212076887818415
L807_1_fl	0.007339355913173418	0.6004899798358423	0.007569168789615492	0.4406015337269196	-0.1740219914625436	0.17641002011329723	-0.1681960918861982	-0.10150482664209526	-0.11069760558880194	-0.08094265432527127	-0.07714990362059394	-0.2098507301185026	-0.049072928459656384	-0.19074655928211842	-4.2171697882769504E-4	-0.25864024788048484	0.052544118899113215	-0.19849895462507916	0.06683921279608557	-0.20897427633552898	0.10054444167499008	-0.06846398463260583	0.1807665953582136	-0.09388907829939076	0.16395734456543037	0.1940097784650175
L807_2_fl	0.022949111267259036	0.5694209689864124	-0.027782106945753712	0.4022467432467744	-0.1591719072852333	0.21353051442368098	-0.177951901753479	-0.12070783886048402	-0.09954850021505052	-0.09272392060143307	-0.08990332468770654	-0.21740465513289392	-0.05861077835775585	-0.19759300924191847	-0.018290009005331065	-0.2683084311657881	0.03865803107943164	-0.18532934847468766	0.06750822464485409	-0.20285827309758608	0.12032846476392875	-0.03941639542369483	0.21018569412568988	-0.10438162278225219	0.17162900236914697	0.24352526812387051
L808_1_fl	0.00521548104684786	0.5800724047809361	-0.01336326830461814	0.4529178726538948	-0.14449053177181975	0.24675110728361002	-0.15709985756113792	-0.12905382766276624	-0.06436326222897243	-0.07468684114233992	-0.060169206431455194	-0.21040936559504514	-0.04187614817629236	-0.19715618737009658	-0.005894621560816861	-0.2608779649644813	0.043060646439676366	-0.21085791453916145	0.06495701360641275	-0.2284462474245111	0.08165428494318548	-0.07320340692192362	0.16138958704573095	-0.12923145406947284	0.13097988295325932	0.23418182497135853
L808_2_fl	-0.02533633194013203	0.5723354833051849	-0.0132250207449141	0.4675260840951932	-0.09015619162459675	0.17699005114988545	-0.18573083721907638	-0.09864393466856362	-0.10377530867740228	-0.06844730730152182	-0.11063340821946546	-0.19761802046214064	-0.0625630176043459	-0.17654777116949008	-0.021219876008624676	-0.28661951843452643	0.03316000525040699	-0.22189671258764776	0.1109554556090502	-0.20173679967533356	0.11936168745409247	-0.05909356684365475	0.20079407406509975	-0.08105457540905311	0.14836876965990808	0.1748065880016687
L808_4_fl	0.028864916404185148	0.5462039323732933	0.014790514788512725	0.4214733187603423	-0.12769051215933488	0.24950738646175946	-0.23481784092251642	-0.09397303671015253	-0.10376370162632174	-0.0648872634831522	-0.07913572986656298	-0.24253542758774854	-0.029763317406924544	-0.25634384219656087	0.02128212589301228	-0.28225253944595696	0.05310767022272872	-0.19639547085670778	0.08091831378281178	-0.20990557310577584	0.06607510785620012	-0.02220825999717909	0.17815739674732287	-0.049985823432275665	0.1319750562868869	0.20130259922011334
L809_1_fl	0.010125883433396807	0.5293564650098626	0.019029054472500057	0.4654716654873106	-0.12091667215001141	0.24911110099812223	-0.21520014846614033	-0.11510108602695134	-0.09698361356265195	-0.06634313725898305	-0.07762997557255646	-0.23227986982853277	-0.039299076722990406	-0.20612377059206496	0.007888833005242069	-0.2601143434151191	0.05203031297609193	-0.198040767040671	0.08908495096492543	-0.21073842385395675	0.09188470208659633	-0.07784992288704293	0.19570628112825242	-0.1272556698937695	0.08427946840734649	0.24990775930179668
L809_2_fl	-0.009388322671168042	0.5659950932185737	-0.018427653951973037	0.4303532640201304	-0.11211810671295021	0.2463865012471648	-0.18291272839959913	-0.10143121467679031	-0.07851853189486496	-0.05383203222211948	-0.06740484472031359	-0.21561975024172642	-0.03975123375954062	-0.2060348886369419	0.0019993416026942643	-0.26075545562621305	0.039468280197239525	-0.2173814640744152	0.05746363856980848	-0.2328964881505475	0.097126359357117	-0.09044799352504468	0.19002497014437147	-0.1211547052009165	0.12243883223917841	0.25681913386884625
L809_3_fl	0.011940296442873706	0.5759321149881054	0.005448052077421883	0.4181263236219229	-0.1296866775220192	0.2116356577908642	-0.19194559893030005	-0.09229628543997004	-0.10776325631795994	-0.06761721207793528	-0.06722916608287297	-0.23211575078452903	-0.04594554737382511	-0.22216355965836102	0.0031801119869720867	-0.26735104191704556	0.04578323157744615	-0.19959013174434664	0.07314389340568969	-0.2123911548815371	0.08401135072182789	-0.059084620533766584	0.1814068233681055	-0.09790512238334093	0.13765648664664132	0.24482078301993926
L809_5_fl	0.013677371050640375	0.554906927810804	0.0030713147356620993	0.4336198100686669	-0.1351713367316033	0.1964798236068521	-0.1978699620203738	-0.08939136841407898	-0.11974275226668439	-0.06885301681582405	-0.09890333431077711	-0.20182191119500842	-0.060788095528603425	-0.19037387176663986	-0.00553871578426322	-0.2679337193011187	0.06285899861208318	-0.19640386223880932	0.11646561893782889	-0.2216070298416904	0.12337946950857859	-0.08096652553948001	0.20523021229707544	-0.11523877243828445	0.0933312115004364	0.24758351606461138
L809_6_fl	0.003726297644693302	0.552489033582325	-0.005517457351564413	0.45256265976742627	-0.13152572098929285	0.1720554515067243	-0.22520965969405052	-0.08540669664112328	-0.1075329810153688	-0.06228603407562797	-0.08655668635786437	-0.20073131784999731	-0.05002805945596582	-0.18576782786658164	0.010369723119064197	-0.2567117450817415	0.04959245621255842	-0.2179396672919695	0.06458023279429709	-0.22409726504475772	0.11337194880323387	-0.07005228413433591	0.23701835775672647	-0.09055735845597133	0.12771154853353328	0.21644305158563093
L810_2_fl	0.01303653900583468	0.5875670671301529	0.033287410810185485	0.4191103959098296	-0.13724193293253592	0.2136774225436422	-0.21003653704233258	-0.1028838680184411	-0.10301989445754584	-0.07166933913099424	-0.06812182148384244	-0.2362551888271836	-0.05024708544243012	-0.22552939753780216	0.006503800980359797	-0.2773496148942099	0.049516603467661624	-0.1825679055606735	0.08643799531969049	-0.20051288539263715	0.06570188383920121	-0.03535685974627583	0.1856267218502812	-0.0757057835659552	0.12855631608547255	0.18747595709054798
M801_1_fl	0.08437707196340746	0.5837601239841391	0.0012843020866249583	0.24692042046144197	-0.29748687945503427	0.09258184020531393	-0.35282238714835856	-0.04286997227274607	-0.07528177152686504	0.015728227409547223	-0.18393763182337824	-0.2203628059682164	-0.053488733817504755	-0.14196033727765378	0.0349589105161003	-0.38726425408694076	0.10359896184727971	-0.11904203268343098	0.2020007387498052	-0.1469799714181596	0.0606756935210177	0.032660991946447726	0.24054893251269108	-0.015160371986208232	0.23557279257421382	0.10198814168646546
M802_1_fl	-0.015493894011990902	0.5610684287790717	-0.004041064037944325	0.40486096953010964	-0.23187317300657656	0.06134157304579166	-0.279012493159749	-0.04426879934092732	-0.05251764145281746	0.05135476124049386	-0.12039977864446096	-0.21573286303515207	-0.04349431897379248	-0.16098044769683223	0.011030539953511241	-0.29261416471205437	0.04622022321128442	-0.18220884945142285	0.0926497059063721	-0.2376570172689557	0.06128537731297582	0.03999103985888223	0.2949222824308588	-0.07081877015962285	0.24072423447232993	0.08566413921061827
M802_4_fl	0.05070266994464778	0.6209283124548769	-0.009529392467241736	0.34492829667900266	-0.2954601411542558	0.024652655802159893	-0.2744827068135223	-0.10584970843581355	-0.09608639663934951	0.008190895578381516	-0.0851471937936424	-0.22702352921955943	-0.05253783563311851	-0.12929877309671348	-0.011461902622413814	-0.2693892891612758	0.0222090982687361	-0.13273974150707737	0.10596656237748117	-0.2071565691156977	0.06471623561994883	0.04853599264852304	0.29328715006371525	-0.06176938048993351	0.28782385284901446	0.08599083786312642
M803_2_fl	0.01814845503663886	0.5437660440892572	0.027945830828514213	0.42864514580895435	-0.2561249505239903	0.03383331155914855	-0.26008048120352906	-0.10364656487109546	-0.10092751908731402	-0.0027976352341295245	-0.1599449524268838	-0.22002234194592352	-0.06600658507736817	-0.1447056796292879	-0.0070361014056409266	-0.2976033084073094	0.03860494351598153	-0.13239816656125583	0.14181537505352257	-0.2139573962800952	0.0719226229719182	0.05545001755561233	0.2804615817136705	-0.035234002587661746	0.2712217806044799	0.08867057650378649
M803_3_fl	0.05762392248063948	0.6360985906164457	-0.017178282073857	0.33150057405260164	-0.24612606489475428	0.042063261733887976	-0.2572710732356603	-0.12111973091436762	-0.07498039411984785	0.005918487414321695	-0.1268272424731094	-0.21787356091114235	-0.04763569285572395	-0.12578727287907993	-0.012320998216097181	-0.28077526766542793	0.044447651009335856	-0.14810049191773564	0.11911842800409728	-0.2215789843841962	0.060449393899915445	0.05069325193470335	0.27380896965979196	-0.06319043742672721	0.2268913828152695	0.11215158034671573
M803_5_fl	0.030235738142651458	0.5719839999038543	0.00618198279572036	0.319568128296812	-0.28656977365813113	0.07499702098479213	-0.2973571567864363	-0.05316168163654714	-0.0936427372768474	0.043203240693266365	-0.1171575617937683	-0.2637855835649817	-0.04293703913413404	-0.13989564992250866	0.015046833423372367	-0.2993446860111416	0.04055948652103836	-0.14258491526282194	0.14218440176623948	-0.22868409670346046	0.07369653478990087	0.08269027258424494	0.2582041182368843	-0.06514654739102366	0.2715551729735101	0.10016049802951521
M804_1_fl	-0.010407479420748059	0.6103842714493037	-0.007361662988580091	0.2972196086105266	-0.19451865883821687	0.11663626833799724	-0.29052699739239357	-0.028333851956141964	-0.07361402308119758	0.04233019374174865	-0.13747803653496593	-0.24886025596308894	-0.035895870508441986	-0.12991974912912052	0.02031433885491255	-0.30268463984555916	0.05083625663963036	-0.17177463530307638	0.13205918945470174	-0.23157645586449802	0.08422892163474295	0.0019599236365028787	0.2642106675106448	-0.06607578434618243	0.19815335466991324	0.11069510663158814
M804_2_fl	0.009170121663612016	0.5511695746348905	0.005320326014722591	0.42849980894945533	-0.1788932077168552	0.0950465892200873	-0.2777801108915052	-0.04240799384923061	-0.0869741159663571	7.208300254299676E-4	-0.13959954756897636	-0.25528077953887246	-0.05555361856131988	-0.17842455950259725	0.002528754253022708	-0.31020894999679244	0.04180667029010471	-0.13685822009128243	0.15762794360985433	-0.21579103096209157	0.08195688459738312	0.011602344187617464	0.24507520172142905	-0.030633544730310602	0.19531469855488565	0.0825659316536968
M804_3_fl	0.018945492004140238	0.5906215851892904	-0.006586189499419699	0.3683462864885932	-0.2268783285520572	0.07284768345799818	-0.2758102202806196	-0.03872875742971592	-0.09329855803034222	0.021188995756259387	-0.16097266341138391	-0.19939115277640365	-0.005694292580964065	-0.2065772682658118	0.024374494642006216	-0.2481345507192752	0.037416267139666184	-0.2200672988236775	0.16821153778317888	-0.20518090106697134	0.08372504844934027	0.0358825214965965	0.22686405001455867	-0.09541701520163651	0.2097033623218965	0.12460987189475553
M804_4_fl	-0.01831133586948508	0.6342119303902275	0.007005105047012045	0.4104720471943291	-0.20289268035569683	0.07915934366029034	-0.2229068222421605	-0.0789549182163155	-0.06417450032074798	0.008468249756282163	-0.08332374916874355	-0.2019362227564585	-0.03414124958498543	-0.16054556001774223	-0.004693953491652442	-0.2573112218696862	0.03751477040261279	-0.1887732945604525	0.08337936340819886	-0.24354006292585825	0.07851226240471809	-0.011814984051730034	0.22913281655273274	-0.10170639883438301	0.1948999732181972	0.11227109223149707
M805_2_fl	-0.03264701725068707	0.5843800624732979	-0.012553686781472014	0.39980857338788145	-0.24687553197484735	0.07083275550252918	-0.27303074811685574	-0.03284519082101318	-0.07136931241440801	0.05383942285217175	-0.12085774324703077	-0.20339035348894122	-0.039262850865897383	-0.15462186660502686	0.01113882067449537	-0.28826311116872916	0.06033699365493694	-0.1836026548105664	0.11396867352222884	-0.2098490443046797	0.08315934768259736	0.022040322704103006	0.2690377643403162	-0.10117466913468723	0.2589552907766235	0.04284575341366044
R802_1_fl	0.003954329538826476	0.5156670461930737	0.008069839127152138	0.4137093168367515	-0.14795438682320294	0.19990573045319715	-0.23576267569528986	-0.10075986595323713	-0.11380511351516107	-0.03841638913055811	-0.11547885530454789	-0.23383801385861355	-0.06275545493225379	-0.17851787620025525	-0.026056285123174948	-0.3031888264631985	0.047823651808073415	-0.16290075507775448	0.12715957863557373	-0.22057829164205964	0.10281109142341682	-0.014443459972274798	0.25823342666830895	-0.06420484398097481	0.1537608541922781	0.18756622879590412
R803_1_fl	-0.018004042654637495	0.5784389514648988	-6.619027711104106E-4	0.3106216180920617	-0.23449994800918822	0.10869793691973362	-0.3142057956274977	-0.04832169071811954	-0.08364150831267418	0.040455310174766376	-0.13486423305764242	-0.21783376548923172	-0.04548128383617962	-0.12459510221481006	0.014644278014715212	-0.3259101358160191	0.04811917140083181	-0.13545845805452802	0.12018056689056109	-0.22863460788806708	0.08044287316393109	0.03988910047377349	0.3230368036337621	-0.05278970494479418	0.2449350211651286	0.055440548000335974
R803_3_fl	-0.19538721189235228	0.3723432098455994	0.04810803878705756	0.33906118423932396	-0.0971012834458485	0.27757293098025854	-0.36398706846176015	0.030822029587476832	-0.0970095885093639	0.0425280431235162	-0.17261032347859356	-0.23056395806688437	-0.07769151606546044	-0.16679171371643894	-0.03568789981680466	-0.38725706842503044	0.06787716345292111	-0.1537830716805826	0.17129405492708008	-0.23311722212345595	0.1258485383138336	0.030190908062884755	0.35043026504281677	-0.08902319183154023	0.2759168311464741	0.16801792000487292
R803_4_fl	0.030773862252129698	0.5477139271033741	-0.02157146597322318	0.3209996355131543	-0.26458488735953006	0.0999187671575862	-0.31966850812431663	-0.07253848161172433	-0.09557345509365174	0.030050326802108722	-0.11768228295553419	-0.2006121238028563	-0.058712050938648425	-0.14594304162397703	0.023928518071034036	-0.323245154371147	0.041396504559723886	-0.1224979315926346	0.10896282465670432	-0.2120002123719453	0.0927453987756661	0.03943685063747514	0.3341477203471976	-0.0760994963267266	0.24583782178244915	0.11481693448731362
R804_1_fl	0.009537795164176736	0.6249939459259055	-0.008686594852606526	0.34052986135126445	-0.1171303628763755	0.1484604798336702	-0.24487873539137292	-0.0812464610933201	-0.10284815737727912	-0.024856508228974276	-0.15034437668626516	-0.21687494470842075	-0.06800275181826444	-0.15509724873196848	0.004980272795294116	-0.30986934004393396	0.061399875475027246	-0.15319771483381223	0.14803373496228528	-0.2058719887763992	0.1078755577968909	-0.03361485377859011	0.24310817856492842	-0.06600533532225183	0.11695556424356217	0.1326501084068305
R804_3_fl	0.055191917621541714	0.5835119551954732	0.0024928660482646525	0.3976493521709946	-0.17912145245671182	0.12648932939970517	-0.22755827206020068	-0.10332025142029647	-0.0847494558134594	-0.0279923268723155	-0.0862550666732697	-0.2289388750648944	-0.041657992407362024	-0.17838380639945792	-0.014007571934601126	-0.27055957418573146	0.04012222701859727	-0.17548654274582878	0.10526967546068419	-0.24337428559488902	0.0721078764150477	-0.005260246935682696	0.2478108594428609	-0.08467991910854909	0.11035438933860872	0.21034519156147238
R804_4_fl	0.020630778400149583	0.629278437169802	0.0019010251003298284	0.2944378099222775	-0.17956699024055656	0.16959743716850587	-0.2484716809284217	-0.10888182075344256	-0.10697151802918185	-0.01600884196874102	-0.105830703326767	-0.2320991834513889	-0.046114133639116144	-0.15402896380464998	0.011707842060463512	-0.2676890970404352	0.04772359477948296	-0.14687573205345394	0.10471279488396487	-0.21854712072960844	0.10924863495778767	-0.023875326983694226	0.2420326158486801	-0.11649267399245138	0.1489977401331857	0.19118507651727876
R805_1_fl	0.018078023581136998	0.5554543998572641	0.0070612748245738426	0.28391594812391485	-0.1672275108181931	0.1636906333580583	-0.3005970298534111	-0.03748757310383215	-0.09827967417964485	0.01343608839117421	-0.14407328948765397	-0.23744762028796818	-0.05076846445850435	-0.15947438870221967	-0.00445134256182083	-0.318749974398405	0.06435013833573655	-0.15548916527148565	0.1655177723354534	-0.25567727645970095	0.10142237391757884	-0.010962922336673788	0.2799621358066211	-0.03500467645498829	0.12900559255812805	0.19379652728486207
R805_2_fl	-0.02593063546406564	0.5888811257005121	0.020289258597496328	0.3205668994996638	-0.1594731835529726	0.14909079697439406	-0.2610005547441796	-0.061178120519893256	-0.0769208293072888	0.0018004730486308991	-0.138252775579796	-0.22179035777768497	-0.05750394587784305	-0.16962567654890515	-0.005242435564050636	-0.29823867320398306	0.04727615195943793	-0.15950965102608194	0.11975100792977657	-0.24110922563753476	0.10080262668653929	-0.010243131143798608	0.2738533919170237	-0.061856012493986715	0.16235192299992218	0.1632115531286671
R805_3_fl	-0.06634704685756142	0.6215113693722811	0.038560889069556	0.31596155162500267	-0.13056940823254917	0.1764858101714715	-0.25663038131273924	-0.06092138735388143	-0.07579379370657002	-0.01199028681902137	-0.10864107913582251	-0.220111904016195	-0.032034453821430366	-0.15657014148967327	0.003092770248417205	-0.2619038532919487	0.040030229593838965	-0.16993764209365372	0.09244101556622059	-0.2426189656181798	0.1089671809780574	-0.04965771824863318	0.2563209659958813	-0.13985940283876164	0.1306031116147015	0.19961257060119184
R805_4_fl	-0.00888419191708524	0.5926756059688385	-0.008596918261126102	0.2777159015509047	-0.15126171794266977	0.15713456478243054	-0.25403405895429976	-0.03216897779346074	-0.053949880219862724	0.02735614049482476	-0.15466042890221085	-0.2066438678483122	-0.040836300163725414	-0.15261227421385506	-0.01781109677355975	-0.3162321888914575	0.03610840166385323	-0.25156137003706824	0.14860221262278162	-0.24114082383322982	0.09092660420527927	0.011760900253033923	0.3006982982756522	-0.04454662465850262	0.11369907636697374	0.17826301422585367
R805_5_fl	0.006205418155527803	0.6336542092708631	-0.016458620009811784	0.28409371731166094	-0.14500267559795216	0.16662083671671515	-0.2716184132912182	-0.0879265389734881	-0.10711817472801882	-0.026712130157752416	-0.12725177425131512	-0.2032916175467065	-0.0472280787018976	-0.15865737646027533	0.017604545542905345	-0.2756055733404315	0.0457672403497536	-0.17611670104599206	0.1280912815151848	-0.22011868079220864	0.09632695817225838	-0.019392948576852427	0.24591513324628358	-0.07489573526208855	0.17476715959829978	0.15834853885655614
R805_7_fl	0.02390425680024664	0.6286845353106643	-0.006991174029973769	0.29320535071397236	-0.18659693357565443	0.12556010309982288	-0.2494235370270798	-0.06360991036723385	-0.0935740941616173	-0.009449099550194982	-0.13342043754951619	-0.2070423945984129	-0.05886820152761908	-0.16287575180813696	0.005936193517598193	-0.3028889147304249	0.05381783510341838	-0.15900663421528394	0.13528240499106087	-0.22951294229941704	0.09224132396836665	-0.008728797681697532	0.2595336321611458	-0.05632988427656704	0.15815873132962396	0.15199434040291007
R806_1_fl	-0.023705056784861858	0.5310806589059464	-0.0032984492785263844	0.42948349363028543	-0.10428682691704583	0.16306309506940525	-0.2651880379201558	-0.04172191907926967	-0.09057908482451762	-0.021351880896484408	-0.14923287980848454	-0.23212754637411073	-0.0667436762273693	-0.17686944593546297	-0.002143856193382025	-0.3172189384331206	0.059107959821922615	-0.17807256162261206	0.14855092552591323	-0.21317554197587432	0.09443299771162399	-0.023549063193226524	0.2573373693729235	-0.04797697907720121	0.14574861552195997	0.12843662898172498
R806_2_fl	-0.00948283483041358	0.6018222057489807	0.031692236135269045	0.2772277898546241	-0.1988212534386536	0.13040277818194604	-0.2709328154253807	-0.030172925324241543	-0.08887772864541152	-0.005008622652744576	-0.17028498966007843	-0.2126296495314076	-0.06903013279692102	-0.16294287401083243	0.006787411264137476	-0.31816144436532184	0.06265481715546549	-0.13197721692356779	0.17572582793215524	-0.2169770889951222	0.10762519159370526	-0.014753952038576426	0.27386139102345747	-0.07430792250809706	0.14908287969266823	0.15747892256436072
R806_4_fl	0.06082250216899113	0.6234574828849117	-0.01161328390971969	0.30869159987189243	-0.17537162933560868	0.14651651937735335	-0.23979352493342584	-0.06709198952151255	-0.1105009827735484	-0.04129447550254932	-0.1173960566656278	-0.22575650010314308	-0.052028027869845575	-0.1686593207095955	0.018795551065948934	-0.28495052992139774	0.05279034593446462	-0.16719124879938818	0.12059092390830826	-0.2256959835367236	0.09161477961927421	-0.028045466846369636	0.2557871658161732	-0.06385143719868372	0.1063022369746158	0.19387135000520575
R806_5_fl	-0.01831396345092688	0.6073555096497338	0.013599505469279273	0.33736388461976624	-0.0938017741461313	0.2166572327659923	-0.22744333557644755	-0.11093433835484062	-0.09461001276403963	-0.06400300152057241	-0.08850083021745922	-0.21583335654621888	-0.04946315802201819	-0.19452812538769254	-0.023058109932513372	-0.2654266036076331	0.024607542757477827	-0.1755297422088547	0.09371807913923719	-0.23613478011602865	0.09023949258062833	-0.02877986275461318	0.2532408805495869	-0.09012218256972959	0.11978568361332724	0.21991536603069098
R806_7_fl	0.011194141395192064	0.6076012650646745	0.01695124736420212	0.28535712203559005	-0.15111290741889843	0.14917562459847453	-0.2691900282583645	0.004646696629740158	-0.1101479192949873	-0.025341697929073016	-0.14727139110029203	-0.2458331154746689	-0.06727137089985055	-0.18399017869656964	0.021095524988089684	-0.30613263748966235	0.07778184604815151	-0.16329750760488299	0.16678598292363242	-0.1999749782064427	0.11231386387528303	-0.021500403580854453	0.24605398718892169	-0.09229713963068018	0.09281702318891967	0.1915869502843549
R806_8_fl	-0.08162574808334654	0.4876374070174677	-0.007514949769296814	0.4509813773259302	-0.10537807567626684	0.2175335297723448	-0.24280277737188066	-0.04133380154578601	-0.07842080675848113	-0.03540372700554709	-0.1125020023059027	-0.2396347331911329	-0.042261498920579066	-0.1713707151000335	-0.023448619850698037	-0.2830092034956122	0.040231563714821963	-0.17915526883132993	0.08653456104871181	-0.2691677192669422	0.11343693742648489	-0.02615504183843561	0.2644920605453819	-0.10144556980000316	0.18925935600105126	0.19052346595907987
HMAC901_1_fl	-0.029325067230463894	0.5944097823494441	-0.0032622528472360315	0.3378092221650641	-0.10677195099069296	0.1653951767978688	-0.22467242156304085	-0.012376603115517741	-0.07474703209154633	0.0028740860249117763	-0.11935782449167498	-0.20465569957130542	-0.044910260805408705	-0.22213403730548303	-0.015874324050926644	-0.31813116165404953	0.01584147257655754	-0.2543211097885177	0.12819520582582297	-0.20640964956365895	0.08291966072138947	-2.0939947104923508E-4	0.2739873338441556	-0.05277995776857795	0.11797746110306542	0.17052935090087
HMAC901_2_fl	0.009595376258218984	0.6167263334825598	-0.009367503873939892	0.3188802355644616	-0.0815897725255304	0.17455212124119154	-0.23792970941941163	-0.050477052406029316	-0.07695038452164682	4.409807939214326E-4	-0.11061817894575371	-0.27611102296278905	-0.049840660207686606	-0.17705748647377131	0.0023401774909067377	-0.33646596045809757	0.04872066616176321	-0.1411726416862991	0.11618908032520736	-0.24144884145378337	0.0774184592645205	0.01051553363099969	0.22934146621637577	-0.08647833500690735	0.0826909837769762	0.18809613573454292
HMAC901_3_fl	0.007772798409931135	0.585179579044241	-0.008373407130531009	0.3909132459127191	-0.08339768259699278	0.12747654814832488	-0.2194918412112714	-0.07811014694348836	-0.05851604278903018	0.01774950972579395	-0.1648657389425468	-0.2323058959859048	-0.07263940099804664	-0.15838703815580507	-0.01318352517389403	-0.33007491659072774	0.04380949992180455	-0.1704966204146755	0.16713592013599865	-0.2360764840572148	0.05121956666599534	1.457873403688673E-4	0.2799003134063309	-0.07200914774687014	0.07062954030225206	0.15599557972323835
HMAC901_4_fl	-0.020321757692369352	0.6289385729713253	-0.006008986135214632	0.3846215285657921	-0.08010694886397951	0.17382147082687033	-0.22528039836559374	-0.11149224045134316	-0.06396120109426623	-0.04598928423035686	-0.10933153678337706	-0.21824346793410382	-0.039491632429181786	-0.16789568168386892	-0.009382936661481659	-0.2701630783596442	0.0461019996970702	-0.15825609436852592	0.07589945350129884	-0.24741836084417287	0.10217403445265205	-0.039617599312500446	0.2269860325094942	-0.11044698016846635	0.10272387786494935	0.18214121498899527
L901_2_fl	-0.01689528672023083	0.585326950816751	-0.01712225009050851	0.4526366154069962	-0.14647855119502146	0.21090393673534652	-0.1823368604917761	-0.12698258428784792	-0.0728153125050092	-0.055289357518712626	-0.057914793265101655	-0.21747842723488153	-0.040123534217492755	-0.20063050113772352	-0.004171582558026441	-0.24630885909238853	0.009951553972207757	-0.2244697349895879	0.05628172490640812	-0.2140446132950674	0.06842831379309482	-0.024452575768894855	0.19732385719485354	-0.10324872999218479	0.20587272117660296	0.16403788035819686
L901_3_fl	-0.010671617210838535	0.6427518450991926	0.008545452877793028	0.5080691778265569	-0.17167862049459637	0.1509895772579459	-0.16168947145187623	-0.1305318141064162	-0.08601094058164485	-0.06555414431280879	-0.04915357870623185	-0.19260740917840505	-0.03070784023731854	-0.17209000127405988	0.011393758414049788	-0.23814828728118356	0.04636137041550834	-0.18668374913400623	0.06280140285182051	-0.20075838947468713	0.0858720519895019	-0.11947601625686087	0.1267426491762452	-0.145646032307894	0.16819538295758846	0.1496852431426277
L901_4_fl	-0.0024352857101301584	0.6079870113338064	-0.006752474169861897	0.5316320850185611	-0.1444040687590056	0.18052216939094487	-0.15163493211815837	-0.1339257145636523	-0.08499850852858405	-0.07639955467408878	-0.06303401061465039	-0.1942873427384606	-0.02184936137753481	-0.1988353338202752	0.01690227858024026	-0.2518459065111862	0.033427487794902774	-0.20950899790066266	0.04425976939253443	-0.21978241034158097	0.07530493922089984	-0.05344974999937702	0.14731141727134772	-0.11523207576408759	0.15790274901799986	0.1331258205700584
L902_1_fl	-0.014951183133053547	0.6077909782769865	0.007991197509438233	0.4417003900332516	-0.19321492858094666	0.18045317371196806	-0.15956316732903766	-0.10844493941304092	-0.11353923632714909	-0.09268078705128623	-0.05845305114897681	-0.1915288691248063	-0.021981954333936307	-0.14199692822907556	0.010944420181935942	-0.24680634427453774	0.037816624767258805	-0.2119722544557508	0.04813846287772745	-0.2200383267883417	0.09099517941309677	-0.09679758058167628	0.17208748670078342	-0.14654258450283428	0.19373014940285954	0.22686407239914272
L903_1_fl	0.009294972252327088	0.6194887876571508	0.006980218659173691	0.42895169359680935	-0.1557219613787976	0.17864998419516726	-0.17649885854959457	-0.112418521084682	-0.08573206670803113	-0.06441810231215978	-0.05935378688910259	-0.21273443604948497	-0.0383981197503812	-0.20041986884683238	-0.006040370568138418	-0.24939522244366152	0.038640399752477544	-0.20331335400877668	0.06136350593306476	-0.2143895315523924	0.09628518250051524	-0.06893068594897556	0.1765216093955045	-0.11263841626234339	0.13265927535098263	0.21156767306018093
L903_2_fl	0.018496852707090186	0.5947919477588114	0.010025232255928239	0.45966420367174865	-0.15637132194523498	0.1712703065915139	-0.18114617146586948	-0.11659281226709492	-0.09443790996321369	-0.0843775848160003	-0.08068322667267686	-0.20773216332944835	-0.051833271603643	-0.19546722945039735	0.017712211726476787	-0.2797069037967885	0.048402053558647185	-0.18825961928787038	0.06300295121304686	-0.19303125347559538	0.08232685977918504	-0.06147866531343594	0.17024482533451107	-0.09988232293964448	0.15426091507575262	0.20080209665420135
L904_1_fl	-0.0073952209240013	0.5966778428051609	0.010137244979118241	0.4286992313764958	-0.1444175933049678	0.16518011391673523	-0.1834530077908406	-0.0812784174518353	-0.09902145491639693	-0.06716022151234233	-0.05903517062058853	-0.220492142564114	-0.03964638117223637	-0.208084131031308	-0.013494209611088517	-0.25329105286433984	0.03304136444892593	-0.20830610856052537	0.05101234418253166	-0.21699663978319658	0.10165820188749473	-0.06369158748768575	0.20195470597242907	-0.10394708278553018	0.14865917686962066	0.23269019594248525
L904_2_fl	0.024137172901331293	0.6481203583688049	0.025552201694899745	0.4809663654504431	-0.1858956996652819	0.13011352504004076	-0.14610946065487251	-0.12815640650096338	-0.09985376050058782	-0.0950043283499527	-0.046458865355393855	-0.2047009994962553	-0.030802932086064046	-0.18890050131643096	0.009599565308427333	-0.23723787268147717	0.03676378308581624	-0.193112586594423	0.05250101013174033	-0.20424220740848437	0.07792921552329782	-0.07802364870521371	0.13237890541698938	-0.13104669582188422	0.15025886419969806	0.2012249980157967
L904_3_fl	3.3135129176288525E-4	0.6139748073130736	0.011735797453646932	0.4234341488880981	-0.13981469698826948	0.1857531403611398	-0.1609997888705052	-0.12679008194810282	-0.08115813366780304	-0.07056697299773072	-0.06453934595943953	-0.21705732689574267	-0.04129208264910127	-0.2022994301288404	-0.004526576277281893	-0.24977486249368577	0.03869903029865563	-0.19618340828938002	0.05408284847797168	-0.21077749735121096	0.09397884688154923	-0.0917759584901945	0.14531300999662858	-0.14082910902890017	0.14818974001218504	0.2828925510614775
L905_2_fl	0.011812181425449729	0.5759850896321675	-0.009550787442081439	0.4205035703467529	-0.1438620071118854	0.22607273588574994	-0.18890009571404176	-0.09957410715441017	-0.11715570680549146	-0.052663061988362514	-0.09775783625586486	-0.2087179002049152	-0.06247885643300461	-0.17689290719152953	0.028910533721625692	-0.322747299700756	0.05648192099075176	-0.18412441496927795	0.10746822540505145	-0.20390525629259504	0.08652367816342893	-0.030380708604874886	0.18908120269319076	-0.09404865600372919	0.13942754736287077	0.1504929162457798
L905_3_fl	0.014182444105650636	0.5564743900628606	0.0011529798073953226	0.45806117400917634	-0.14800690584674145	0.205482137377951	-0.19640020940553232	-0.1422604942889045	-0.07470741973187554	-0.05308193514670037	-0.10023181633595324	-0.20828338470591645	-0.05662610719623373	-0.19405759914864842	-0.0023932055877537092	-0.2711340528989651	0.03874668972077653	-0.18070489870316153	0.09016928946088695	-0.22978088478113903	0.09581391343842915	-0.030646086978519706	0.2113801420365076	-0.09516079275400464	0.12692020553444325	0.18509242795597136
L906_1_fl	-0.009541435376930099	0.6380384689632438	-0.007052897765192148	0.47720222724419376	-0.16512724419228023	0.13736389934135054	-0.141263252488618	-0.13468619883286895	-0.07011483308133014	-0.06833098866198692	-0.06107836099603889	-0.18891212729375398	-0.0459732584293788	-0.17735880048723382	-0.013518416609994761	-0.24463284590986933	0.03267791557315407	-0.17761683186062216	0.056418312108491436	-0.20585684177055047	0.08868916781357315	-0.09834189847488281	0.1634940171133822	-0.16109606223832293	0.17239028633116169	0.20422799998130306
L907_1_fl	-7.392092818801349E-4	0.5781302215649267	0.0023529918956180715	0.4887533032169609	-0.14253422139853053	0.1579931793085974	-0.1809774174359696	-0.1077215586550824	-0.10132161587709669	-0.06076567786466268	-0.07318360653032224	-0.20690716910394802	-0.04755360827880177	-0.19412345055038074	-0.0025877556290224493	-0.25778030291448817	0.047653433435769076	-0.21350399898076908	0.06118340275120367	-0.2201551903255575	0.10943464909685774	-0.0706272088956535	0.17215355009838781	-0.09096510723456452	0.15611940715378736	0.19767296043462013
L908_1_fl	-0.008091830808604254	0.531121432063632	0.005782519471474096	0.40237455812174233	-0.11777558432729168	0.2661495545871746	-0.22587125070305603	-0.12406530960495268	-0.09378938707029495	-0.026939819738353247	-0.053736001388355256	-0.22365116753695247	-0.03717530144207162	-0.215003742587751	-7.279758101838216E-4	-0.26828785891210566	0.031915157590559	-0.22888911658985434	0.04949763708154073	-0.2426870381543757	0.09044876376037331	-0.03995868576222395	0.21943869217367007	-0.0833333533084623	0.14008456147224144	0.2531705474224826
L908_2_fl	0.04099905380545571	0.5613243642544402	0.01712808694909404	0.40450430321872455	-0.17600320135899855	0.23542470510836033	-0.1922024299625781	-0.12346636312460374	-0.0928736683811762	-0.06481658355457574	-0.05664157934060468	-0.22392025392966905	-0.035733662062717594	-0.20730219983451428	0.01678337495669724	-0.25947467567056953	0.03120617247332458	-0.23779101950710385	0.08596623967539874	-0.2048160599102817	0.07125331986423696	-0.046964215600181616	0.16453216286723252	-0.12632990410682357	0.1255861305146353	0.29362790265679806
L908_3_fl	0.036902791172585256	0.5253062447558144	-0.0032814100365686216	0.38361832399513196	-0.16130988618044317	0.2511321121098544	-0.24870900860472683	-0.08831708493673772	-0.13716448105743434	-0.047465301080502426	-0.09480379739647378	-0.22603042903579695	-0.043539923764049054	-0.19932471894174414	0.040096094459157766	-0.28016655149296604	0.07740087128663582	-0.21866266246101593	0.09996404103972309	-0.22070827170672647	0.08808802629952445	-0.032312607203133045	0.1987512177079982	-0.06998852398165689	0.14760546507407185	0.22291946997947784
L908_4_fl	-0.028901795806453315	0.5783146068524571	0.003310522613752323	0.4739095528048222	-0.16743763921195914	0.16365189625714546	-0.18241750836300638	-0.07959383025627115	-0.09224368487687888	-0.028027400552368176	-0.07623863307142231	-0.19768087109335195	-0.034076847520543435	-0.17161261991248497	0.040714472079693184	-0.24540468201026755	0.06062157836748393	-0.20872392083564342	0.07434622918981393	-0.21554263047921504	0.07940132401097146	-0.1609060866746581	0.13406837132977587	-0.1751067511748133	0.18885361125877298	0.2667227370746486
L908_5_fl	-0.04316632221457404	0.525769621773841	0.013379200758876952	0.3650741422378708	-0.152398761856859	0.23338690172980572	-0.2081579189365614	-0.0820216951416906	-0.09193883189673302	-0.02453486597476276	-0.09018302299829337	-0.21278508814868582	-0.05991943266017427	-0.20303117670960055	-0.02771047349001692	-0.27484034757443754	0.04738254367586535	-0.19641615556286143	0.07491487517422674	-0.23397890291099058	0.10747826604911448	-0.0377902101523766	0.27210019504370914	-0.13230137451961022	0.15821968335142003	0.2734691509534986
L908_6_fl	-0.0010361424565496352	0.5846347307300875	-0.0022016737447861576	0.4989362572003349	-0.21801265972852635	0.11389085067930771	-0.1781451794861912	-0.099876790291801	-0.1172013526623783	-0.07325035056929878	-0.08325586258694191	-0.1869075137823024	-0.06099048246800001	-0.1770828619553975	-0.01648165881268729	-0.23031830057483224	0.05441439132428584	-0.18295428522350854	0.08767185572016394	-0.21077227620566463	0.12342328636031334	-0.06602577485763031	0.20519816490904122	-0.1056802054655297	0.20661731363225588	0.13540652031623446
L909_1_fl	-0.028848839400988244	0.5543949464780528	0.010399650419620238	0.4478639385025088	-0.12488794836230306	0.19805719789144208	-0.1962390207374443	-0.09146350531306205	-0.1038235244355968	-0.0555734430417148	-0.08547119908065884	-0.23002779418670077	-0.05921525009329022	-0.19462828796248768	-0.012525448366835761	-0.28187132425281386	0.058116799438534025	-0.19099614001053816	0.08473816168603626	-0.2135380765870523	0.09981661144209558	-0.04352089984861941	0.18291166528031358	-0.1056927003516579	0.17502834221051705	0.20699608868264316
L909_3_fl	-0.008399637793195663	0.6006516741267228	0.007078804809580244	0.36479890935601045	-0.1584353015918592	0.2286778001704045	-0.1974155957362974	-0.1156800974930695	-0.10610960831277429	-0.06259337501137537	-0.1064861988623649	-0.2110290147324453	-0.061202981454773694	-0.18361347948930318	4.7098775455928915E-4	-0.27190450332561755	0.06597604205098741	-0.18651687035145803	0.08156375060912749	-0.19753242923085418	0.12775349737587313	-0.05914448211698717	0.20013750190794394	-0.09893868905800496	0.15506873924319298	0.19282455715597802
L910_1_fl	-0.009920901059951998	0.6045570085545349	-0.009157429440084394	0.47605427250410753	-0.1805380534943553	0.21155225338682915	-0.13264615797189014	-0.12320036773849671	-0.07687304515649233	-0.0792718866407194	-0.07225084305553336	-0.1812008087591115	-0.01294740066165664	-0.18376910364094173	0.01706212049089501	-0.23797048806811288	0.04357697962075055	-0.20232389268024517	0.0601523893208243	-0.21764880043296167	0.07913544500817402	-0.14752142722140843	0.12272492315520793	-0.17569494362038757	0.17168197324411336	0.2564381843569132
L910_3_fl	0.022465796955614875	0.5239070338854774	0.004039279233783562	0.4532680252669667	-0.16010218121078382	0.27887926030707666	-0.16627964795203515	-0.14191737335495758	-0.08902934069864667	-0.10274913324686152	-0.052648290726674096	-0.22484441666451804	-0.034560838692572246	-0.21118933055209402	-0.003592526772933851	-0.2677389815425982	0.03291361169006363	-0.199907741432326	0.05250795765822169	-0.21456104593909325	0.08817159492785073	-0.07978371296014251	0.15952471438930113	-0.13120468059534343	0.14658987119880987	0.31784209682841263
L910_4_fl	-0.027326487737636185	0.5306888674049395	0.015400853607478449	0.42156058402666513	-0.17244305144743013	0.29999577822317125	-0.15854037298486295	-0.13661101918087531	-0.08437467225664969	-0.08149651003084475	-0.06251122226493845	-0.2232108599468417	-0.0419002207690029	-0.20814351599010883	-0.01712535489284287	-0.24856218821967296	0.03298528019208816	-0.20223830699288056	0.051905986794506045	-0.22734349133256143	0.09624290103974714	-0.07132583413045175	0.18491440092420167	-0.1367955826805911	0.18277195979534222	0.28348207885005305
L910_6_fl	0.057878878955195445	0.5448595586775941	-0.011084241278515754	0.39827976394781955	-0.19966838065731357	0.24538451108039333	-0.1956780138349351	-0.13266253469462327	-0.11051858733646389	-0.07030921844915408	-0.06914617430733616	-0.2200917876990687	-0.043162609089943765	-0.18865164788575473	0.01340145303451679	-0.2702737206638898	0.03465415843011793	-0.1849553962399362	0.08393492266993964	-0.22015140929635776	0.10238612783679259	-0.061598288018754846	0.19816349991780702	-0.10806141826096333	0.138838965660138	0.2682315875026962
L911_1_fl	-0.0430677212904642	0.5973818921740893	0.014775025367744048	0.4259686710928892	-0.19017512455676006	0.1553201958527594	-0.20163289854720734	-0.07353442866612352	-0.09931514165276825	-0.04708361695719312	-0.07506762829776348	-0.2000863074219577	-0.039052582658401266	-0.18561876889611606	3.466780433169711E-5	-0.24601298066742153	0.04242113354978693	-0.20372047383566055	0.06221791726635233	-0.2180484570998108	0.104918163729095	-0.049480279618628914	0.20790335104929997	-0.11407823990826346	0.21604083823675482	0.15899279395143767
L911_2_fl	-0.0422091593679674	0.6164132323378205	0.02679441818403257	0.41464549680814583	-0.12271635090147891	0.19779514757858696	-0.17867227398862454	-0.10186403449394954	-0.08797072097333455	-0.07509443846676	-0.051580338496973716	-0.21072262437378111	-0.04131506536870155	-0.20489340348105045	-0.02011408223651736	-0.25135580421747694	0.025274497819478603	-0.20924009896700174	0.03938435716528059	-0.22959080546633284	0.10358346206142491	-0.07491124192256375	0.18692015932197975	-0.08850086253560753	0.16262109678140152	0.21731943719997107
M901_1_fl	-0.05052504791904014	0.5788054663775418	-0.0012969906492769287	0.3352076974451111	-0.261007881975305	0.020550413827086538	-0.2533310288093196	-0.11900901359574095	-0.031123243780923196	0.07201756598345055	-0.23016492355088541	-0.14717052242653228	-0.07128094369666166	-0.10754358462933987	-0.047087875371005686	-0.27307764297974485	0.04547312035232677	-0.15322536313766125	0.17786009358685745	-0.2461232781121428	0.10687816485695671	0.019036638106811887	0.32811579298209814	-0.0969822750950406	0.2874907639741792	0.1175138982361988
M901_2_fl	-0.08226111660662852	0.570106866423348	0.027971532842114222	0.3261579981881024	-0.18052611137024635	0.12137110133392465	-0.26265686597026827	-0.005999778785941181	-0.04801466652357323	0.023018160134225373	-0.15182345367661423	-0.2383478088831165	-0.056010856604579176	-0.15074183331981547	-0.019012903476225317	-0.3026170663905346	0.042108130995766394	-0.1530400507380738	0.1440468673486677	-0.25491473178846547	0.09151983164382055	0.03624452575170466	0.28810209874159154	-0.11459541934084805	0.20655751265617364	0.14335803741548767
M902_1_fl	0.029148512121161027	0.5613342456576578	-0.01429727588007959	0.4294285440374855	-0.3006688405468269	0.057068218862201175	-0.301099945612323	-0.03755504951719746	-0.07777863532297365	0.04841597806639024	-0.10431216764202388	-0.22054012279434407	-0.03432741538742201	-0.14273155596479592	0.022371065956470607	-0.2916039014061916	0.06556050933452148	-0.1673642705228373	0.13939656998422503	-0.2230708449107582	0.08052877554768258	0.02577355926873151	0.24504457646837022	-0.058338653476246075	0.2504342709792175	0.019183852699905024
L912_2_fl	-0.04736988058596321	0.5992394383529783	0.02085802045781142	0.42759156815089594	-0.13543887729368762	0.2597412387558241	-0.1594879141413979	-0.10123138053334219	-0.08920103682185061	-0.07292330925147618	-0.04378709469222116	-0.21064450830977202	-0.027877560820369837	-0.20390829850490982	0.008640053969918966	-0.24674846276623164	0.03098307791242978	-0.21697547907723091	0.04889990637584257	-0.22798581694399608	0.08399729464188814	-0.10196553770241956	0.15105638196115836	-0.14334135956673036	0.1587276290364419	0.23915190739641018
M904_1_fl	-0.05390213317016593	0.5701051223062429	0.03501757285348722	0.36630616054434034	-0.2504725148597462	0.07431607662418487	-0.26572458041973296	-0.03991976203915021	-0.043922317894902384	0.05475860987710092	-0.15618582052904093	-0.19372296968133493	-0.04478482539101561	-0.13791287762464494	0.011212121385315153	-0.296970324094716	0.06398612508344136	-0.1769196531450393	0.12336243070679258	-0.23538556274523179	0.09220257205673107	0.0080374967725256	0.2690466357817718	-0.1272500912580679	0.2201647343970651	0.13455777446378983
M904_2_fl	0.04960678099996267	0.5898150979457275	-0.004277534443210808	0.32205592294032126	-0.280987770208676	0.039787144019345945	-0.2949739889557174	-0.06403346875941553	-0.0898677731984053	0.041472326461608755	-0.1748468869792952	-0.2252372580674859	-0.05545570909386143	-0.12288814661279389	0.013495558556822697	-0.3074190895468587	0.07075539222642759	-0.15418101623379077	0.17586914501748413	-0.2206415039815091	0.051728135255334845	0.06805448188340833	0.288749934418278	-0.0217790065248597	0.25020471640485553	0.05499451647630286
M904_3_fl	0.03691291420338786	0.5063194326360642	-0.004463467685322076	0.3553326756025033	-0.29815545504591523	0.09122947183650823	-0.30721993424892136	-0.03592229219793505	-0.0672091141611191	0.05417208166999328	-0.20483020351252526	-0.2258821420948719	-0.07476516262314839	-0.15592152893651265	0.04160640974895192	-0.3497814009523806	0.06075376507305591	-0.13249468666556247	0.19789668866967203	-0.20065873598222148	0.06938509506657506	0.05383209397881897	0.29217080528340483	-0.026262866106847322	0.2579176592319041	0.06603789721244402
M904_4_fl	-0.0608349582122604	0.6229880116311697	-0.010247973133326455	0.3418903114431361	-0.24178993267836327	0.046558307171537944	-0.24467579846822787	-0.05973070964776658	-0.04582018625190865	0.0684929709640989	-0.19285574997409313	-0.20553947100621428	-0.0758778727172617	-0.1283784021510289	-0.01634964489473322	-0.2882028837202825	0.05202789425332911	-0.14011438474485924	0.1530297427518074	-0.21551756124842764	0.09601382583923916	0.02951137458994013	0.30033155918387033	-0.0828847113503399	0.28704909430192826	0.010927148069036552
M904_5_fl	0.014168351127236092	0.5287747700213399	0.008157043721367718	0.4231219622996764	-0.2552278988392853	0.07876993284056175	-0.3101447813455639	-0.07790699700713657	-0.11027354206143097	-0.004950932094706506	-0.13403956172395962	-0.23066579558924288	-0.03965461503643161	-0.10804576630124516	0.005591110363880117	-0.29315798673842125	0.05025380529366682	-0.12030133368059559	0.16218073868706595	-0.2186569762460947	0.08142057690336907	0.01538269661363155	0.2705194174481957	-0.07588799933312444	0.2570493554618905	0.08352442521535765
M905_3_fl	0.01651240917073936	0.5727388261431055	-0.010568029741724577	0.2923933173257269	-0.20962220840928528	0.11192364161135804	-0.29282516471505554	-0.05288367831812353	-0.04491878379673932	0.07676189927315329	-0.16450774121374986	-0.25369279028844277	-0.05949607043394364	-0.1764813956842335	-0.013069013769951527	-0.32721370356689194	0.04850442887132866	-0.127571019543219	0.19195415553717662	-0.23804346943408175	0.03067041071291651	0.0730651684258785	0.3001730581029875	-0.04328349666741277	0.20719254968530063	0.09228670072318408
M905_4_fl	-0.07930538703938067	0.587144432182808	0.04496721436623886	0.31797387999970533	-0.24162029236913687	0.07913435819157263	-0.2781406622860168	-0.043339295480506364	-0.05095141345729007	0.04382195873473558	-0.17698208460261053	-0.20328630467127806	-0.04635816922478774	-0.12451522680762496	-0.02546212583367344	-0.3119893844233003	0.05868134296543795	-0.11246780588911913	0.1677703283498113	-0.2682978343963644	0.08441088878804863	0.06856229710073256	0.29288307715462575	-0.10234036068228267	0.2501072831887335	0.06959928614092109
M905_5_fl	-0.013449550219084921	0.5424824142883713	-0.005026382220175617	0.28918790962570956	-0.1465674437260095	0.17232010142019497	-0.3119592537631329	-0.03922443633720119	-0.06723642292767015	0.04394211346783718	-0.1915559736044451	-0.24355773592556218	-0.057077309368295	-0.16389913050989496	0.026407861130411145	-0.3472143704431364	0.06671696449918282	-0.17234700655229268	0.1859528629558692	-0.2338697577981281	0.03186957881405972	0.07397825303554917	0.27663289083719667	-0.036989101069858685	0.20529217759209373	0.1151907467984116
M905_6_fl	0.015320710661796355	0.560489502063143	0.009537468014807884	0.36892129013493724	-0.2503179317985509	0.03636158536272138	-0.26531080127878337	-0.06321200128547043	-0.0471726069993272	0.046436821786418836	-0.1777948412773145	-0.22414195281217272	-0.05525923703275778	-0.14642336072884837	-0.025856359616749924	-0.34845428402805767	0.0466570109583648	-0.13660933570808767	0.18191721627769303	-0.23965899267281066	0.03793956203433162	0.10092260259143719	0.28258646547738553	-0.023684258935786844	0.24775334457910475	0.06905238423257604
M906_1_fl	0.0651781970009204	0.5311583364246515	-0.05495844345385576	0.39762883633701435	-0.26705357656465506	0.03057446630496501	-0.2812158891566059	-0.1302603567631337	-0.051220446070335116	0.028495732095234268	-0.18463091439425508	-0.21242748824064084	-0.055652688945628956	-0.12640349756569463	-0.022185097182135946	-0.3076170544102324	0.04262318239333623	-0.11946992102348819	0.14535681277843443	-0.2434445385126982	0.04423726901379644	0.07132422584399783	0.31409406061302547	-0.00939872750095283	0.3054275339679584	0.08983998701097826
M906_2_fl	0.016617781794000502	0.5804760737593091	-0.013770661097802575	0.36204133185438436	-0.2773889715519915	0.038950641403457276	-0.2805656855599816	-0.03574869045665691	-0.08278488406194502	0.03928635777565062	-0.09179971112666627	-0.23321895333322504	-0.04605724783178579	-0.1687781956825162	-0.01848068158816685	-0.2933243862509064	0.03519011474909582	-0.16031558164476378	0.0888309326686551	-0.24100375033183521	0.0738885339306312	0.048961916589708214	0.30506223659228104	0.0019145835877505818	0.29125824308367615	0.06075865272964359
M906_3_fl	0.028801606562508388	0.5608527518993129	2.728474799914421E-5	0.373481525715213	-0.2638135317861877	0.07881483033724665	-0.30312225260387154	-0.04282114179979428	-0.08314201466240122	0.02414303941757665	-0.14449596135809997	-0.24506156353789288	-0.04664934427600716	-0.16183066330604357	0.01766552914416495	-0.3082749086498612	0.052528118970094614	-0.15299470131899479	0.14800675985621925	-0.19998939549909728	0.06456931285502471	0.0373770361580596	0.26788528652730764	-0.01038339059008845	0.26173920602324885	0.04668658117436281
R901_1_fl	-0.035989303140908445	0.5462676570825693	-0.019268708880778904	0.3089395927327035	-0.08399347785781272	0.2140239458734892	-0.29410127566575645	-0.022883112934280803	-0.11652993940434794	0.004952831552134333	-0.16991022600179084	-0.21374303398799288	-0.0670250504702507	-0.14571545939884062	0.036131895993168094	-0.34616824351852427	0.08260967743295383	-0.17946819011539597	0.16479477438880652	-0.2323160473514579	0.09106401407535637	-6.876040692283102E-4	0.27899846512035975	-0.08475383536180423	0.1332191544110018	0.15155149949662838
R901_3_fl	3.430772923258968E-4	0.5766016146591363	0.0025353196841015405	0.3751187112257393	-0.15494271587122488	0.1344982634312873	-0.2457222350896371	-0.08363911622857213	-0.10034016717100268	-0.00943473295111535	-0.15945557071292915	-0.2105719019846696	-0.07775276220961465	-0.15865220046844014	-0.014852249172484941	-0.31933658272409926	0.07848223598629286	-0.15201176345891398	0.1732134776761959	-0.19856504063348565	0.08560645586605423	0.004181139238206464	0.2543996372753671	-0.0802277984199648	0.15848549644655488	0.12203940831489145
R901_4_fl	-0.006809100100204468	0.5678141059381006	-0.011752707514646757	0.34231495888918667	-0.13468741881897275	0.17455719831652222	-0.27482795121994635	-0.07876704216608439	-0.09066878307182673	0.008326912378270754	-0.16780094491999037	-0.23526993671273844	-0.09779447147647533	-0.19497734667140496	0.019629288962795123	-0.34316473910667256	0.07203467118956963	-0.11842913927756994	0.15802651599466414	-0.16683588045355777	0.08966408976110775	0.012485027061247529	0.2503468988510167	-0.06989275748160187	0.19463991236290895	0.10183863928630243
R901_5_fl	0.02215036744966016	0.5486360511650777	0.010748142836910276	0.35152179090865754	-0.14978972142416103	0.14921113999502592	-0.2693393916217172	-0.07068921381953876	-0.1185706876326073	-0.011748530870348448	-0.18306305098965878	-0.2116029781032012	-0.09926023660279729	-0.17033781444396875	0.01780780311698863	-0.3308780819653819	0.09925051827305512	-0.15744507416462344	0.1739636650918109	-0.18533371447508037	0.11145953525954397	-0.011978815030605666	0.2615057620937411	-0.06536659228069838	0.1231372941492304	0.16601183308468556
R901_6_fl	0.04650068845024474	0.544945996668956	-0.011271340798673875	0.3087098710907076	-0.13312685102449284	0.17296207941665337	-0.28827248491077656	-0.08975412774845873	-0.1077677754003837	-0.0067808734663774555	-0.16728807612219931	-0.23458159298133416	-0.09281694964584578	-0.1676424707081114	-0.015304834260209163	-0.3498081183694217	0.07005335478624235	-0.14402337129624174	0.17657989345002537	-0.1944060021218892	0.09739908280954264	0.01566375929232531	0.3042034204319489	-0.016201636772128034	0.12111187223457784	0.16091648699532027
R902_1_fl	-5.162929570645541E-4	0.5457178045012658	-0.005136068349889049	0.3836542604915143	-0.0847188361425876	0.15219954787072626	-0.26699462958539416	-0.039081205443814604	-0.11289708494628846	-0.04432454585935547	-0.1925090819799231	-0.23423520871992184	-0.08182657796180105	-0.18330169490958773	0.015885531286932437	-0.3278024034534835	0.060654782939573076	-0.14644358810530128	0.1658532187991566	-0.21436128135556223	0.10452763392161048	-0.01412453145152877	0.2681176560724988	-0.021602811680061104	0.12955974890317695	0.1437056581151114
R902_2_fl	-0.05585855280522352	0.6015929668796589	0.013846790710333411	0.31795473375588684	-0.13347660023509525	0.14706359533667407	-0.2887146276833824	-0.009709055019306558	-0.10879541128064836	-0.016293401098629992	-0.1280354357192939	-0.21180753945735142	-0.053527596985261675	-0.165057583911337	-0.022830198501037076	-0.3131686410537139	0.07496044026667892	-0.15884201618546523	0.1709363743061782	-0.19434350956487656	0.13139471017959264	-0.04721343272879342	0.22908509089819856	-0.10068535800017346	0.171015016848961	0.1505092410474281
R903_1_fl	-0.08848927050689306	0.5760923954660461	0.029423682366678115	0.29126760827065407	-0.1503339741956132	0.15684399580094377	-0.2583548311945341	-0.007917297837421216	-0.10285829414437178	-0.003400937337282677	-0.19295242074401128	-0.1894826473300136	-0.07008484966849876	-0.15943671624330114	-0.015415059773791626	-0.33308741952534804	0.0691284403941225	-0.17466847720991766	0.15642763067672924	-0.21823977091237345	0.12995140209541048	-0.02453358415360711	0.29032660755622436	-0.04559316303358953	0.20323093713854917	0.13215601404521254
R903_2_fl	0.039871710056570336	0.5460888184694316	-0.0271322288444452	0.25097596479194967	-0.1604288577775358	0.16901989433365378	-0.29129940965837703	-0.012654960326696961	-0.09969542815450917	-0.007817256383612201	-0.1929049429856321	-0.21121683882057207	-0.08423996665373791	-0.16602859592553945	0.03160317217599255	-0.34910572471648366	0.06532403445331045	-0.17727976633817802	0.18370182751161027	-0.23394079514033256	0.09605193913702459	0.0074171096867054545	0.3066096453762764	-0.01634003911271445	0.13253850536345227	0.20088218948238984
R904_2_fl	6.555671397522264E-4	0.5481741936829009	0.0012405778861221614	0.3547340713371402	-0.11225031483531477	0.17502736538946106	-0.2707719510641918	-0.03962859558849939	-0.11169732723532534	-0.024669751885609468	-0.1500297324492748	-0.24440614186364928	-0.06571276057569768	-0.1803511518180922	0.012909852746152382	-0.32443595028297484	0.057307762510083085	-0.14319675718184532	0.13532166704303364	-0.2464995198480063	0.10379081437969398	-0.00193681711737927	0.27242248333778457	-0.029010231597853563	0.1268133611171826	0.15619928677440822
R904_4_fl	0.028711966232923818	0.5735873551269595	0.003826351688391641	0.4037880790483003	-0.17803117305574262	0.10183676012685419	-0.25481114288791884	-0.05695926200259431	-0.0971316897834702	-0.012038464531517122	-0.1599285349665899	-0.21726293770696514	-0.08076445120790095	-0.17529013436945418	-0.008877253789113082	-0.3001556053714508	0.07366685937353427	-0.16093664315938125	0.17739107065701498	-0.20318866067815783	0.11757539840651403	-0.030219392342695914	0.25027500759235904	-0.034854881562084127	0.12809759173999766	0.11169378742218702
R905_1_fl	0.01367808757319773	0.5925691221562914	-0.003608429814349619	0.38525074702494605	-0.2093102400941106	0.10264297669385411	-0.20210486200014505	-0.07703381338408496	-0.11063666641011198	-0.011170682842036848	-0.11554674193463838	-0.22114870737686604	-0.057582475908113454	-0.13788103588565587	-0.02089826944432939	-0.2867881203386209	0.05397767393675786	-0.17178724385475871	0.12229877336399256	-0.2506718124715406	0.08380088071562145	0.009376858308581182	0.25990831087969496	-0.06801038720656453	0.18602395913653366	0.1346520991764557
R907_1_fl	9.52140133914342E-4	0.5839700586292972	0.027276543512440063	0.2511637448692145	-0.22552825731215098	0.12976714973817816	-0.3309118522615463	-0.02487849918606516	-0.0871878733704542	-5.881516437188806E-4	-0.12632635924936536	-0.2438528388385054	-0.03613555536700985	-0.1397532700878908	-0.021964671867101215	-0.2983828149273164	0.043735177638244346	-0.12619205517328252	0.14583673716207782	-0.23989133052420392	0.12567830705388527	-0.0025577265092125157	0.3189080766206523	-0.045815586762348294	0.16566758730641334	0.15701132041585217
R907_2_fl	0.08264236597154168	0.6029778916839788	-0.015817356046302605	0.35318973438896023	-0.22239794930224369	0.09850266758777358	-0.27357325571087077	-0.1358934767523227	-0.11453895867853178	-0.010674368333628188	-0.08964020453378202	-0.23529646476305424	-0.049599725373204784	-0.13932911119376706	0.008701048260188752	-0.269103459811754	0.033016631695133414	-0.11953748582354878	0.11159317198270957	-0.23983674689139398	0.07531069481057823	0.024385432006135306	0.27935089191812107	-0.06517161743874744	0.17495264500666266	0.13578700534136875
R908_1_fl	-0.03351710984707043	0.5923608799952083	-0.001540690340999927	0.24878112278158768	-0.10133055977329872	0.20420442254693266	-0.315212961563507	-0.014647944164853766	-0.09784191449090635	-0.009763111006011191	-0.1384077899166533	-0.2679192101385403	-0.044488514168481326	-0.17618404037960028	0.008508775883488903	-0.30259081131072696	0.04905884391916093	-0.16589810666986682	0.13945604862913766	-0.22223632660918505	0.06688943136804623	0.007283280308982215	0.28964841298228894	-0.040021393699188605	0.17877802731879427	0.14663123834526243
R908_2_fl	0.008161489935065817	0.5548422834669203	-0.007631756287909696	0.24977847694036442	-0.11905224159915766	0.1936663998160339	-0.3141626707644995	-0.013320421261752577	-0.04490404739606487	0.05446237190022955	-0.16924718908405836	-0.25169460621438394	-0.08014595994147206	-0.18763051219604493	0.027518516925729673	-0.3492397778343985	0.07334565062517487	-0.17215911546011198	0.16101471253376162	-0.2383031432328271	0.079241818740667	0.007875382376445278	0.2971000728923796	-0.04272736174648091	0.08876160342038425	0.19445002344600698
R908_3_fl	-0.010096491892428741	0.6015551417626026	0.00435287693369223	0.2571779244393274	-0.09058389338758782	0.1705065687166929	-0.2574118446436483	-0.05717575967142027	-0.036029572830742956	0.03922569039465905	-0.16550956394462396	-0.25442260741733613	-0.058997535990090874	-0.19077412152703413	-0.018339741208664426	-0.3492198231150539	0.05639489795174514	-0.18874566898745898	0.13783739242465204	-0.25223059503649214	0.049437917827085814	0.05868431178190904	0.26222205457151304	-0.017297398181783545	0.12672350418909906	0.18271633684138838
R908_4_fl	-0.038543340920462105	0.5745338417924214	0.0342266241846786	0.3034832159603571	-0.08922552252243657	0.18281673746914456	-0.27558105267337113	-0.07641087269096339	-0.07705836754099302	-0.019610454334002277	-0.1530842922337379	-0.2574516045563037	-0.07610682099949126	-0.18151481896317426	-0.02249385771666633	-0.3137090318366946	0.06364243054001537	-0.1520761265256774	0.1422061950371347	-0.23082391158428198	0.05996475645428732	0.052093412218426796	0.26888575823109995	-0.05343553459317274	0.16316749015994164	0.17210514764392024
R908_5_fl	-0.047450792334727765	0.6102926705941479	0.012440976852310609	0.23916501420409322	-0.09442144001488267	0.2149852047402681	-0.2961332553902944	-0.03903899275634264	-0.11141594503668387	-0.005892058508713993	-0.1429472099714339	-0.21974212927766332	-0.04783716121359097	-0.14247189776195437	-0.0026052677669215207	-0.31054818351298474	0.07432512357057303	-0.17236220652946088	0.1474417523260067	-0.2463083163479998	0.10478153673483874	-0.027448090330168762	0.281879441562113	-0.06421751603297275	0.12194224068269302	0.16358650151975213
R908_6_fl	-0.05867393103231178	0.5909956987436108	0.01210921616598996	0.26333037462296044	-0.12054449015425703	0.1623489129576541	-0.24581557455238917	-0.027488873444530673	-0.09700466519580687	0.007987250599361815	-0.16191461484437653	-0.25221661448240834	-0.0508214904775927	-0.1422914494449718	-0.0366031203323403	-0.31142270365966424	0.049419560060761966	-0.16761462175357564	0.13289031569679183	-0.25473234546120394	0.09664239415087748	0.02569480300565081	0.3164519322049507	-0.0666697796665269	0.1638644683097022	0.1720793479836438
R908_7_fl	0.020604944751526612	0.6269970362010294	0.005500693996881131	0.3052361569024814	-0.11128312842165496	0.18089512237371977	-0.2355015197922803	-0.10242583324735935	-0.09418778225947116	-0.03589977074802246	-0.10179221496058127	-0.21880737958933935	-0.054243686297058204	-0.17327251102103353	0.0011662854268664133	-0.28711200185318714	0.04454795783856472	-0.20028109068397115	0.09066079663273434	-0.25360729674694366	0.08620487600839336	0.014530154980803312	0.2525163321143162	-0.05503461568323745	0.09580644496176266	0.1987820291150609
R909_1_fl	-0.03360270556367492	0.5944504692629278	-9.581041574274335E-4	0.4240173357918476	-0.15293162372347857	0.15620845076191017	-0.21152459609259422	-0.11724660177925784	-0.06226396369165156	0.011398212771655453	-0.08054978703453372	-0.20880404255184792	-0.046717340277922285	-0.16768316394366567	-0.01224591902089013	-0.3049076832018133	0.040015865402409936	-0.17019209348667289	0.07096359456746534	-0.23006998310737234	0.09070987110402026	0.003263832799864556	0.21833326738413905	-0.12046656504697348	0.18077144110413834	0.1300318317293976
R909_3_fl	0.00449519194978891	0.5448353976152671	-0.01010068557657489	0.3802457664378187	-0.13144414831763376	0.18846332592066747	-0.2629868228129785	-0.03423606577859433	-0.07990221561923072	0.04776659129718196	-0.11041799801804976	-0.23461586368614923	-0.05891857537177755	-0.1633830655987537	0.06744578694122674	-0.37121442043006075	0.060536513894395946	-0.19495157911126168	0.12381197542917838	-0.24519059149570657	0.05673970077386532	0.010953996196532905	0.2155279430495189	-0.07408492073756652	0.12521333367827198	0.14541142937062404
R910_1_fl	-0.037461117474448344	0.580104360441724	0.015898559320444306	0.2364639737433666	-0.06647116963946426	0.18595120252775466	-0.28607885089559726	-0.02043246072615336	-0.11301335691131906	0.0020954454271808007	-0.19704475769356536	-0.22180904161373594	-0.08886072077697364	-0.16844816303988178	-0.00870917123102919	-0.3598673955064383	0.0897008094950307	-0.1667836410644442	0.19185616611937722	-0.23080469636561954	0.0893396551943399	0.0219168374970283	0.29700732007187924	-0.030323552314908946	0.11383663442132469	0.1719371309941273
R910_2_fl	0.030655006581050342	0.5157104954212715	-0.0020686837437762506	0.2858408118688591	-0.10589605637162568	0.22656592599553588	-0.2967983241066759	-0.04289332594326095	-0.12826051389862045	0.006923877895990294	-0.19681291325437317	-0.24111334929229922	-0.07034744489710434	-0.15642913432283095	0.030211035772243863	-0.350532429492989	0.07694529951251647	-0.1662519154808011	0.1986896896011436	-0.2364419761301232	0.11162801966685196	-0.014254361322351706	0.2919891552188666	-0.03468168316457612	0.06006572991950235	0.20755706396757556
R910_3_fl	-0.03616854627575115	0.4789022081196725	0.023094407805244736	0.26886501236483085	-0.1539085074408444	0.20275466793369756	-0.3289299280480302	-0.01629331886919006	-0.12940271857720118	0.0036268698891372027	-0.19891658891439568	-0.22071300993158802	-0.07306457419663448	-0.1491534825066498	-0.030768574209115263	-0.36191985529766046	0.08118904992246631	-0.15236174060262986	0.2261188953539963	-0.22966668935146395	0.1346880269831487	0.0193731192410611	0.31150076694440404	-0.030423326537464393	0.17456829065271243	0.18700954554824856
R911_1_fl	-0.1389827494621731	0.5651160826659177	0.01773956560409614	0.2970298259981091	-0.19046030883602483	0.15547918969910374	-0.2880588808372897	0.049692007620900105	-0.08011430196236413	0.04022360514404312	-0.17662922321482422	-0.23126382393123274	-0.07163546058547897	-0.1414773574785588	0.003967521099978076	-0.3023420184295507	0.06860302688707538	-0.14718156875017277	0.1466775475886831	-0.23989729739529878	0.13418751988212613	-0.020784236483135914	0.3092636969639329	-0.08652091447837523	0.2654420468722633	0.06192650581825143
R911_3_fl	-0.014368602630980637	0.5850045046007598	0.025212475065070825	0.41171943796938015	-0.19301695786749082	0.14340131631139919	-0.24670503629366458	-0.10561158064155646	-0.07970735918163517	-0.03951492121300615	-0.05706888468755243	-0.21991486686363682	-0.03359630478493757	-0.16935976397707309	-0.007461948816586218	-0.23452730661256474	0.03569776019403863	-0.15398294035389407	0.05802451668773469	-0.23262326370292064	0.10714541237726215	-0.04412848096707277	0.23846726513325656	-0.15414131501701686	0.16737766480548555	0.21367918046720316
R911_4_fl	-0.018851372232139285	0.5381572517078634	-9.406628130379097E-4	0.3825762933998439	-0.19459731767789779	0.1617286634766377	-0.28850849863133987	-0.09101638854907536	-0.11932062936880221	0.012908021991845308	-0.16822220713129374	-0.20314613022057865	-0.07183856705569694	-0.13213656061796544	0.030432528486514593	-0.2907681169116005	0.06550955969101199	-0.14356284948123782	0.1657594547282605	-0.21609624382327539	0.10561597080176473	-0.027242152968444372	0.2763008834436559	-0.07293787543761764	0.21866085775900004	0.08153608743360416
R912_1_fl	0.06845524178358914	0.5958481126509165	-0.03045136298627653	0.38264127868122966	-0.2030820754332248	0.1658460430424334	-0.24503637981632728	-0.14376930699068607	-0.1067289084365937	-0.04758578047193605	-0.07011873725880055	-0.23035821101577852	-0.04540233760654257	-0.1795261210040532	0.002250048302934571	-0.24862150030375885	0.02863554276009458	-0.14130081886661233	0.0724064067268192	-0.2082928298509183	0.09976176360341557	-0.029516327390671306	0.25559610429012664	-0.0763235905867227	0.173714694070786	0.16095905210655825
R913_2_fl	0.0046073534484641215	0.5287578492576103	0.008850089879801883	0.25007017280491567	-0.19468641382270202	0.16953277933858232	-0.3185496143518008	-0.018607788672662808	-0.10389224784766601	0.02080701663383603	-0.1956043887572046	-0.2153438697398672	-0.1025011652125081	-0.17799386917265678	0.004906802486384691	-0.35787012197317847	0.11286646047110718	-0.1687614466927505	0.20038361802657878	-0.18772770696512447	0.11003559625602792	0.01977354012157464	0.28624074616087697	-0.02239784835444991	0.18734316326263845	0.15976129341417217
R913_3_fl	0.11168421647287588	0.6164013732917981	0.03217679410047552	0.3335980512473588	-0.25245918134063783	0.185846472074779	-0.08306270065140126	-0.3828791164917332	-0.10091388257801688	0.06102832732054713	-0.1987338210000537	-0.19712043555172745	-0.10976017994235696	-0.14532607128448302	-0.047417449555610974	-0.29581517081448966	0.05202006658895393	-0.15239417762441562	0.1405732390260254	-0.22629591515682226	0.08490266335569692	0.025009724511774474	0.20486939697974832	0.004103166609439178	0.16612083854430013	0.17384377186797356
R913_4_fl	-0.053863504951360955	0.6769195003899351	0.02840065714768163	0.38104188950932916	-0.19764842084796463	0.055387610336558535	-0.23395487189841105	-0.06999527757517253	-0.06637461953808159	0.011208306066473356	-0.0858238711409317	-0.21502103968940367	-0.040663441164335845	-0.16506149785857868	-0.0025968292323188293	-0.24087389367696935	0.04603918890220632	-0.17591269719352415	0.06589109546287496	-0.2150633994195633	0.08536615554589698	0.004274501020838687	0.23044095732100034	-0.1239256314618145	0.2247875043937464	0.07702162955188692
R913_5_fl	0.02899164476364576	0.6694033329535259	-0.019093124557394557	0.337631273186996	-0.255258590683581	0.012286529724602528	-0.2458828177121288	-0.05331575799666852	-0.08366829034989379	0.03786033143566579	-0.0934445428400894	-0.2413826833054673	-0.028043398357840678	-0.11938580243965155	-0.00998713926392391	-0.2648953606716794	0.04015008844875159	-0.16985199023144723	0.10233175612712594	-0.22758006644808404	0.08265592100348756	0.016442642760634733	0.25943061273140966	-0.08104645906786354	0.221817880690433	0.08383401009943715
R913_6_fl	0.09991460340025486	0.46774175386356204	-0.035761151061516644	0.2797099014174199	-0.22517317912458462	0.2117654844334602	-0.31940730318918825	-0.04993384923386249	-0.1338757194871454	0.02878801235276035	-0.1753383889296483	-0.24572951300514254	-0.08010638711959624	-0.15588148086342632	0.050438097476221716	-0.3355698231377998	0.07786426060218721	-0.17272685090063372	0.20461876438374407	-0.22829024305783957	0.10998144415722838	0.015774601832296925	0.29839280522029027	-0.034608143753629646	0.12845215367175536	0.21896015005283648