Id	ProcCoord1_sh	ProcCoord2_sh	ProcCoord3_sh	ProcCoord4_sh	ProcCoord5_sh	ProcCoord6_sh	ProcCoord7_sh	ProcCoord8_sh	ProcCoord9_sh	ProcCoord10_sh	ProcCoord11_sh	ProcCoord12_sh	ProcCoord13_sh	ProcCoord14_sh	ProcCoord15_sh	ProcCoord16_sh	ProcCoord17_sh	ProcCoord18_sh	ProcCoord19_sh	ProcCoord20_sh	ProcCoord21_sh	ProcCoord22_sh	ProcCoord23_sh	ProcCoord24_sh	ProcCoord25_sh	ProcCoord26_sh
HMAC001_1_sh	0.03792684187471926	0.6125527638903646	0.0036342020424417164	0.3695886489253463	-0.20872598863523012	0.11326977558476396	-0.25643934250519934	-0.07662728345726419	-0.09893999852349064	-0.02352393556174048	-0.11366945639615798	-0.22962959860611243	-0.03237476966558255	-0.16038417604715682	0.028224633341600483	-0.2540513211283407	0.06511985648226469	-0.18447723129361626	0.11601983070481521	-0.21553464098734104	0.09301212843995914	-0.017706519212359263	0.21644312773841723	-0.09305264389722262	0.14976893510144298	0.15957616179067896
HMAC001_2_sh	0.048422989879808365	0.6375659766767169	-0.006100390904732245	0.2996954311614752	-0.10704232291366349	0.15789271080326245	-0.22751099677525868	-0.0908832015632037	-0.10296407338068775	-0.040144059734269676	-0.15628574833488695	-0.25529343779446584	-0.07460843378296828	-0.18333093835527633	0.009098705521380247	-0.3214431345796337	0.060978369297586446	-0.15592055071510447	0.1639663717061271	-0.1859423460103661	0.07583566683408541	0.014555553971236894	0.2130880718882669	-0.03901652851299473	0.10312179096494263	0.16226452465262267
HMAC001_3_sh	0.009399851851376671	0.572987734488821	-0.010571208142372859	0.282491627122904	-0.1020957349426784	0.19969936910929156	-0.25348022429606426	-0.03500259390873025	-0.07676470512708299	0.008313051044097904	-0.16745465840291276	-0.2425216765479415	-0.06859574644571481	-0.18160332591615194	-0.002608700195639902	-0.344585229617057	0.06997033682364834	-0.18544835479572402	0.18293038011609872	-0.24294691616023417	0.07470439021730038	0.023730502459798856	0.2584280554016788	-0.05244317634346482	0.08613796314236417	0.19732898906439156
HMAC001_4_sh	0.033915791977839345	0.6158072560773299	0.01724176036389044	0.32575689534545293	-0.1352009597668856	0.14154150465880136	-0.23247064262252956	-0.06058145326175183	-0.10444449663623438	-0.048512189589879705	-0.15045410505264	-0.22161514175584862	-0.0826665072064049	-0.1892748715271483	-0.009833769638565658	-0.34164604480397603	0.0863507842967343	-0.16271449611937794	0.17023527710891373	-0.18337534374178702	0.09623496929699084	-0.002013784373610589	0.21987814746729992	-0.03533181264436923	0.0912137504115917	0.1619594817361641
HMAC002_1_sh	0.017943859808767063	0.572778650042508	0.0051346362321093054	0.3242538069676513	-0.10368672897930568	0.21031916698844375	-0.2574505332776979	-0.10561501374181036	-0.07817260808841453	0.010587758060086088	-0.11427989556485871	-0.2451282677986793	-0.056110685210347795	-0.20438260558447746	0.00418277608227588	-0.2909828526115604	0.04929191168053193	-0.1937777213283784	0.10413770094527242	-0.23556563910663642	0.07879057631598026	-0.009034356113424617	0.2600886416384801	-0.05319574541700598	0.09013034841720742	0.21974281964328374
HMAC002_2_sh	-0.002679134245672267	0.5989768716190524	-0.011708205332578842	0.2977868154607728	-0.07966829816542198	0.21173624803945967	-0.245146677668638	-0.0763122679500654	-0.08659555400602321	-0.017956614770618853	-0.13509774161237742	-0.205107236921429	-0.06059606853115831	-0.17093214108423813	-0.0020271457466829526	-0.31171658795627766	0.05812184699664766	-0.19312591704729212	0.13462704841721707	-0.2508723617291664	0.09103076625832741	-0.02414893541792063	0.2609669829419447	-0.061350069730174955	0.07877218069441656	0.20302219748789804
HMAC002_3_sh	-0.0303412103884058	0.575326511349737	0.010974345217250867	0.31878627838390383	-0.0690837977222644	0.24238944753790898	-0.2520338785773076	-0.07322351219066824	-0.09567656042553914	-0.01639629272738649	-0.12495059492578309	-0.21674667903192943	-0.05650294320946556	-0.1748313715186891	0.01419924666538663	-0.2950351696530542	0.06302377206000781	-0.20237745270444604	0.10982799749774269	-0.23688795204191643	0.10497370427431886	-0.046313248105678335	0.25368053200361745	-0.10568884709978732	0.07190938753044228	0.23099828780200662
HMAC003_1_sh	-0.022825583399110894	0.5992944872669037	-0.0060348675680295324	0.34535217257213585	-0.1405977944814935	0.21267293227912462	-0.20723666196321128	-0.10442141310291794	-0.09029606442734109	-0.032690538158435575	-0.10965326828373843	-0.2133842680885099	-0.05714061366072692	-0.16274110053223803	-0.007007144956357989	-0.27599498990572685	0.049259148192859904	-0.17651790267699052	0.09525239980430304	-0.2228939899163977	0.08428577440297946	-0.03732997877263179	0.2526491754369198	-0.11533518479812938	0.15934550090294725	0.18398977383381268
HMAC003_2_sh	0.044502257477548185	0.6084612151177928	-0.020803186599848898	0.32372535100969907	-0.15155250051345506	0.18931386326970756	-0.25097130295841624	-0.13329029538326193	-0.0901249887100332	-0.02637045868276907	-0.11315936464005863	-0.2367395316784863	-0.05155366972695133	-0.15530979663703048	0.009916655660379112	-0.28340284637897256	0.060979878114818774	-0.1588572202846541	0.11442447941415748	-0.21079390869023104	0.0790951778725898	-0.0107169417253952	0.23667890113618595	-0.08930188903441902	0.13256766347308457	0.18328245909802002
HMAC003_3_sh	0.006852334707666982	0.6376594765429828	0.007277981593251326	0.3658437367768225	-0.1434527923998729	0.21224255257793204	-0.17903179890396434	-0.15623746223411464	-0.07551953496279265	-0.0628577978067736	-0.0732774895168878	-0.2089910620289268	-0.04197312211675576	-0.17702082627247326	-0.002639525848151695	-0.2474329774069051	0.0369093542265892	-0.17642792959505552	0.0699990674464404	-0.21282019906237343	0.07417053753051114	-0.057455061696671444	0.19441761694472817	-0.13573486028101148	0.1262673712992375	0.21923241048656766
HMAC004_1_sh	-0.042476976191060604	0.6721784284892398	0.008356201242356979	0.2649487079423965	-0.03281767329003553	0.20112904119327055	-0.21387153534235426	-0.059444762102313725	-0.07486377106789104	-0.03295056187699038	-0.14653586306980082	-0.20615178628894748	-0.05705863587966243	-0.15208637863014549	-0.0031043614487804502	-0.32531513785095223	0.05666716469520207	-0.18047607674045552	0.12446306656082698	-0.2187676150896496	0.0883171616574102	-0.0529794939405194	0.2417712930743395	-0.09654929275717508	0.05115392905944881	0.1864649276522414
HMAC004_2_sh	0.008709510118865608	0.5995034134776893	-0.01105314093279534	0.27386769007531064	-0.06967525900888556	0.2095434474515972	-0.2792308462465122	-0.055256012261334655	-0.117044025587634	-0.018491521782462966	-0.15676151120276194	-0.22926521308993794	-0.07304198284787548	-0.18224394737099756	0.007809041002206543	-0.3141798019302508	0.08646348384025876	-0.17476732218414784	0.17321276102446598	-0.192582247791804	0.09737906309517777	-0.03348266927299535	0.2598093316863348	-0.07527389305970472	0.0734235750591554	0.19262807773903856
HMAC004_3_sh	-0.010398900726446364	0.5961200501115195	-0.033501502130926036	0.3238901919701247	-0.11101106410165519	0.2261164827172552	-0.2706878007095186	-0.06443761968152331	-0.10831943556962367	-0.006785220909620219	-0.11682026339560499	-0.2136700807488601	-0.046157302265027546	-0.17300932831481752	0.04020531064580905	-0.30265954990570637	0.06081615911579287	-0.18609486396569094	0.11464486941117433	-0.21965086519805488	0.08916289752348788	-0.040465643639355994	0.23155765470233347	-0.07734748846651504	0.16050937750020453	0.13799393603124435
HMAC004_4_sh	0.015678586580764913	0.5376201250051293	0.004641755804050397	0.33321033630729635	-0.09135846814829952	0.24805091838391904	-0.249740921659569	-0.11457647082796424	-0.1427491842481626	-0.07734291033805256	-0.14140921792704858	-0.20482777953760634	-0.0715797103945684	-0.16115075331828324	-4.3396132976892404E-4	-0.3209066190658574	0.07410637020332016	-0.17218622975918638	0.1340481662320465	-0.2159555074848122	0.11053154890732877	-0.02207667487115273	0.2717672419827646	-0.0746868603882168	0.08649779399714173	0.24482842589478557
HMAC004_5_sh	-0.027690690976513402	0.5642072738071247	-0.009230516468284117	0.32483530801163857	-0.07539412428621341	0.2506972322966231	-0.25998261141270856	-0.09231778932947497	-0.09888278753830573	-0.017543321913195235	-0.11571108265913123	-0.2050331367728228	-0.06003774662083604	-0.17404664862009395	0.005134232359989898	-0.2915847220449498	0.058128798012766034	-0.20380405654619377	0.10806578347766779	-0.24064732729253052	0.0982958523018021	-0.042384901158109466	0.26334683678060533	-0.08856837241327561	0.11395805702915919	0.21619046197525918
HMAC006_1_sh	-0.010931838410729249	0.5510194341035702	-0.007539011957155787	0.36924546042113676	-0.09885933422031953	0.2166688216362397	-0.21425748422930477	-0.07841566878020093	-0.10600311443228871	-0.04199138786100666	-0.11536275751631245	-0.22734170060406853	-0.06875656143457544	-0.1990705864299339	-0.02212295601476758	-0.2805731972726883	0.053802757165979556	-0.19154824536867096	0.11668722010388607	-0.22808253298727946	0.12991107308338296	-0.05139439648186726	0.23168547176914753	-0.09443724840246283	0.11174653609305765	0.25592124802723176
HMAC006_2_sh	-0.039990357040042064	0.6197887265635822	0.0013752821481720738	0.36722627493713844	-0.057416982229088906	0.24203813541958413	-0.17169228153511987	-0.0994571146517008	-0.08298897691048247	-0.059656178287545575	-0.09623719360021395	-0.20081379347392142	-0.057842124722825135	-0.1808832860576251	-0.018089361910946664	-0.28223275610128085	0.05993643897434536	-0.18501602856259267	0.09784755785766835	-0.20901430445481362	0.10464958767237621	-0.10751919449914972	0.18650397038927677	-0.1544407755725397	0.07394444090688045	0.2499802947408643
HMAC006_3_sh	0.04503493802406869	0.5968771602484387	4.6138673809554415E-4	0.3512055872155246	-0.09089200194890619	0.23038852245125757	-0.1808331167423467	-0.12561571020881693	-0.1087984283116296	-0.08898606091159592	-0.11452495319513249	-0.2435193943872846	-0.07398580003038217	-0.22133176276403765	-0.016470373393465285	-0.29076590678134173	0.049058150227572525	-0.19420094074096647	0.11869400374848621	-0.16133295646811693	0.08276101960907463	-0.014436262912060512	0.22044924562806043	-0.07863063325796076	0.0690459296465045	0.2403483585169614
HMAC006_4_sh	-0.02067339460912919	0.5586516847575459	7.105779349508255E-4	0.3416205751972621	-0.10439946211229566	0.23357896405957268	-0.23208742851877567	-0.05679827177278284	-0.09810765712313872	-0.006353559269707081	-0.11121274536028858	-0.23158182166602223	-0.06690179514080534	-0.206569227115889	0.005372586518626578	-0.2919767179831936	0.03506376333606166	-0.24636665854187234	0.1259124450627264	-0.2096657216563459	0.1063632948584734	-0.014917428402145955	0.239384215034062	-0.07877782514083123	0.1205756001195323	0.20915600753440944
HMAC007_1_sh	-0.006837885413467942	0.5240402154090568	-0.007546205779900561	0.4059432973492105	-0.10394379171048426	0.2698086014197036	-0.2104295134432124	-0.10517013830144142	-0.13363048923370358	-0.07165222238357216	-0.1106074739014758	-0.22276426879218036	-0.06915571956611885	-0.19209296330579922	-0.005704515243649452	-0.28568991541019595	0.06348426763071938	-0.18124285093363807	0.12049595822619227	-0.20927455702768763	0.11208838872421664	-0.05687221231651874	0.22299727576266196	-0.10420646966457736	0.12878970394822276	0.22917348395763998
HMAC007_2_sh	0.00781502635341439	0.5547516694180811	0.008012510348131285	0.42220032451180756	-0.12889066182231454	0.24768605098642626	-0.18461204037814583	-0.13427590286107363	-0.11442945289468257	-0.09639843637953076	-0.09003611107451408	-0.20679466282250075	-0.06018253097517952	-0.1907635869000847	0.0034783249387395215	-0.2720834161824529	0.0492567856987438	-0.17848024664072884	0.09854320522023546	-0.20085046277661453	0.09739514097587701	-0.06978590113855393	0.19273713423642697	-0.12965333640146348	0.12091266937326876	0.2544479071866898
HMAC007_3_sh	0.0058426343804855105	0.5854150143564876	-0.0019549709034192356	0.39155324769464284	-0.1274301572016677	0.21415618985566756	-0.22406412596165468	-0.10574011444750042	-0.11332809137529137	-0.05135927178390881	-0.11547485689257961	-0.19241349684513195	-0.04677792763524357	-0.1530727825360765	0.045657186313096954	-0.28878370644122625	0.07773008369047914	-0.2043162340115873	0.10528379910234685	-0.22284985412821035	0.0951956631697187	-0.059051481207713	0.17915743398713876	-0.10873746354155114	0.12016332932658949	0.19519995303610768
HMAC007_6_sh	0.01920191495527833	0.6095199113995311	9.38317943116121E-5	0.40141588088095326	-0.09181446685275195	0.2268158803617	-0.1808845363920321	-0.13300388999040397	-0.10287531024190666	-0.0845280631837359	-0.09587291921934406	-0.20701578203101265	-0.045797262841973094	-0.16142551036936467	0.024525422713488138	-0.30525812485166465	0.05467234377476893	-0.19353153890615915	0.08877207223433127	-0.22102730979512542	0.07616955080385916	-0.059260513874118015	0.1583201236665734	-0.07951502899358992	0.09548923560539674	0.20681408935298984
HMAC007_7_sh	-0.004918808299995421	0.5578921039229354	-0.011524061402715759	0.4305097884014937	-0.13965803384081088	0.2925286181001174	-0.17034430754929272	-0.11982568566091609	-0.09197376904319764	-0.07744606840798345	-0.05638140249339464	-0.22422723030072159	-0.03626146868938724	-0.20718133131125682	-0.0035107037193563215	-0.24674837118877643	0.04167614287897364	-0.20187892102448213	0.06454396339172301	-0.21689146736189382	0.0883312737224868	-0.085861974056456	0.1858735373600547	-0.1329799508919543	0.13414763768491253	0.23211048977989385
HMAC008_1_sh	-0.058269311103736066	0.576969936795224	0.002928702474615595	0.28517684373788793	-0.07115633826120253	0.20513833545854873	-0.2793065004305644	-0.03300127743503152	-0.08315880831199203	0.009324565988854559	-0.19759602960003445	-0.20166671166588737	-0.06695687919095092	-0.13938919884678916	-0.008093850328022012	-0.35166173923311017	0.08837282139998306	-0.18564963296951242	0.16405031002427206	-0.2210486489254088	0.1546040163530847	-0.06299022040239695	0.25335923353429973	-0.06834556914456429	0.10122263344024685	0.18714331664218495
HMAC009_1_sh	0.0397523459988937	0.6331199701345853	-0.011556101711322913	0.25078835218271694	-0.08933827441969325	0.17387697537414143	-0.24727944950289235	-0.06231221908660192	-0.08020825283378039	-0.010634987704968553	-0.16037851560150057	-0.22727843012824558	-0.0715917791178089	-0.17529133986059392	0.0066610458617887384	-0.36746882093997224	0.06735353504107473	-0.17131376643983684	0.16458390687075286	-0.21666820448559093	0.047015252721321635	0.016656619719370103	0.2651864847338844	-0.010582080690580772	0.06979980195928268	0.16710793192557793
HMAC009_2_sh	0.019428632997463197	0.623355331579853	-0.005323381529986654	0.3054527273417612	-0.07220389260962742	0.17023792118813472	-0.229871375320113	-0.07221936526657081	-0.09404016124927553	-0.029938174337066366	-0.13491197083847445	-0.2262999680828077	-0.07415914851056635	-0.18757760096143855	-0.015560405862739645	-0.3285404281876163	0.058984187135252115	-0.17026283359050146	0.14771849392355846	-0.21236408648419128	0.08865456951818437	-0.013504298628031618	0.24944417378001527	-0.04806293348649095	0.06184027856631102	0.189723708914962
HMAC009_3_sh	0.004061606460400172	0.6035555320689359	-0.009124562288811693	0.2580961419752469	-0.07144193470720359	0.21613346629665606	-0.2597397195106658	-0.08047847179986475	-0.09187881215621077	-0.008527404721166847	-0.16795988074550838	-0.23420924226098064	-0.07340683763407106	-0.1722840555446779	-0.0044400324127836475	-0.3400176206420375	0.07315884330613485	-0.16437672992349647	0.17260405534017453	-0.21535594461267762	0.09061564389875815	-0.010380339636000784	0.23878989900362302	-0.049407082248197176	0.09876173144616596	0.19725175104826137
HMAC009_5_sh	-0.0028077991562816124	0.612958523054514	0.002009751645016232	0.2901965122503089	-0.09507828218511612	0.20843916330782325	-0.2777856044192171	-0.030664191816781254	-0.07988737145837985	0.021189914238750836	-0.05243956862976782	-0.2643303961246265	-0.03702615740907153	-0.24726230935740065	-0.0076676542709504455	-0.28920525996299873	0.04225829802930606	-0.19069975382907015	0.0905710149558226	-0.22532114567147188	0.07149274972727036	-0.015005315619946467	0.24962781129032421	-0.05949011462076957	0.09673281188104575	0.18919437415167042
HMAC009_6_sh	-0.00678418917001157	0.5988015377869682	0.008596216545671366	0.31532537888796197	-0.06948945394161113	0.19264412569508124	-0.2790857104601768	-0.05356830920460215	-0.0895454481343744	-0.00726331566438086	-0.0937234184671935	-0.24972222331389562	-0.04384461310005672	-0.197300442163528	0.015716174348794996	-0.2927731660826888	0.043834104714697814	-0.174092933793749	0.08967992077273719	-0.22950629737672731	0.07224071432321189	0.006801447130294458	0.29284799620125124	-0.10598971770262951	0.059557706367061494	0.19664391580189566
HMAC009_7_sh	-0.06241429847031614	0.5647483205496636	0.00184266313290753	0.3164999912922609	-0.06851681725369455	0.20633651191630206	-0.17873266966510723	0.01880568313555437	-0.08139700654809899	0.015775534580350813	-0.20059570998243023	-0.21347325985608542	-0.08922028446974037	-0.18620351581564745	0.009531358146674634	-0.3781047199258023	0.0631609534373243	-0.18118156194080598	0.1645524667053974	-0.27566049199703585	0.11144282775883739	-0.02851177112338102	0.2468110192623253	-0.061796019289796625	0.08353549794592559	0.20276529847442296
HMAC010_1_sh	0.03585639778591386	0.61413543072746	0.01697876393989578	0.39955426965965296	-0.18632663625119145	0.15685928467547922	-0.22138449510622082	-0.10294013841381856	-0.09494183354793476	-0.05068621250915999	-0.06548945991670195	-0.23067977573273057	-0.03671858267442585	-0.20053593877988865	0.011211074670494505	-0.24029167599933127	0.06032665569221489	-0.18926290310916957	0.08455973258790307	-0.20614268401365762	0.09679764117574045	-0.05310877141912192	0.1713237349063123	-0.09898566350543246	0.1278070067380001	0.2020847784197189
HMAC010_2_sh	-0.02721161363157828	0.6066005871423015	0.025855983541437533	0.3721499876023749	-0.09158038212898925	0.2232204610959809	-0.19470674482571734	-0.11478237823837907	-0.0974714167319377	-0.0654453795162418	-0.08884850954767771	-0.22129041210368552	-0.05547758947607648	-0.19650255445357054	1.0037081191751479E-4	-0.24905845633422413	0.04627878192411826	-0.1906167815643687	0.07999145340854763	-0.22179466066174386	0.0972610100845037	-0.0698521599082836	0.1889837629246905	-0.11737395227611155	0.11682489364676178	0.24474569921595155
HMAC010_3_sh	-0.005316253261313443	0.6504304064221972	-0.008803961073958033	0.34376548866051093	-0.09942663271379418	0.1890617870339777	-0.17787034980742775	-0.07831042182815653	-0.1457812385916854	-0.06959918818613198	-0.11565684063711704	-0.19097898809002473	-0.06316774292636453	-0.1642263816041807	0.01972337300517271	-0.2668057922239391	0.07321766455310727	-0.18621675468201734	0.11659925247972235	-0.21513762982061418	0.12227087193885454	-0.09279716263813895	0.18648867231171307	-0.1131950118742492	0.09772318472309013	0.19400964883076793
HMAC010_4_sh	-0.013846608540770834	0.6436893727092751	2.338158856440009E-4	0.3901462874213624	-0.0968340056382603	0.22564701067995366	-0.16541374549891658	-0.11976483749142265	-0.08545018341533124	-0.08444957441689403	-0.08217737545699827	-0.1952548785743031	-0.05262512321072812	-0.184594452052033	0.004611840629419689	-0.2556652602324127	0.05319076427717677	-0.18904343585058206	0.08922708548556196	-0.206820477964211	0.08099920635653572	-0.09127683198587423	0.16322615090718384	-0.1359068419249307	0.10485817821948373	0.20329391968207278
HS001_1_sh	0.0018450795977574055	0.5846678123466954	-0.0038281023710089214	0.33106084425335125	-0.15442601980793488	0.15987377380978057	-0.2580964888151041	-0.0647893144160186	-0.11420275398232432	-0.0022408654247487933	-0.13090161302411313	-0.24542820110826455	-0.05825413427032003	-0.16445383664029353	0.007250984260514761	-0.28061084216662396	0.06586614208431878	-0.16838500902572234	0.12797053917229118	-0.23541857326880114	0.10888390145618959	0.0029922395888953932	0.25400231594190836	-0.08187044528313389	0.1538901497578244	0.16460241733488506
HS001_2_sh	-0.036550085038909545	0.6455454982650073	-0.015886329882589048	0.4079477126806609	-0.15327238596238113	0.15958460359510834	-0.199382829547709	-0.10591495913380958	-0.07225756338362593	-0.01695911785650199	-0.09739500997421069	-0.19896079052553517	-0.04186616913708015	-0.15116153039251837	0.023951950174134543	-0.24311592094933054	0.04828979052253407	-0.19264724509230172	0.07013112794254077	-0.2321069417716802	0.09259285542882568	-0.04340393095353154	0.1892707564606305	-0.13249494618466276	0.1923738923978393	0.10368756831909454
HS001_4_sh	0.055941460178090256	0.6082500388258848	-0.007583430089502633	0.3222221774476452	-0.19857497027190818	0.1139422421850453	-0.21546951601010927	-0.07245990908380165	-0.11196209002932812	-0.019051482358013606	-0.13204453116801662	-0.2287833810176396	-0.07387409186619406	-0.18314439850324174	-0.007023961556001431	-0.3000251745405083	0.06594067205777347	-0.16027667273374988	0.15194115038782696	-0.23090532447608736	0.10583364123673683	0.008853624637880695	0.23094983264953425	-0.04606920102009647	0.13592583448109888	0.1874474606366825
HS001_5_sh	-0.05562318912883941	0.6459529141774212	0.020131959061582418	0.338489873089496	-0.18682161613597686	0.11490074700686329	-0.23531724464271023	-0.06116891075244082	-0.0874933911525219	-0.015541741227288266	-0.14116484915424324	-0.1848580011726604	-0.058499141171592564	-0.13585998129316226	0.009658260347110283	-0.2672165772205159	0.05629823556322797	-0.14722814001229903	0.12332679552619749	-0.23513111199789272	0.10810217686427284	-0.030873428191573654	0.2501144993232633	-0.12499924585461333	0.19728750470023015	0.10353360344866584
L001_1_sh	0.020513756197584755	0.6276115051586392	0.00534465529530832	0.2978292083197868	-0.12746777518101307	0.19691107376021366	-0.22326449702033027	-0.050588321306101684	-0.12530745888000902	-0.05679458557684016	-0.13656739895349637	-0.1931336382857373	-0.07656405295377856	-0.18478984517634311	0.03501546061417517	-0.30904355451500015	0.09453835525626841	-0.19040665943369325	0.144752144723342	-0.20462247876925513	0.10647195425979207	-0.06581438302369728	0.199318120082371	-0.06586240969703802	0.08321673655978518	0.19870408854506702
L001_3_sh	-0.005785559836742733	0.5908098073804867	-4.16056618149252E-4	0.3375753055318474	-0.09934363011085642	0.2020098992762928	-0.2069364740366475	-0.07657074813781746	-0.12438898409646293	-0.05094838199244517	-0.1378945317707579	-0.22324284216646545	-0.08512120491740088	-0.19601375473658814	-0.03330086208207146	-0.28450120149521535	0.08190575323397328	-0.19422962540681102	0.13854871310245265	-0.2081955540915825	0.142767796332579	-0.04912209963910829	0.21998653635684653	-0.0524115100000717	0.10997850444323742	0.20484070547747824
L001_4_sh	0.0012593840668932432	0.5364970298868458	-0.0027140501259725197	0.3856114648673503	-0.13167149068201184	0.23241780604682122	-0.2174111622893264	-0.10904724837918557	-0.12771841545517304	-0.08006252540914116	-0.09520510916592757	-0.21826006373325585	-0.07319069723896174	-0.20220517814632213	-0.01899509161380215	-0.2510435115891718	0.05456476656366874	-0.1916804079689156	0.09108930863667632	-0.2162559995936259	0.1295601448877372	-0.060562186600560695	0.24312512610978548	-0.0875261534061195	0.14730728630641327	0.2621169740252809
L002_1_sh	-1.0541403442191483E-4	0.6032197396515621	-0.0030166572522038818	0.39141492776129083	-0.12729625812282078	0.2229565539079137	-0.18559823775095646	-0.09722498534861809	-0.08467118438177199	-0.06366637918769523	-0.0693158325533282	-0.21418779040847868	-0.04219767849761187	-0.19905305762446335	-0.00348175924565218	-0.25190272509702777	0.03942665215445863	-0.2161321024651737	0.058187916682466714	-0.22939268011047392	0.09781023713284981	-0.05767366367187947	0.21803057796806044	-0.09534790560920521	0.10222763790093127	0.2069900682022499
L002_2_sh	-0.04714867479758229	0.5668578464589612	0.0033211322644154696	0.40977094709793405	-0.08288409319798429	0.2574195330659311	-0.21006626599651615	-0.10029601031539151	-0.10707587961782303	-0.06922349850697425	-0.08227275203184362	-0.22082966633820306	-0.052697812721106234	-0.20091638733136946	-0.004630178792563389	-0.25733212046441867	0.04434392251951233	-0.2031443802276544	0.07311880815504121	-0.2223521606472078	0.10549830787180131	-0.06207272504272736	0.19857522709811926	-0.09827257713750415	0.16191825924652947	0.20039119938862396
L003_2_sh	2.6105610724401485E-4	0.6221438478994664	-0.014802852140503968	0.4070679589681072	-0.11899490550569365	0.25373791873594254	-0.16156532699039797	-0.14324793966058574	-0.07569857802949295	-0.10810730025914501	-0.03890623397665592	-0.2124548741995534	-0.032685376939662815	-0.20393000243785248	-0.023017023298704687	-0.22237906296967289	0.0052077340489996675	-0.20273151073313259	0.05171015254882956	-0.20689592632759451	0.08420837257317063	-0.06612436070044533	0.2007493603998089	-0.13307290660158919	0.12353362120306088	0.2159941582860552
L003_4_sh	-0.019028376233834667	0.6216671996193204	-0.001586845652527577	0.40254246449526204	-0.19337089197453675	0.14391933598520945	-0.1958635036019675	-0.06886278256667418	-0.1109962193896464	-0.020161567553485492	-0.08861950766465887	-0.18864284452521132	-0.052698699842548165	-0.16340428489127828	-0.004116214342577383	-0.24601917472289597	0.06455884314636712	-0.19476203441352183	0.09864920053033399	-0.2236872867347176	0.14607410764719517	-0.09888642605141511	0.20072142370237012	-0.11204013012671879	0.1562766836760331	0.14833753148612863
L004_2_sh	-0.0224445933529104	0.5837157349154719	-0.01801345287404768	0.380279714992005	-0.1271857259478555	0.21690078566430782	-0.18759448284321278	-0.07160752108782789	-0.12986642383814692	-0.05054184193615953	-0.11706993964673543	-0.19981920366054418	-0.061205495688480605	-0.15573470752985935	-0.0018595376486130952	-0.2643633382521088	0.061824941224192895	-0.20423526057078317	0.12043539912778521	-0.2336114426435358	0.10827372658395992	-0.06939405992643637	0.24325914148093722	-0.11171235075356596	0.13144644342312706	0.18012349078903678
L004_3_sh	-0.008578800881809706	0.6199701855383215	0.027093944679444606	0.3447349889671341	-0.08820755340716385	0.18332485367717322	-0.1906113343470691	-0.0999792345118151	-0.08378094254041424	-0.05903874460942891	-0.11542711051756203	-0.19516114346887764	-0.07414558059935583	-0.17775133413027663	-0.018694498360942675	-0.3170368586229832	0.05664602306040894	-0.20479537590723831	0.0936784963954091	-0.22840038841441732	0.08571347631780711	-0.0650113809865811	0.22422360660231264	-0.018533962836559732	0.09209027359893435	0.21767839530554944
L004_4_sh	0.0014021149133871674	0.5781220376297274	-0.008112035971759992	0.3541491729817246	-0.07022363732659381	0.22669030554635392	-0.19209404151179973	-0.07212920812766718	-0.07438323203628655	0.002859901603993862	-0.1304136570050159	-0.22506339510005313	-0.07904357701382246	-0.20366322499234682	-0.007655808525127983	-0.35128562501264643	0.08421088450939787	-0.21811636737355508	0.13559667706234585	-0.23643526505710244	0.08778619767209617	-0.015246180242183698	0.1826461048074404	-0.04620874338047299	0.07028401042573854	0.20632659152422742
L004_5_sh	0.01966906836232021	0.5900390141050221	0.011329374948124742	0.3946410295543167	-0.14939843667911218	0.1743878260342959	-0.21587893811288797	-0.11084321892462616	-0.116680018510306	-0.0767359465215999	-0.10700297494446574	-0.21036469858069043	-0.060124360526447755	-0.17208857863087884	-0.014220631311971176	-0.26401412809580177	0.05942448817943685	-0.16152973934379053	0.1345329707085686	-0.1949361290417843	0.11933886571394667	-0.07479933488301858	0.21041098911901163	-0.1111778034641885	0.10859960305378297	0.2174217077927434
L005_1_sh	0.021250225345213605	0.5763983247066831	-0.017256707763192693	0.35487895390797775	-0.13298488581701107	0.1677946166451844	-0.26089858357012846	-0.06751121488892424	-0.15421167379860778	-0.043340352839729465	-0.1484195803591946	-0.21988689439421763	-0.0731462539194174	-0.18114313655693817	0.010787863752275632	-0.29449220128385256	0.09051741416716119	-0.17030352745094768	0.15558759000866776	-0.18588691213047168	0.13504793927623143	-0.039135634984508824	0.22340062238398184	-0.056766042947908775	0.15032603029402047	0.15939402221765225
L005_2_sh	-0.02909289351620773	0.5170204672733887	-0.007309320660297845	0.40916864489897703	-0.15387344908140696	0.222715492364266	-0.21316949445073255	-0.09894533066299459	-0.09398420058739793	-0.04578517150431927	-0.12285229698313478	-0.21154288984322175	-0.07944495581409382	-0.19917297170507997	-0.031807614673621934	-0.26651993888411335	0.05752104639846353	-0.1928157812070932	0.1124603624096129	-0.22309759042074598	0.11725324308014588	-0.04366231086739314	0.2443286299851604	-0.08666428858841112	0.19997094389351186	0.21930166914674068
L006_3_sh	0.037536378045482405	0.5920013035548624	-0.0015396649757971927	0.363928625701176	-0.11434804895976149	0.21056252823690752	-0.20922902500548712	-0.10378515659248638	-0.10032415066580995	-0.07147015476333221	-0.09175345052662498	-0.2353245385012169	-0.05246361274331569	-0.21946252994712917	-0.025660509510850558	-0.26071632387960625	0.05554497857352081	-0.19606994010121664	0.12321775474657037	-0.21805006902766427	0.08715472126240852	-0.037566559074709086	0.20230739326373778	-0.05981504205757089	0.08955723649592721	0.2357678564519861
L006_5_sh	0.008430071974224365	0.6021484217259779	-0.004883547551667797	0.33983566451058167	-0.10051113058764737	0.20045836552569699	-0.22243254684163563	-0.08868958767712794	-0.0982564453736501	-0.054938749965314226	-0.11369664126192154	-0.21301967960694831	-0.06901784984781376	-0.19504990290972288	-0.018771632860485468	-0.28624558374674197	0.07081031410215219	-0.19822584328733478	0.13259050999904834	-0.21364891032419223	0.10125045692874564	-0.03982545094591907	0.20717254453279135	-0.06677992864571174	0.10731589678786015	0.21398118534675667
L007_1_sh	-0.020023636897359982	0.5432640841392293	-0.018372112713791036	0.4318975845659641	-0.17577453352385308	0.27462661178960673	-0.19491228905411187	-0.1151644833675884	-0.13009038831383735	-0.07031888114022897	-0.09209160470993831	-0.18869885995020716	-0.058645773744895935	-0.1679672797281525	0.0155399776841618	-0.25335378758748694	0.06461790843416619	-0.19628572177478598	0.10036003941211577	-0.214200743340735	0.12859184863869227	-0.10231012958120722	0.18577408417427416	-0.12198099506378482	0.19502648061437708	0.18049260103937706
L007_2_sh	-0.004101935954767495	0.5407601784866902	0.004660697275717596	0.4173857089638349	-0.15444956175953192	0.28003320820576855	-0.21052043081283783	-0.12958434337592378	-0.10440088389165665	-0.09940631604175992	-0.07830145147453425	-0.2089395849227801	-0.04423555581206847	-0.1922196377898423	0.00640966000359687	-0.23899407357465813	0.05100506733825856	-0.19167253535262724	0.07616541691430577	-0.20801289802292922	0.11194673419695104	-0.10586268156354425	0.19149969720681342	-0.122631859392348	0.15432254676975393	0.2591448343801188
L007_4_sh	0.013001886659419731	0.5438023525778387	0.008697601085785534	0.38517659553790895	-0.13796953417857757	0.20722195146193434	-0.21595744535177525	-0.07911743580383487	-0.1561912005633883	-0.07864953976712917	-0.1696191760118874	-0.18737048196070286	-0.06864289272282922	-0.22478055683358458	0.010741365419304066	-0.2955524628775457	0.10134116812572358	-0.1772613498753255	0.14071038635804567	-0.19295888958521887	0.13805037835145748	-0.0519081292737506	0.205499086472313	-0.06246310080927769	0.13033837635640802	0.21386104720868893
L008_1_sh	0.050913171136511615	0.6466123507425106	-0.028472886446469243	0.3292075962927642	-0.1832727702411164	0.15235908729906827	-0.21958509998920983	-0.10962070494910593	-0.11888922928545312	-0.0636753196121529	-0.11394848887701689	-0.21109441702837267	-0.0490731472681178	-0.1712254122991517	0.008095307156624366	-0.250879505578936	0.06619312436775321	-0.18102525187305857	0.10847341550776675	-0.20788523793073077	0.09645849246338076	-0.021290644041889212	0.21897140637880652	-0.05778141107626315	0.16413670509654008	0.14629887005531902
L008_2_sh	0.0024065899919691394	0.6022544273818907	-0.0070389881388685585	0.425300864680429	-0.15177260370265566	0.185968833723837	-0.22711996863356074	-0.09204900475680666	-0.11027668927824257	-0.059450740946162	-0.06314854150308662	-0.21874972056237105	-0.040631321485521024	-0.1873994106119267	0.018510080077749808	-0.23100961645740442	0.05073683934608225	-0.19270675184612304	0.08348541158945197	-0.22197676342700462	0.08736497514446803	-0.041364892427538553	0.20310526198529028	-0.1112784100527574	0.1543789546069237	0.14246118530193802
L009_4_sh	0.022130664113597716	0.6157219485684884	0.0013500360823226754	0.35846403838254126	-0.10847285582939424	0.17800431443669648	-0.21121845099250106	-0.08226849836525495	-0.1193691791705582	-0.06553540084571037	-0.1268407017483799	-0.21480289521520438	-0.06856660058986894	-0.18853942106332822	-0.0034013737353236345	-0.27554486707924736	0.0670512159789136	-0.1927659163068151	0.14542847644936877	-0.21457654851299215	0.11624423558091185	-0.04081691826652989	0.20400628330687195	-0.0588524272257314	0.08165825055403847	0.18151259149308693
L009_5_sh	0.023441509633443842	0.6327517549801421	0.014526808221799675	0.5103764283519974	-0.1052696226932505	0.17478036952090598	-0.1377858539047308	-0.1705695788776138	-0.06887513539318889	-0.13038032008489717	-0.06545836283169724	-0.21630173945935077	-0.05056393213323948	-0.20627220069334531	-0.027150916829891833	-0.2497534766164058	0.027233263508136936	-0.15798632933931106	0.07441923629981896	-0.18795947848685884	0.08110492814226823	-0.07294030922539795	0.1393830529194508	-0.09476075572585362	0.09499502506107974	0.1690156356559885
L009_6_sh	0.016662018707345176	0.5691239282517042	0.010629901620756464	0.4937181241565326	-0.1585428957034269	0.14846548893409675	-0.1852336885212271	-0.09185823966584324	-0.10010932276554188	-0.054451798143923244	-0.10660102750285669	-0.23005379847825466	-0.04559107333360609	-0.20003125675357336	-0.008365813474888064	-0.2671623298846605	0.06279466856561046	-0.20555024161969696	0.10821694648567218	-0.22651693413792576	0.09667352557024438	-0.027144200666594932	0.1689158959749054	-0.044263415117291365	0.14055086437701217	0.13572467312543054
L010_2_sh	0.03251385634604352	0.584035265531409	0.010221046554096256	0.4013953467400036	-0.15149035183541756	0.19285148293415397	-0.2271385043369738	-0.08830180494646617	-0.10521887582912909	-0.06417438407608324	-0.0726527699601052	-0.23224304200294557	-0.034061183307111886	-0.20259203616256238	0.02103886676552517	-0.24815325018710618	0.03768712897895769	-0.2343414979209291	0.09352496564093102	-0.2027395445202473	0.09040642219884626	-0.05169900922028273	0.18895678942471217	-0.07350961805431774	0.11621260935962557	0.21947209188537437
L011_1_sh	-0.033450415548185654	0.641791099586644	0.012792089244685077	0.38201745668417664	-0.08171838049424472	0.22534546633107766	-0.1686959176161882	-0.11299473767540413	-0.10274488781636645	-0.09288661883802636	-0.08552075030140806	-0.19696737115083104	-0.05430146898382667	-0.18026133590410795	-0.013439275730678591	-0.23871951237930758	0.050219215846947225	-0.20171048339734649	0.08712585417901952	-0.22693358716235557	0.1156726505729895	-0.08832943818860485	0.1713261047269132	-0.11281727464207189	0.10273518192034387	0.20246633673615752
M001_1_sh	-0.027810085121545806	0.56233911739766	-0.010331406354669857	0.32803356178911547	-0.17753617455030268	0.11536975933124857	-0.25613882733189736	-0.024733773980131567	-0.05032658220874496	0.060532650916843345	-0.21628220814184465	-0.19214797052249327	-0.07892121138309613	-0.11510499264625364	0.01882088516996426	-0.4440402431326383	0.06836602695114272	-0.14617328298322077	0.19520266221746177	-0.22155407523274306	0.04370957839064178	0.028464019788464034	0.28325826547566246	-0.039328227385703816	0.20798907688722865	0.08834345665985237
M001_2_sh	-0.03539978297833488	0.5536112663007424	-0.00990654174031753	0.32466125609964763	-0.17597697665651932	0.13219467245050437	-0.2557063071832744	0.020432744250193393	-0.030350061849550136	0.052167233715297946	-0.2240819950573904	-0.19183876298533573	-0.07943410996917957	-0.1317419520361825	-0.006103609513093883	-0.45237003019536093	0.07246649196701176	-0.1459301842763294	0.2424104223374121	-0.22335270488233266	0.05113805466812601	0.016116049008510238	0.2784229225718665	-0.04396509287769802	0.17252149340324321	0.09001550542834222
M001_5_sh	-0.019557862109055392	0.5911476951288746	-0.0043289086534240885	0.3272372839334154	-0.2425120977838783	0.09318209063261766	-0.26031627470558666	-0.029533362088480865	-0.06749548419725483	0.03312636762142525	-0.17701320223950429	-0.16822919076932288	-0.07573499840111296	-0.14821816486882977	0.0037904652624536767	-0.3201250963689245	0.07009049512960477	-0.17217004564813604	0.16953298187996052	-0.22177480156927687	0.09970188103040276	-0.02803961423098188	0.29089696022763284	-0.06482923897621187	0.21294604455976338	0.10822607720383265
M001_8_sh	-0.1392528582142581	0.6300314905878335	0.06769881835659584	0.3724311804347537	-0.07625438490847909	0.11389972962279903	-0.2178514115192072	-0.04712745870006768	-0.02313202968227765	0.012118821887101953	-0.1883303910662896	-0.18380931077217705	-0.06576726971791289	-0.14726298624903852	-0.045400375638650216	-0.3526634574338476	0.05288712915757243	-0.15952404031618161	0.14699277127694285	-0.22626573276800968	0.09536340251234654	-0.004844231360680451	0.23243891869289796	-0.10564847880229353	0.16060768075071957	0.09866447386980724
M001_9_sh	0.01344357377502857	0.6108069288721258	-0.020288527528563548	0.24589841565726317	-0.18238316060926052	0.11080643357464633	-0.2894843839011892	-0.06703589618176674	-0.041713849392573533	0.05202633063119172	-0.17721589778459132	-0.20692049724042788	-0.049592146987392983	-0.15041288375051948	-0.021847411046377756	-0.3518308842130785	0.05012971441200065	-0.15028391173922015	0.1773129529098767	-0.23794754255806372	0.03758543801388808	0.04546291326349978	0.32281499424675986	-0.035841170174876424	0.18123870389239521	0.13527176385922624
M001_10_sh	-0.01918501363458481	0.640182974118094	0.02912959964740843	0.21605635948156335	-0.20882522841323123	0.1226497464520277	-0.2733853973973095	-0.02541434683736805	-0.06109859744762458	-6.97528159418921E-4	-0.19774727799579542	-0.21744259646845945	-0.08628936267689405	-0.16807078997028885	-0.020818034720996942	-0.3437625591881956	0.09268912339254443	-0.1315508057873733	0.21230899237431816	-0.19192274728160683	0.06668953313912092	0.04201757225222033	0.26372958179275163	-0.05612581867605451	0.2028020819402928	0.11408054006486008
M001_11_sh	0.057844691268219034	0.661268068783785	-0.003209374798833972	0.23875139400497375	-0.15095014492835201	0.09135935899278096	-0.234593407600397	-0.07433282919176956	-0.08210509251124383	-0.0271315802584711	-0.20234430800980685	-0.21831642166267626	-0.049588962373333795	-0.1312031570976851	0.020595311666345262	-0.4129058929958752	0.0360846371529336	-0.12431324943071771	0.16975157000178057	-0.20220184870270172	0.04668637705438737	0.04326186698156337	0.2574682796447823	0.007738007782973375	0.13436042343351973	0.14802628279382143
M001_12_sh	0.026869042630277062	0.6490010573406498	-0.018743333268871114	0.22257496375238214	-0.1852744508729679	0.11912811550497174	-0.2851815863849137	-0.051064127305018484	-0.04763924754289711	0.0489233808340607	-0.185300977348211	-0.19959977403724016	-0.04214716107893117	-0.12233830213672493	0.04170190464292684	-0.3934319943176596	0.06016999998188582	-0.16452660747810835	0.19573596745755054	-0.2162664557915703	0.014847988273176772	0.05416534561202862	0.2540748602144468	-0.056305144834570046	0.17088699329652804	0.10973954285679899
M002_2_sh	0.03831056784025386	0.5609021014282906	-0.014421395942784243	0.2667460323347893	-0.25830733549526214	0.0817783281981535	-0.3029487387172231	-0.04964411517677353	-0.07405045952075162	0.022527582247677837	-0.18670529618257703	-0.19043094694148463	-0.06388650537156679	-0.12325915449851718	-0.033318222742150704	-0.37115887607901044	0.0653962735687675	-0.14541231149304673	0.21600342726582758	-0.21595240428105855	0.08910993965249815	0.017587678457907405	0.3167800360608068	-0.027473061180359623	0.20803770958416146	0.17378914698343303
M003_2_sh	-0.03916049765032499	0.6130298885285755	0.025119009137214335	0.2512904334226044	-0.1938069431754313	0.11997868935998086	-0.2972060009953536	-0.02165174364545062	-0.0637536074761086	0.020781758361568217	-0.16859789451606297	-0.21096644912498108	-0.05674147074509585	-0.1401809263629908	-0.025953272729802176	-0.3978145943050857	0.05377124207290858	-0.11068128739621227	0.18725052586554344	-0.21470235062937912	0.07055339017935827	0.03928511804875748	0.2880579526900952	-0.03415130665554901	0.22046756734305972	0.08578277039816107
M004_1_sh	0.11536051843806402	0.5744315374560924	-0.017199871911098202	0.2518288576506272	-0.14019687199761569	0.13879211948797626	-0.2885209494699616	-0.06628462686749972	-0.10218763746135208	-0.02301566326268125	-0.22436760116529647	-0.2491171262404743	-0.09610953575053316	-0.18192447251927737	0.036587264755212845	-0.4262821896612514	0.09184192742411057	-0.1341137052747384	0.2366457717053441	-0.16678015735562568	0.035029782920828416	0.06758571463232126	0.2544453005033104	0.03414647083519612	0.0986719020089875	0.18073324111933461
M004_2_sh	0.08061071142609741	0.5910342982827479	-0.029582749228155982	0.22225404625075693	-0.20024247671852413	0.13562096482866257	-0.3315988053175791	-0.0975290731111771	-0.06850758190769746	0.023006459972014254	-0.18086077104747056	-0.20990783875243996	-0.07913772143036843	-0.14591831740056802	0.020158214956634658	-0.3461992058847066	0.08239091910164088	-0.1461868195991156	0.20255379189730263	-0.20614653453664358	0.050000564237474523	0.03278972989229156	0.3039486800422421	-0.03068907016090896	0.15026722398840306	0.1778713602190874
R001_1_sh	0.01883248087869691	0.5890195107113906	-0.006829002529965007	0.35505815850712097	-0.09123856088684079	0.2427909778840602	-0.22052031793552804	-0.09239302335734892	-0.11359990511181477	-0.05443269299699321	-0.08294885076273016	-0.22093150440177234	-0.049572908905964774	-0.18114078590287314	0.018237149272254057	-0.2866586041435728	0.0674692874389564	-0.2135750960166549	0.09725720873930842	-0.2233025046301577	0.08279341277009764	-0.049674046713021926	0.21004064388279145	-0.09615461890219888	0.07007936315073866	0.23139422996202236
R001_2_sh	-0.027210442786263944	0.6462290759601428	0.014565789813825503	0.34612765773551163	-0.03650871464377511	0.16844805468916424	-0.20387142352772789	-0.05666961489465184	-0.08209666556697437	-0.036970386574311516	-0.13740282077346222	-0.22373207361761038	-0.0662487219627278	-0.18148104750388294	-0.00474693521361939	-0.348887942995826	0.06759653248045304	-0.16548554750442934	0.12310362022442722	-0.20115627074547732	0.0860110542239146	-0.037700742408610155	0.19925701894934084	-0.06938282796563097	0.06755170878258925	0.16066166582561106
R002_1_sh	-0.018627287881083178	0.5637470892644627	0.019397724230235926	0.32534150376734117	-0.1081296584048589	0.20701706989524274	-0.29089475247712904	-0.09636240318651909	-0.07527207289520359	-0.006198676289042829	-0.08308203110809123	-0.23988735138538805	-0.05080428561898583	-0.19040936772547876	-0.010409537069706688	-0.2685850212908508	0.03838661870147872	-0.2031795468574381	0.0751241475088362	-0.23901503207387392	0.0883563138430808	-0.007234795663776169	0.286377753083629	-0.07104323781444694	0.12957706808779773	0.22580976935976874
R002_3_sh	-0.019424245682907668	0.5606873304432933	0.02065663473861753	0.3675018925038293	-0.05572056272434327	0.21301128173933376	-0.2523884101008131	-0.06358124659852155	-0.10820844694315161	-0.024725680760006426	-0.1490411285754484	-0.22949269067706937	-0.05977643980858243	-0.17882696457015462	0.021639665942413518	-0.3316986359873789	0.06042502125432872	-0.17828782634940754	0.14444157572590272	-0.21825470046120826	0.08876520667963343	-0.03451991926780859	0.23695143081600997	-0.07365116499750589	0.0716796986783404	0.19183832498260459
R003_1_sh	0.041382675276274226	0.6308795339148615	0.002387981984564049	0.3100260097929214	-0.15429226181075384	0.12594637747796264	-0.22770118864331768	-0.08639797208544756	-0.07406739029768879	-0.021272298366013496	-0.1017457320999297	-0.20951784770087556	-0.05198608592812426	-0.17559275922500453	-0.01945165988882353	-0.2936459955574356	0.04812121447869097	-0.17783449017071087	0.10407124252182874	-0.23616468343584135	0.0943911883652761	-0.03979451290397365	0.2641275857910253	-0.05579375373555619	0.07476243025097987	0.22916239199511257
R003_2_sh	-0.003054879592234369	0.6602993752857368	-0.004727368453042287	0.29141796871397324	-0.11103464874352387	0.14089917947823774	-0.22418014374075004	-0.03976645487133611	-0.09543473927578709	-0.030689872211803047	-0.1802202870091165	-0.22102880766238744	-0.07401211768974789	-0.18064728579373224	0.0031031978965539546	-0.31677580673558214	0.0800010239099399	-0.16671397047132666	0.17252237569501552	-0.18313537327087623	0.0868670478873951	-0.027706421366253654	0.219124992187633	-0.04808800419689367	0.13104554692766426	0.1219354731022427
R004_1_sh	0.032806304093269456	0.6337625167179207	3.227955090739365E-4	0.27781091126096474	-0.13875705090040263	0.15987331078256628	-0.24095171326326328	-0.049560515484107316	-0.09514766485474704	-0.008809742930022183	-0.15329187069618536	-0.24022816597929889	-0.06336234373283965	-0.19061899011458078	0.019175922199137916	-0.32759024719182195	0.07256029116727686	-0.15883626259919492	0.14251994353381112	-0.1965889433912576	0.09434225033996872	-0.02230007345252196	0.23592857605731518	-0.04329457839049124	0.09385456054758567	0.16638078077184515
R004_2_sh	-0.007006934508831754	0.6831943452151195	-0.002350174033956303	0.2582146944582639	-0.05539176515915302	0.17684035705004167	-0.21214643207128103	-0.08185315947968791	-0.05642916924330917	0.0035711136209664257	-0.11521761455286122	-0.2399165217374942	-0.04088901608065262	-0.15645433640471706	-6.550341713133997E-4	-0.3094031192439514	0.03902384852196628	-0.23363119355050055	0.054592841931651204	-0.25934111470348353	0.09849953679987562	0.00450422253791603	0.23877821795753595	-0.020048574650893783	0.059191694610329436	0.17432328688842022
R004_3_sh	0.0021107732891063186	0.6454928019087606	-0.012493675700414458	0.2606300614969236	-0.09149115459291117	0.18785323227411863	-0.25516308819671324	-0.06424896383035841	-0.10089815447917097	0.0037165004170064252	-0.1358105470549233	-0.23129308118117536	-0.06085893001933593	-0.1711390585144612	0.025980068203938934	-0.31261234972690244	0.05959925198321929	-0.15894123831869933	0.12356242095675493	-0.21833238278923822	0.11189142176755999	-0.045789765502052535	0.2368371636922727	-0.06716853874536419	0.09673445015061702	0.1718327825114364
R004_4_sh	-0.04193002987919358	0.6260333165057227	0.03359647388314101	0.3098969654228681	-0.04784687414591558	0.17573825208663302	-0.2153139649720678	-0.06623967827840006	-0.06618590196362509	-0.02385062082849789	-0.12326004783056155	-0.24162798155188694	-0.07072728749722687	-0.2112714542379902	-0.05231175824842478	-0.34705081755526584	0.055552037302146515	-0.15904313773397113	0.11304742808397125	-0.21565586515411816	0.10550852203453447	-7.826160860360271E-4	0.21352761684044752	-0.04827398259683975	0.09634378639277393	0.20212762000778214
R005_2_sh	0.024627093470169222	0.548135702782472	-0.0077670642935377815	0.39694135487166604	-0.07202227775028762	0.21859848065160695	-0.2576526548690201	-0.12272821560938871	-0.10147565782847306	-0.051779601459974164	-0.10305313173744748	-0.24013257865329804	-0.05200595703199366	-0.17218777112568515	0.011095108435020557	-0.2950046116652517	0.04511204345954523	-0.1937479184192054	0.09604937124056077	-0.23582111860276114	0.06844053005849798	6.993486148285334E-4	0.25583678366497226	-0.05424398839869947	0.09281581318199357	0.20127091701369026
R006_1_sh	-0.020254613301666155	0.5771048262685693	0.018351452253726825	0.42024954891508537	-0.04983660597004334	0.18031294937366085	-0.22536130711546398	-0.07921239640015476	-0.11173522767801652	-0.05129088980660487	-0.1316464198472482	-0.22701344142271515	-0.0683686085215835	-0.19491962731241969	0.0023097513814671518	-0.3113954807522574	0.06330518834441107	-0.15921068061062432	0.13173065686201343	-0.2152335312785194	0.09455310504662583	-0.021968845266722464	0.21217768109795734	-0.08560437633684459	0.08477494744782012	0.16818194462954786
R006_2_sh	0.004812052497464199	0.607436281721531	-0.007018311057336475	0.34739059510154763	-0.06493593539972241	0.2186873510757253	-0.2634109236908876	-0.0736199842445847	-0.112346708061496	-0.0272240642116362	-0.08462136194368161	-0.23579337319939203	-0.04844132041414134	-0.19618563385794388	0.021132319607562063	-0.27091603824864513	0.0572699513933877	-0.1937520760584818	0.10492492370724157	-0.22643928262386598	0.08861050604430988	-0.04124001707173185	0.23465740576128144	-0.07774133580646822	0.06936740155601878	0.1693975774239457
R006_3_sh	-0.09545749616427812	0.5380869043467389	0.02613012103692335	0.3895191842129398	-0.03817941640993861	0.21953012554748397	-0.22782085396024382	-0.05339227881495687	-0.08078786724067748	-0.013879553340353437	-0.10547100109328672	-0.2275744090096836	-0.0688091785353844	-0.2005215311027193	-0.033531553965693	-0.2943650235433313	0.03807054134018143	-0.1999369970223707	0.058606930297346774	-0.2505543559921184	0.11559941010560083	-0.0206165176488637	0.300523586424031	-0.1084494129943537	0.11112677816541858	0.2221538653615883
HMAC101_1_sh	-0.024242002465209023	0.5869601924758601	-0.002868776068342141	0.459559780403616	-0.1325185595582124	0.22831338742175836	-0.18443524255757932	-0.13157370092732323	-0.07351478967308178	-0.07903639697120496	-0.05683782691723846	-0.20247306560371126	-0.03714399081494693	-0.18936864635356807	-0.002044245635347223	-0.23360081389104936	0.0452156305698111	-0.18463493618466728	0.05956638842887632	-0.20000235632286043	0.08991106102903715	-0.11338813137822011	0.1640074502738988	-0.1705578443020005	0.15490490338833438	0.2298025316333707
HMAC101_2_sh	-0.022266558879126812	0.5702508107520682	0.011093601103961851	0.39612937621459837	-0.11291475392812161	0.22978261278336465	-0.21578685886203464	-0.11726970855820085	-0.11147775743658589	-0.05933750218514254	-0.07733027304319819	-0.2222438949162881	-0.05465816812583621	-0.20266204682184794	-0.030230059757650092	-0.25707625937820505	0.04181651971252075	-0.17426590555023455	0.09341750841971606	-0.21532494372339686	0.12850794953496295	-0.06692455040500196	0.2084190223866566	-0.1005051268880426	0.14140982887473516	0.21944713867632956
HMAC101_3_sh	0.030381313542681164	0.5958390461225153	0.00670146163443467	0.4170138084583985	-0.1334125746781046	0.19287481545306073	-0.2252107582709419	-0.129222785968475	-0.11393827792882402	-0.07612692812907043	-0.09309448997234361	-0.2155614814989425	-0.0543624304581081	-0.19053739380867762	0.004563995785273237	-0.24650851124951892	0.06994564233149268	-0.1796583770331834	0.10365825461127776	-0.19532785139555456	0.1066640711054062	-0.07098074482711028	0.19506184222278497	-0.08660900502974836	0.10304195007497086	0.18480540890630734
HMAC101_4_sh	-0.01774745982498025	0.6213063767285459	-0.0050816653593042035	0.4261555865999021	-0.08385519713119312	0.23828078599358019	-0.15052831454450155	-0.12940350600223155	-0.07780094909274599	-0.09480222244038665	-0.06336049629228092	-0.19775642139629276	-0.04232519190348745	-0.18157944938247841	-0.018355665416379733	-0.2589832282176232	0.04038198813237162	-0.19083719177820302	0.06662270472332495	-0.2135202511327826	0.09603836710379363	-0.11273057628063135	0.16536829543747408	-0.14115820365369097	0.09064358416790928	0.2350283009622923
HMAC101_5_sh	0.004556470757694275	0.5767427570749681	0.00565609914710823	0.4017581622033061	-0.07474010028948848	0.24882079751987926	-0.201841122877434	-0.12976814521978697	-0.11959547965893921	-0.10014672632883537	-0.09535187704163325	-0.22381778211657144	-0.057814966815516275	-0.1972891284444482	-0.01807062754269862	-0.258705351809982	0.0436572114168328	-0.18323324685464762	0.09558290209058207	-0.23287786880344127	0.12424704325603622	-0.04310178732356918	0.21105435431017255	-0.06733137122752489	0.08266009324728363	0.20894969133065264
HMAC101_6_sh	0.02602005850171616	0.5657240168427039	-0.017390178948708222	0.39251310459780686	-0.14499845268277797	0.19613510909002974	-0.21870662294731066	-0.10679017846320497	-0.11149655030255402	-0.0475708236099084	-0.0843270429591634	-0.22866917820717	-0.05229275202953442	-0.2074651024713663	-0.0019552087874126767	-0.2538972090994147	0.051729018206130725	-0.19357790576778777	0.08357914571776699	-0.22266351933149306	0.09088622836731909	-0.013391308998941332	0.23785635012919915	-0.0945655869016431	0.1410960077353294	0.2142185823203895
HMAC101_7_sh	-0.028397263262211862	0.5799260291136165	-0.007791876726599409	0.3704308396382978	-0.14466209743808303	0.18120461325903248	-0.24848992843771656	-0.1042291442233459	-0.11738465479795207	-0.052415767890375636	-0.10965095655921454	-0.21057904988075976	-0.07214581920610273	-0.19226497288994168	-0.033175612409331916	-0.24006127797996438	0.04826650512749384	-0.17831542783525303	0.11329769197268891	-0.21678814037081165	0.11283918101878931	-0.005912883410788102	0.26576669228569594	-0.0664465222023063	0.22152813843254332	0.13545170467259837
HMAC101_8_sh	-0.005014656788801745	0.5924076958991715	0.009279571080778547	0.41546198337371404	-0.17080460680256002	0.149702548613945	-0.1946013353607367	-0.12079357820543987	-0.10364810502455163	-0.09426936561720939	-0.1054179342279299	-0.19292722757652275	-0.07127451805160034	-0.17861038858778425	-0.023007767066806368	-0.24108758537329625	0.05092314850100306	-0.16477036670601308	0.08224131324296659	-0.2046838640050432	0.12437461536677558	-0.05107901861044458	0.23880999462019958	-0.11165352766862609	0.1681402805112637	0.20230269446354998
HMAC101_9_sh	-0.013110405486384286	0.5844656676286473	0.022521249984143128	0.38995556555029626	-0.1971696814059666	0.16585576903946697	-0.21207188875638383	-0.10086784778139292	-0.1028550141027592	-0.02986369234025322	-0.08388922926577333	-0.20968587416676848	-0.047345828886096356	-0.18858329864873763	0.002172077857370766	-0.2422897482711019	0.04451403556644819	-0.20009778247532015	0.0712593259863236	-0.21568552873197855	0.11853978215993619	-0.05202595771079129	0.21709621995747366	-0.11467676234626994	0.1803393563916678	0.21349949025420295
HMAC101_10_sh	-0.010278146331175679	0.6095276934039263	-0.023487445019120402	0.41599001924551393	-0.1740688346934593	0.23060164536830513	-0.20190141183806476	-0.1241216534623573	-0.11543851196909824	-0.049883331861022534	-0.05727701279261832	-0.19438597047770964	-0.03212185765077919	-0.18052388562390104	0.011881638336012051	-0.2271926959722707	0.029279511848735115	-0.2137654637595133	0.0720512313137722	-0.2067637251591625	0.08499796542668595	-0.05736811775070531	0.21851155862374078	-0.1066858610562396	0.19785131474536888	0.10457134710513617
HMAC102_1_sh	0.012389857778858059	0.6248127382878196	-0.02487760661934892	0.3496332627900668	-0.07615833351407923	0.22500086360707192	-0.2076268861170884	-0.08571594266264476	-0.1169351795241331	-0.06807802567302491	-0.08530990958980438	-0.22719048355798824	-0.0487304360644282	-0.20276857810954305	-0.0011369121476551038	-0.27284810852920444	0.05209646916616515	-0.18878426827189276	0.11284197331490496	-0.2230187107853851	0.08198236734744123	-0.036010680184306525	0.195424647020502	-0.07687300519039462	0.10603994894866582	0.18184093827942735
HMAC102_3_sh	-0.016305489527343488	0.5394070625745114	-0.0064397445648852955	0.38682144383357037	-0.11340735082881247	0.22284601771748788	-0.22413054356018094	-0.09757047980355978	-0.09885931779596253	-0.024016529238011442	-0.12509478502569593	-0.21627517695275444	-0.07730746055888907	-0.19408766425754406	-0.01683163252943658	-0.28115654654003963	0.07149373218107324	-0.20005042815906984	0.12097467877652399	-0.22931578473402187	0.10264241389027767	-0.02393719719625822	0.24636363849631407	-0.08761890367505537	0.13690186104701718	0.20495418643074415
HMAC103_1_sh	0.01957117310896788	0.5498182982692018	0.03330008318289876	0.39935046106299144	-0.19244891096950129	0.14986233500345916	-0.22739046847174793	-0.10660394264935813	-0.10861808033943648	-0.03612753645522278	-0.11535671307726451	-0.22524305161388664	-0.0676309542638606	-0.19197901872864565	-0.013578439045867583	-0.2754846083711563	0.060452980419446876	-0.16148290501294085	0.11327547267998853	-0.21713698409731635	0.13699141314397043	-0.022830332661548193	0.23140806837916927	-0.08886055820471128	0.1300243752532367	0.22671784345913365
HMAC103_2_sh	0.016790293793413076	0.5460007745800222	-0.0035303344893177074	0.419208591264125	-0.12629877616806282	0.20608958616785153	-0.20266583165760488	-0.09849103793279233	-0.11454371825400933	-0.04826618009962535	-0.10817239539751755	-0.23122460290382021	-0.06220511711869435	-0.2079234702219174	-0.010474988704075759	-0.2711405771035955	0.05534948303830813	-0.18934788922102225	0.10485961569771862	-0.2224432580459909	0.1256544168136224	-0.041652714856536245	0.22305335180659394	-0.08116883765235484	0.10218400063962592	0.22035961602565582
HMAC103_3_sh	-0.008477710068019992	0.5941697950837371	0.009770893848272417	0.41394891771292097	-0.06327385916588088	0.23743152842187026	-0.18446177167703445	-0.13723058584894873	-0.08798554617049094	-0.09613992998951477	-0.09091911985965234	-0.2190840247770279	-0.05361727907223776	-0.19722051335302354	-0.02600382801906791	-0.28995006101020926	0.04234322372801913	-0.16534396391570544	0.08358592222744109	-0.1991441204334532	0.09685576995855377	-0.060324401414247615	0.19561837993865971	-0.10085243686583653	0.08656492433143803	0.21973979638943766
HMAC103_4_sh	0.025957467215625658	0.5537729124279828	0.008826149980271362	0.4174100688846393	-0.2293115583442781	0.13418283816092902	-0.25054656581507445	-0.08875969494683175	-0.12431163964589344	-0.0018832446480010426	-0.10850115957136539	-0.22635402176166197	-0.055162159675281985	-0.1770928981875501	0.01928751383061569	-0.25740594631079294	0.07597308446085453	-0.18613364016517023	0.12728486733361458	-0.19535002540222507	0.09072492759896027	-0.03633715327140858	0.2298390273702416	-0.09798702546938609	0.1899400452617099	0.16193783068947668
HMAC103_5_sh	0.033237026097953704	0.550289998312309	-0.0027951897565825154	0.39511594401820754	-0.13661047175011168	0.24798112293439484	-0.24263666288228597	-0.10877201801766603	-0.12401877359189183	-0.03033600358759407	-0.10181133036130491	-0.24943188010044792	-0.045681267080054946	-0.175859437297035	0.039295649815355514	-0.27875440667381624	0.07771737293029159	-0.18913718444125638	0.10411671469117548	-0.20570436229820518	0.10278308062549768	-0.053390418250796184	0.2025870908990022	-0.10154062828677217	0.09381676036295516	0.19953927368867833
HMAC103_6_sh	-0.006600949947702675	0.5974633725681459	-0.002762732955660485	0.4182313602135605	-0.09596921209740472	0.22823584107088388	-0.17996522779553506	-0.13609800362415678	-0.0894695899912896	-0.09439486876173031	-0.08792270982868053	-0.20473119596808695	-0.05468247011747028	-0.17685306389708746	-0.022596186285274975	-0.2548951223448615	0.04564678750608358	-0.18195114236881937	0.08991809083345739	-0.21770979493793483	0.09935410805688064	-0.06931128563875939	0.20593507848657708	-0.12047069399195053	0.09911501413601974	0.21248459768079697
HMAC103_7_sh	0.006562022582124835	0.5791719278656837	-0.0037940686705840027	0.40468395285005015	-0.1112036016029474	0.21493135636869762	-0.20992747815334695	-0.09451923742273073	-0.10775243434829558	-0.04320273396542147	-0.08638277443444632	-0.21465624899881672	-0.044276990554762016	-0.18255516549263862	0.022773703713343047	-0.27582331673769156	0.06371373327437682	-0.197320260122058	0.0874659987223298	-0.220003451922596	0.09977594355785166	-0.07810290687753457	0.19316523779849745	-0.12471658049062148	0.08988070811585847	0.23211266494567864
HMAC103_8_sh	-0.027657371223175208	0.6798039250964778	-0.023013271902411918	0.4247174156163442	-0.11148655814754545	0.24745370806497302	-0.18762420294021184	-0.14037114903079315	-0.08900459169123764	-0.09313047395884558	-0.06446577671218884	-0.23503337646402014	-0.03422828458229195	-0.208476953539225	0.01745374538452071	-0.2893219530633724	0.08377219795047167	-0.13421313939617596	-0.09735262465213837	-0.13053883368747365	0.15348210384987807	-0.13312458696395324	0.17130164146835467	-0.013106466040946693	0.20882299319797615	0.0253418833670105
HMAC103_9_sh	-0.0028391725326528047	0.5898241909198172	0.004024419192910241	0.4091679317293516	-0.1528702204129693	0.21667528676999484	-0.19145549264239467	-0.1296171411243111	-0.0992737823368548	-0.0653079859205022	-0.06063092028196165	-0.2172605945634208	-0.04646603318729516	-0.19498741425454938	-0.01125053721499238	-0.237316839465302	0.030788211027674865	-0.19225709248783532	0.06902209153337723	-0.21237448163259467	0.10259386556963535	-0.06597458078204459	0.20454560682647613	-0.11424800289486646	0.15381196445904766	0.21367672370626253
HMAC103_11_sh	-0.009555098665846869	0.5534573521616624	-0.006970178487379561	0.40319494848099746	-0.10295243688150736	0.2583761933956491	-0.2363062188474862	-0.08322082562714864	-0.10847111571181188	-0.027800114190539963	-0.0354860802853725	-0.2495695578747223	-0.02314315925109647	-0.23179036822894938	0.011900978417798906	-0.2617956970432222	0.02734798847299961	-0.22280277064130724	0.03732355718015676	-0.23444929449467136	0.10956112164166276	-0.019055069998165537	0.20808073276037692	-0.0920872068117353	0.12866990965750677	0.2075424108721547
HMAC103_12_sh	-0.03062793814752926	0.6030532798117714	0.02568943254248772	0.3799335077626686	-0.0773191721265079	0.1960418342296874	-0.18964075650764048	-0.08182739794296728	-0.09831171556995194	-0.060471463511929835	-0.11418459579446343	-0.21631257028321738	-0.06824618403357993	-0.19751419923019292	-0.02246417053879001	-0.31759353231468124	0.06111174792236031	-0.17345358263391336	0.10695222992532753	-0.19927321259379438	0.10553082390583181	-0.04486428652249887	0.2010401698472886	-0.08852577565968545	0.10047012857516632	0.20080739888875412
HMAC103_13_sh	0.03421069821389543	0.5288155775216389	-0.022574437392353187	0.407313901757883	-0.16675725308455774	0.16684957858039723	-0.2256437384279926	-0.08151406898551346	-0.1097120442612531	-0.029449969982483816	-0.1357713471149706	-0.22315041225731758	-0.07389513079977211	-0.1889093432420128	0.0046822150334401465	-0.2879434220512087	0.06662569342217206	-0.19711627129124298	0.11515926944176447	-0.2330620428731527	0.11670951691762392	0.008097755762233686	0.26168757531729603	-0.06290054387778754	0.13527898273470834	0.19296926093857067
HMAC103_14_sh	-0.043245245524083514	0.6553062556330299	-0.006253359164674906	0.3842416783429695	-0.12117328423439866	0.1669244937794287	-0.15057386882313517	-0.06553507345675574	-0.09237191521159833	-0.05944420148433663	-0.1138953907388855	-0.17443931402042245	-0.06197358541078243	-0.152844224643547	0.00954623433324812	-0.2759586590991853	0.0626398154037716	-0.19234676204966392	0.09874641230603663	-0.21264137411845424	0.10646776058469845	-0.11480072108301578	0.1767463825365018	-0.1412369268650251	0.13534004394330354	0.18277482906497824
HMAC103_15_sh	2.2882600566542788E-4	0.5496630669178593	-0.014792526169422109	0.4051228592882884	-0.1512724949412154	0.20700911350613815	-0.22756812271833374	-0.08768246498284582	-0.12417630799983898	-0.010086310405790663	-0.10169876339300014	-0.22105929102625235	-0.058362149211657804	-0.19520827892752873	0.006741492358045914	-0.2709838141650593	0.06289735410078698	-0.19201297588879662	0.1122344025490663	-0.22550759911583854	0.1011377755249748	-0.04191570327120528	0.2339454083519433	-0.08344841271824927	0.1606851055429854	0.16610981078928252
HMAC104_2_sh	0.10289555058294492	0.5566913584066439	-0.011073171819442125	0.4384027264312041	-0.1704616393444925	0.22595039076804366	-0.22589310867767265	-0.14972599436193673	-0.11991056046637762	-0.0908613991537099	-0.07005765720393174	-0.23696707572619896	-0.029987277359819958	-0.1893619220499646	0.0454714192873102	-0.25221961065429155	0.0610630522750266	-0.1810941639756816	0.08457554248664312	-0.1938724976429983	0.08510730770113409	-0.07294838249031017	0.1875819009025171	-0.10189512321725151	0.060688641636160744	0.2479016936664507
HMAC104_4_sh	0.003796650857096677	0.6118142458932823	0.003265623538803622	0.3881623033419825	-0.09382112143812114	0.2292282463499569	-0.19422091796346813	-0.1248553919324543	-0.08672672064267725	-0.08804353469674829	-0.07343939989526754	-0.19073478422038417	-0.039294353210414086	-0.17706136163716638	0.011287743251416547	-0.2762952246034547	0.050816183700015075	-0.20088184914317747	0.06451782662429499	-0.2136417216506563	0.09512791268204651	-0.09652281304406164	0.17592387236634924	-0.11920779360386592	0.08276670012992719	0.25803967894674873
HMAC104_5_sh	-0.005235486506845417	0.6250424211477738	0.024534350801152197	0.3696053249309559	-0.10300295494349063	0.22170955530845904	-0.19297130531104478	-0.12476819400244928	-0.09652336431394655	-0.09374237466898361	-0.08134145708148244	-0.20385321955787725	-0.05227848192907667	-0.18727218829711126	2.9293187035518004E-4	-0.27495579961670796	0.050121032279683835	-0.17686966460208758	0.08509825174465536	-0.1988960429937889	0.09110010550627248	-0.08257246065935783	0.17557660475147252	-0.10871453358052975	0.10462977313229534	0.2352871765917056
HMAC104_7_sh	0.005859669492198051	0.6097978118583585	-0.00781383605031017	0.4113877798547999	-0.11248107765141893	0.20414375800941112	-0.18884808683478507	-0.08626144064976798	-0.10186390330553127	-0.05215461152699628	-0.09376441791351671	-0.19747230114276706	-0.0285715542923237	-0.16448169011550232	0.05023509239840293	-0.24933760971632238	0.07156326425047524	-0.21147021560263665	0.08894687963447061	-0.21894011637151808	0.09041512038662408	-0.14534677605128796	0.1523184555976148	-0.1631174158989726	0.07400439428809924	0.26325282735320304
HMAC104_8_sh	-0.06956027675705473	0.5570100767530373	0.039746056499405526	0.38007279451142795	-0.036520335257121894	0.31774967930238734	-0.20686646780733695	-0.1347919363288072	-0.10770748582045853	-0.10530673927205836	-0.09554475175113436	-0.22544874109275606	-0.06822262217808647	-0.21330309196541852	-0.04300445863223355	-0.27029616558224095	0.03481853060941313	-0.1768704317175433	0.10273059514953845	-0.22101015242609637	0.11119666482248938	-0.03786508234052648	0.20801395317536464	-0.0875927600176854	0.13092059794721708	0.21765255017628146
HMAC104_9_sh	0.030020757193043437	0.5844432248281218	0.003303631581829565	0.39699328186089183	-0.10432077483349204	0.19915907891579998	-0.22815801397573768	-0.10294978137244984	-0.10731686621520357	-0.0555501962316852	-0.10645251625000024	-0.22867445029898636	-0.0438704176500169	-0.19455396637463077	0.019360994971147998	-0.27637774720412267	0.05856029480350712	-0.1839070087230396	0.1063717229696781	-0.21218375685498486	0.10405627902661928	-0.055627676367172994	0.19696436629737835	-0.08681599542994603	0.0714805420812462	0.21604499325220605
HMAC104_10_sh	-0.06853085616493465	0.649881845623899	-0.018425941766939444	0.39670061560075837	-0.08219686321477328	0.2356498397359067	-0.18075638446231368	-0.06377900814393467	-0.06824545761834952	-0.04393846434241187	-0.0627998322299696	-0.1987692595178485	-0.026306248544172413	-0.1765667494040894	0.027400370420049985	-0.23763532175250549	0.03842047513859163	-0.22003310108452362	0.04665544032763339	-0.2302744043106946	0.08635616214582441	-0.1273478895206006	0.16787148729127477	-0.15634120164328477	0.14055764867807888	0.17245309875932865
HMAC105_2_sh	-0.006646553514809236	0.5761761116087926	-0.0023880565936681454	0.32718961219146336	-0.10014811427177953	0.21537648370675994	-0.23090854787389484	-0.07000430170171068	-0.10004788306874227	-0.01862404195098626	-0.12787174637946896	-0.23667105511498487	-0.06372099598869116	-0.18925097544280722	-0.027916903735955144	-0.2900117995918625	0.05559529590176707	-0.17349294422951658	0.13863633699802289	-0.24555110627967525	0.12043477096873477	-0.03740370397326423	0.2578688953004129	-0.06344744450779205	0.08711350225807138	0.20571516528558448
HMAC105_3_sh	-0.021165973725693968	0.5594248982676063	0.0068252291922008095	0.34310573181528264	-0.10345382689684372	0.23734844743354153	-0.25478676802168504	-0.07691941265858113	-0.0854842239270365	-0.010625921252040031	-0.09999977852401233	-0.2381695582533285	-0.05411244583214975	-0.20123480556324608	-0.005635533658885063	-0.27569817980891903	0.05328597880585249	-0.18487349523220392	0.10317170551863042	-0.23621490093950884	0.0987955857985131	-0.0361590206103543	0.25749872601106844	-0.10139308059835483	0.10506132526004365	0.22140929740010562
HMAC105_4_sh	0.005065982319309929	0.5796621899804455	0.0031324386804800868	0.31764367179485886	-0.1322746520925649	0.17352432507196966	-0.2639689863163456	-0.05198973242689561	-0.10542488223477729	-0.027773516774790393	-0.13262932701485503	-0.2133808171797896	-0.052814145549101646	-0.15629710509639702	0.0049707061881397625	-0.28995323747544705	0.06045466291466685	-0.19663429714740416	0.11820569852680192	-0.2415565847499569	0.12176852507940493	-0.036984332986807554	0.2876603590192453	-0.06735724952036537	0.0858536204795981	0.21109668651058053
HMAC105_5_sh	0.059755237499937414	0.5259174480226105	0.008604240013564881	0.3123571575734699	-0.13007623332086587	0.20664183641937742	-0.2981881478667694	-0.08385363198377399	-0.11874520574674562	-0.04954148023355705	-0.14379360050998713	-0.2523523306843693	-0.06879170885874467	-0.20141911597998816	0.004061735420316088	-0.33421151558716417	0.05249894088689774	-0.152234263928184	0.15358060555431313	-0.20789106319603162	0.09612750315655018	0.021670694159728873	0.29315260592688247	-0.00950146615743415	0.09181402784464796	0.22441773157531522
HMAC106_2_sh	-0.02000655659372038	0.6278544249036571	0.005932693975541931	0.2981212662870356	-0.06266047328338734	0.18792254234596786	-0.2483388287108209	-0.06311641529198819	-0.09611563730433673	-0.02873202467053771	-0.13350470128077407	-0.22293174138208424	-0.06020456302168783	-0.1734396512042529	-0.015553990870838997	-0.29261228415030716	0.05933598747652023	-0.17649885485037936	0.13235662435888754	-0.23620846821074862	0.11840991551080748	-0.043941900002762255	0.2489091980870715	-0.06071007082731898	0.07144033165673702	0.18429317705371864
HMAC106_4_sh	-0.03313077014580872	0.5684657616538463	0.0166571023807529	0.3250428796767213	-0.07492310329732611	0.23627066921651838	-0.24464759340418335	-0.06154291602994607	-0.10989024408680148	-0.03386540525384593	-0.10044326060068597	-0.22748895334413483	-0.05074771171359693	-0.1876806701298187	-0.009594412587860835	-0.29610726169461055	0.05975543206388256	-0.1982796463162121	0.10488444093936272	-0.23987180634791963	0.11037819883283198	-0.04738800489016859	0.2336534761471505	-0.09181144372963129	0.09804844547228397	0.2542567971892029
HMAC106_5_sh	0.018919103118369147	0.5770941677311593	-0.004354552862049332	0.3478145533956244	-0.13319563694954972	0.20458510416995818	-0.2677871957497249	-0.10689161410267967	-0.10194740856755613	-0.029874128109735595	-0.07624083316502833	-0.23500398014366253	-0.0473022125318613	-0.20062644409722832	-9.948869074271338E-4	-0.2674525335978545	0.05015765837407452	-0.1835571099470172	0.08923232678528616	-0.21245725075866656	0.07846978538008863	-0.0152501189059733	0.2550652884745148	-0.08092256125095641	0.13997856460086466	0.2025419156170351
HMAC106_6_sh	0.005722316289140196	0.5799363747874535	-0.019225155151590068	0.29697297724272487	-0.16452676826848445	0.16516195148763066	-0.2610654228972893	-0.08623308728374993	-0.10796801507469425	-0.011574401285663907	-0.16504627415035705	-0.21970072188259715	-0.07977358697259601	-0.15306460387187665	-0.021543061331859927	-0.32817492424289135	0.06322718386001222	-0.1629665828654586	0.1482960791628555	-0.20435767199528984	0.1404426285153423	-0.017717256591091173	0.2619979663732792	-0.013362450752710272	0.19946210964624136	0.15508039725351763
HMAC107_3_sh	0.008051362086204467	0.5276626444765821	0.002056416670436337	0.31197964561185176	-0.09234740854693488	0.21415141629021295	-0.2631204235272211	-0.056751909535385725	-0.11646647538179275	-0.007853786247430576	-0.18860770071009195	-0.2013273826441639	-0.10254491416509826	-0.16720588241126114	0.01855137776375919	-0.4039708941376815	0.10695953571604569	-0.17626389213732435	0.1985723442304772	-0.2117513603960066	0.10438196843074457	0.004696429380915473	0.23109033625684514	-0.050180159296272106	0.0934235811766255	0.2168151310459627
HMAC107_4_sh	-0.011644698519381366	0.5514113743298938	0.008345673940860136	0.2764474788099063	-0.14557716109946905	0.18685248781853797	-0.2642218787511385	-0.011120906247048482	-0.11714799068621515	0.011655089946803886	-0.1822974470681857	-0.18582663642143518	-0.1062146415465996	-0.16621306296679764	0.028438687341372497	-0.3756072167071054	0.09550752248753194	-0.1800802675238279	0.1963769814647479	-0.23750913780198715	0.12434573408877835	-0.015922238597918005	0.25622461725542545	-0.05051389520793036	0.11786460109227322	0.1964269305689082
HMED101_1_sh	0.00678264850474402	0.584155892442891	-0.005298523776819053	0.42394559555269173	-0.14425601078103847	0.16730072560710604	-0.20357787229832733	-0.0920665850349118	-0.08954786114942853	-0.039313561050932644	-0.114351832574797	-0.21882501501516552	-0.049285218869044425	-0.16374331806018425	0.023848260023415217	-0.2694277611144001	0.05969434027553666	-0.17294962564772165	0.11644536533118295	-0.2252640124419062	0.05290201830108029	-0.04616558798852828	0.21833819631012943	-0.13709002819507884	0.12830649070336625	0.1894432809461403
HMED101_3_sh	0.013323826865914504	0.5796217127387117	0.00516972925820855	0.44255023172428454	-0.15363550339763535	0.193951892953719	-0.1901286042981703	-0.1493356876300062	-0.09209219667097153	-0.07777573202481294	-0.07884845330914336	-0.21900633178861753	-0.04383978351753598	-0.19626109078350917	-0.009961952517468908	-0.2354607134667454	0.03784489154150521	-0.18412590102652837	0.07780779312599495	-0.20846071077986633	0.07768991979120012	-0.026373093825783733	0.20588815053176823	-0.126016364788146	0.1507821825963338	0.20669178869730087
HMED101_5_sh	0.0025247598848848335	0.5595708982459632	0.005144643167144115	0.36838058341867663	-0.11877757055876817	0.19110252967919789	-0.2732435512472024	-0.10413198748573806	-0.12013605843925326	-0.04930627889124689	-0.12902949650466716	-0.23649794857163167	-0.07224074143353523	-0.18382304685093268	-0.004394479629515474	-0.24994908743809732	0.05831900993363627	-0.15425456221745662	0.13871683436674687	-0.19926977842967492	0.11679177947899144	-0.04413671979773228	0.26317972743301865	-0.09653115773060889	0.1331451435485193	0.19884655606928267
HMED101_6_sh	0.006509902745239465	0.5187255818262265	0.0017804738626077087	0.3721991696689851	-0.17148599143859589	0.16284805618360143	-0.29020991062211837	-0.09192876866018228	-0.14410743920640742	-0.023071594348284645	-0.16357839070065633	-0.22770044573607548	-0.08139245506480379	-0.16806951700751122	0.001373137530087911	-0.27911003117449573	0.0803333778756736	-0.1548161007250411	0.17019264864924835	-0.211483755313643	0.10538338373576221	0.019180635532062805	0.28699829610164934	-0.07243844518520755	0.19820296653231403	0.15566521493956537
HMED101_7_sh	-0.05798289800397864	0.5834629581715298	-0.02597782772177546	0.3787509159340577	-0.08497887392368286	0.21651180946060672	-0.17540637331941353	-0.0018614657796251297	-0.1071951101750593	0.004055077652280683	-0.11348540256100692	-0.20343879077743413	-0.06379401197567688	-0.18229259513293858	0.0027856696639789007	-0.2976831970901702	0.07193371172336463	-0.22836360135606304	0.1076170868820507	-0.25264017290507784	0.1243780729326388	-0.09562159387312111	0.22228785350120384	-0.1120373888866919	0.09981810297735637	0.19115804458264685
HMED102_1_sh	0.03793687716171858	0.6115926990579162	0.01501474692373191	0.4327416836975711	-0.12858162612899576	0.17142300230846297	-0.1818737183564086	-0.12119833117131003	-0.09506725825502993	-0.09215968745804133	-0.07136267570454052	-0.22558504762210396	-0.04158399814714714	-0.20410862706445562	0.005956194395126818	-0.2598394417178969	0.03970321437611655	-0.1873037087733838	0.07301181702389224	-0.21083891998555981	0.08665241475742504	-0.05424654182099521	0.17005789330443577	-0.08219733363962528	0.09013611864967405	0.22172025418942187
HMED102_2_sh	-0.02850514461287755	0.5995162645871014	0.008521867948515165	0.33954994696465723	-0.08462522540011426	0.18108660595225848	-0.2324973479813323	-0.02395385520803227	-0.077707446453773	0.014929851085934483	-0.12067401110465231	-0.2349771088577918	-0.05756095450409297	-0.19263115253521795	0.007241919577734717	-0.3483736617535357	0.06722781260392323	-0.19227481223427037	0.12014274312867904	-0.22653955553614166	0.07901071688332958	-0.011317146964752726	0.2217895574237415	-0.07132732744009779	0.09763551249091884	0.16631195193988857
HMED102_5_sh	-0.0011425330478304976	0.5875316794426001	0.008302046456643578	0.46417196548857836	-0.09492457095298441	0.19111201496714808	-0.1795972961358179	-0.1261001362527746	-0.08206259944519238	-0.07857988608724979	-0.06981694922684041	-0.21545121436314452	-0.04298774864633942	-0.18856764442233473	-0.010097413850648468	-0.2640591077559584	0.038898465608395445	-0.19234962783576934	0.06405415197578175	-0.22312808044861657	0.08890909875213364	-0.05458857731124575	0.1900805607568236	-0.11929455441969314	0.09038478775587688	0.21930316899846114
HMED102_6_sh	0.02016979674388057	0.5999819518717944	0.01280725524041916	0.4292606361448077	-0.12863423179940894	0.21268044515008566	-0.1768949596794728	-0.11569190032617445	-0.09348891150223206	-0.07278598532451873	-0.05293820727258795	-0.22534827894567994	-0.03241486393508984	-0.20395459131113025	-0.0015385480034096864	-0.2560695808949707	0.037111760327957564	-0.1964425045521488	0.06418243441595545	-0.22006918618467436	0.08249367701687144	-0.0685035378587325	0.189033498743212	-0.10385968425985705	0.08011129970390539	0.22080221649119977
HMED103_2_sh	0.01824480426915404	0.5871364047684265	0.001051359480927709	0.38720219913035614	-0.21488236727230628	0.09591385651350795	-0.23266213003802677	-0.035134317528480646	-0.10540538298912318	-0.006944610242586226	-0.15927219513339802	-0.2112215053979367	-0.07892528156902456	-0.19782770802024743	0.019016639705617677	-0.3562802992891426	0.08411647958331381	-0.15695058818191007	0.13858641768767013	-0.12587017749865306	0.09746695461948528	-0.00540583580807613	0.24550787609675523	-0.0758008878979535	0.18715682555895444	0.10118346945269505
HMED103_4_sh	-0.03983133657964181	0.6307260681055529	0.026870877928952933	0.34760319426594133	-0.1908186623094316	0.0628062088183403	-0.2110892437675299	-0.05115803130399045	-0.04439123908491139	0.03178143642332122	-0.15488982356388759	-0.2017929423386593	-0.08352036684496113	-0.1725719660152	-0.05903423199032235	-0.34375149467770555	0.07401295635603046	-0.15787174415653304	0.13900164755294808	-0.21189238449785835	0.10548853087412352	0.007435172201898602	0.24845385417059304	-0.04372933143832401	0.18974703725803765	0.10241581461321674
HS101_1_sh	-0.01177958018509203	0.5148974475770522	-0.0028373481773706945	0.3726023608786746	-0.10829573472213645	0.23973429754208894	-0.2505295358401975	-0.04760806944007492	-0.11626779147489329	0.01123189120177968	-0.09541337609886992	-0.23508782404560777	-0.06563367442209346	-0.22343857145623428	0.005082569026280528	-0.3095468495188612	0.06178037110407219	-0.20796322761581998	0.10047644510670407	-0.2425479506347451	0.10934605714367324	-0.01174652825672302	0.2682114275208362	-0.0680707015699624	0.10586017101908808	0.20754372533843282
HS101_2_sh	0.0427602038500783	0.5407221133998913	-0.008454074994310456	0.29212376966851766	-0.12245125494611528	0.1766638121038629	-0.2849698453086131	-0.049160901961823704	-0.09100578208594035	0.03377318492328996	-0.15700908443845202	-0.2699500401082805	-0.0663577016503426	-0.16213259033715308	0.001437540885244535	-0.36602370179768234	0.05847348916186028	-0.1406680682657526	0.1939912568705294	-0.2523296180667143	0.05410649711446755	0.053557122919639745	0.3082559301962096	-0.05354289712260726	0.07122282534538467	0.19696781464481247
HS102_1_sh	0.021497912736460987	0.5623731637278092	0.008902494755132172	0.33440359340930736	-0.1715408835762287	0.1298813426928524	-0.24818168403670862	-0.027891024448171868	-0.08244772793082147	0.017497879428220297	-0.18194578942389056	-0.24429635560581367	-0.06568052168144854	-0.14822587390568887	0.00614226511427815	-0.3652028677955155	0.0729964751312197	-0.1541635497763176	0.17823562668121287	-0.2267146605023424	0.09466633368773503	0.005057897893309415	0.26626529517321185	-0.0522374949305258	0.10109020336984585	0.16951794981287788
HS102_2_sh	0.033067074723337024	0.5306154656375012	-0.03736980220682923	0.2925982960195366	-0.18949816787721227	0.20339280867008994	-0.3087519978671774	-0.072691386052619	-0.08637698581362808	0.05316260727462405	-0.11150276915919269	-0.24331709427797815	-0.04797035588527733	-0.18320684969875436	-0.008680068352217199	-0.33921971492533254	0.05592187930668538	-0.16591915991065703	0.13179820944153997	-0.22442423397358052	0.06535116895773613	0.04576316820793451	0.32960809597989327	-0.05616253678342295	0.17440371875234298	0.15940862981265863
HS102_3_sh	0.008001359899126169	0.6447549127881519	-0.002712016778616943	0.3176491679750858	-0.06931423869165432	0.1339318215344869	-0.25490240358409294	-0.11681482018358533	-0.04740212818664104	0.019746322880303598	-0.14590171656573908	-0.24438514183617904	-0.05428073641790629	-0.17275083241893152	-0.014207522257577048	-0.33635052998355536	0.045619696894447254	-0.1398496548677356	0.14199881395740455	-0.22585280723867862	0.05232516253071945	0.03616984022471156	0.2293572365628521	-0.047396393800845295	0.11141849263767827	0.13114811492677067
L101_3_sh	-0.014618411482088124	0.6035887761892316	-0.00219337249410103	0.4216512049633961	-0.05518237064065888	0.27785827531535956	-0.15918801507468852	-0.12580094993801	-0.0699762990585429	-0.0858415154868428	-0.05906800120658937	-0.22207524335842177	-0.03318935465470112	-0.19960028578109448	-4.386465507278531E-5	-0.2761095820574133	0.033086583358202054	-0.19589718664381575	0.05598193234088214	-0.21736396661940952	0.07196765866365286	-0.08535888880025456	0.164801947712731	-0.13900787631006487	0.06762156719097506	0.24395723852734125
L102_1_sh	-0.018773339612294847	0.6314773439672923	0.01394808920613896	0.39974862531945426	-0.13052672856139677	0.2211313074722648	-0.17318902255456137	-0.13913552680737923	-0.07917963488619077	-0.09287792929065906	-0.06199616443321927	-0.1950760305168798	-0.04307612807397314	-0.18229074271669568	-6.874786282708746E-4	-0.22724240441135543	0.012826525868783203	-0.20666367540840394	0.0565269666631253	-0.20390460904599383	0.10458075941809507	-0.0881315117479414	0.19050780295593212	-0.13310878954945568	0.1290383526378334	0.21607394273575306
L102_3_sh	0.009284433357123256	0.6135007270457178	-0.010050154532783566	0.42159588559936184	-0.09136912250731635	0.21668706421143347	-0.18037945816828857	-0.12703371236048838	-0.09376458182751578	-0.06810805286371453	-0.056964619072426184	-0.21906658793369196	-0.03686270570725587	-0.2014688395755097	-0.0026736291364001796	-0.25531567512403736	0.03957818153548841	-0.19099003290913166	0.06041140183880396	-0.21236155083164068	0.08787348954899497	-0.08185468238457909	0.1798376610704084	-0.11437594286118052	0.09507910360116725	0.21879139998746158
L103_1_sh	0.0047469091722421725	0.5532898258645716	0.002656013644894352	0.4344695469180026	-0.0727922366005481	0.24524116455866796	-0.19877072174129465	-0.1290461954702463	-0.11773363821307875	-0.07998983572068635	-0.07607984766033424	-0.23000334919005988	-0.05739702863947889	-0.21171049273001552	-0.014662725012476237	-0.2669277331823806	0.04210327702123892	-0.17969019879146875	0.09564753445276294	-0.2239677716370327	0.1032024240164244	-0.05406612130231811	0.196495727423414	-0.09540134140750249	0.09258431213623344	0.23780250209046744
L103_2_sh	0.01633638949109243	0.5691856262647428	-0.013216934893576886	0.4113703901534774	-0.0728111667572969	0.24083662114688784	-0.19886875045472585	-0.10474768687624986	-0.08921457237304939	-0.054456828915257646	-0.07579485255131503	-0.21923005779206106	-0.03974254991297142	-0.1990806233695816	0.012118194911236991	-0.2594100240383502	0.05362648210327579	-0.21009340773098262	0.08659815573802834	-0.23265602091384713	0.09414519583761626	-0.08894068330971355	0.18903548017147467	-0.1458635502605737	0.03778892869021136	0.2930862456415098
L103_3_sh	0.03103162465594883	0.6172128034728054	-0.008831121277918047	0.39730854023758233	-0.07196775169867337	0.2593184169453568	-0.17554230359181788	-0.14765107787783704	-0.09126545086277754	-0.09530687031084897	-0.09060380013136951	-0.20756074581474993	-0.05091669390772702	-0.18193580017747266	0.02497928126503158	-0.26826464319654486	0.060511367671387296	-0.18947720244572247	0.09691078403803341	-0.20958142469742208	0.07325092011094692	-0.08559261857462287	0.16013728821864853	-0.1268067445725269	0.04230585551028762	0.23833736701200364
L103_4_sh	0.017740647754094008	0.6116065760429849	-0.0027202520347784365	0.4059546129368188	-0.08104014117029675	0.27624478735748836	-0.17638935827452334	-0.15064546908777843	-0.09633999785692644	-0.10602852472121843	-0.07819241408984585	-0.21429176371269404	-0.038172244792435084	-0.1838791736032569	0.012872547846964816	-0.25356674612362196	0.04897545134785599	-0.18884780858363726	0.07755110633709889	-0.20973500263731432	0.08587644830796635	-0.09149316626134686	0.1696065578426271	-0.12056295592755345	0.06023164878219836	0.2252446343211296
L103_5_sh	3.51561698490252E-4	0.6097995996604321	0.027796408494221624	0.36994740507457274	-0.03978132477084388	0.24713735469471376	-0.16924938289763142	-0.13164596386527105	-0.09367597445887078	-0.09776208649475654	-0.10178191059562328	-0.22583748647570714	-0.06670295280884089	-0.2111592235646448	-0.01857714140056871	-0.30049521513349026	0.058328274059454066	-0.1859794385077421	0.09867969250298242	-0.20279939559164795	0.08367451745909962	-0.05762792427349722	0.16412111229965676	-0.07781951836143593	0.056817120418474115	0.2642418928384737
L103_7_sh	0.02910188491741065	0.6270499820355306	-0.018732121726615286	0.377273564597633	-0.06686482766662119	0.23432397301922914	-0.17139728929719067	-0.1336459141117324	-0.08729108738388329	-0.09095911740682189	-0.09413454669793261	-0.19430657000753865	-0.04585367587966821	-0.1736488340372434	0.0018182622446490868	-0.2820218958485274	0.06255257488703732	-0.20321604787642628	0.0978466784363399	-0.21409582806217525	0.08699964050532635	-0.08833949294769153	0.1664010918552904	-0.11695577467378276	0.03955341580585782	0.2585419553195459
L103_8_sh	0.005464507288736285	0.566632275137124	0.014344686729788472	0.42945450643970756	-0.0874580723829175	0.22778771735869885	-0.19450831366476354	-0.12258601597082014	-0.0928949901966524	-0.06743436193869057	-0.08197313068865145	-0.2381736896628696	-0.04996005858182409	-0.21671228278539142	-0.01754025540607422	-0.2705026525941626	0.047271366519251214	-0.1883275659042214	0.09111862583130216	-0.20771944888200553	0.10630154194687247	-0.04774436640416982	0.18003687158176565	-0.11032898749976586	0.07979722102316708	0.24565487270656683
L104_1_sh	-0.008228952774896194	0.5644142179800022	0.0064625990702982215	0.4328480525554839	-0.14466129208373518	0.21155734116201633	-0.1742616081876794	-0.11823559267848033	-0.0699343183355384	-0.05377490010568595	-0.07045895188728461	-0.22020876459311367	-0.045951575596325886	-0.2133256862150041	-0.027942674471464823	-0.252832155177041	0.02609259929631121	-0.2068264375764877	0.06142644294355569	-0.22640362352965224	0.10306665839606574	-0.05383343680997446	0.20911125096216668	-0.104846113217124	0.13527982266852828	0.24146709820506235
L104_2_sh	0.004176027016638044	0.607685238465695	0.011569721198875695	0.3998543917909752	-0.07836754360614522	0.26121470070405783	-0.15807110119376128	-0.14825670421200304	-0.07893126862434788	-0.11124121951015534	-0.07914792483221167	-0.2145581634025203	-0.044421979928272876	-0.1919527173383499	-0.0033506141920778797	-0.25387058481491587	0.043704897773125695	-0.19548832458175863	0.08875032003115758	-0.2074721245860115	0.07989163609498302	-0.10860670556342258	0.13518605657865376	-0.1377195500527321	0.07901177368338218	0.30041176310114065
L104_3_sh	-0.03682035578324337	0.6046576210793553	0.005655945473461564	0.3651257654821943	-0.08747188160237573	0.21446050820729537	-0.1859636561016082	-0.07403153107158743	-0.10754733228123935	-0.04358163133138433	-0.11722345769260743	-0.18779780375623004	-0.05876430359253114	-0.1564753689356535	0.0122622024055546	-0.2865351093130869	0.070030717440318	-0.20622605817461284	0.1185204502012317	-0.23293314670784954	0.10248934123088535	-0.10064970825780109	0.18998156849510683	-0.13432134568919807	0.0948507618070456	0.23830780846855903
L105_3_sh	-0.006575808852233578	0.6702846299264088	0.01206714892174135	0.3417661391178646	-0.08209097091206173	0.18877273212899226	-0.1819611036644406	-0.10548335035142528	-0.10450553640562874	-0.08792636899285138	-0.11575747190975678	-0.1912079892610716	-0.0687949379655256	-0.17674977437572137	-4.01217405608327E-4	-0.2927432662924158	0.06531148636113195	-0.1687113351223695	0.10400520006067429	-0.19166144640109622	0.11169954179209156	-0.08082590262498149	0.1823851363844413	-0.08368344815163126	0.08461853359517449	0.1781693804002979
L105_4_sh	-0.0070035279356188695	0.5458724508911055	-0.015206191882343179	0.383291365598679	-0.09000747999693992	0.21618838578492328	-0.1858404993056146	-0.029515943104372045	-0.1217456595381566	-0.021097579422915513	-0.13076807271157428	-0.21860088142345238	-0.10357906254040622	-0.21537910310230252	0.007336783016641962	-0.30233496571241086	0.0755157483909707	-0.22105792178075795	0.13637669937117955	-0.25044876751994544	0.12807412150446293	-0.0361535162453803	0.23102088882325686	-0.06108907580802718	0.07582625280414111	0.21032555184485593
L105_6_sh	0.0035617068810476216	0.5763469516277274	-0.007753218841758447	0.36083115008896066	-0.060082807854013	0.2518316708661605	-0.19021548526970966	-0.07126085201974189	-0.11188804852591304	-0.06047492854117729	-0.1121051731883643	-0.22552948970305076	-0.07452076622244957	-0.22045144401513425	-0.0040074750122069715	-0.3004260699655473	0.07770368011928717	-0.2176567020121358	0.11600393815653384	-0.22837207915058597	0.11485829283070943	-0.055852685615751144	0.17585257464774112	-0.05326877989894365	0.07259278227909495	0.2442832583392201
L105_7_sh	-0.028753684523377523	0.5934898583388228	-0.001206418761008278	0.38750555771994893	-0.07432089094393424	0.2191122647201946	-0.18909252634389445	-0.051051424744167906	-0.09736161694316031	-0.027771085960051907	-0.10498818673842583	-0.18373542359373246	-0.050418994367580794	-0.16234455290375815	0.030785214898953802	-0.30401773402595805	0.08057481961696705	-0.21909322538395426	0.10568832522440465	-0.2331663724318058	0.1095953924234559	-0.13712884695455635	0.17061965173632024	-0.14731765453597678	0.04887891472128057	0.2655186397549954
L105_8_sh	-0.02096188056841239	0.6319234617996431	0.0024439916740297135	0.4184517128937991	-0.07770226989357627	0.2447297180401954	-0.169342677836089	-0.11032871725356486	-0.09493033136389743	-0.09878911606856845	-0.07285766998189488	-0.20323271315625474	-0.043940068803474355	-0.19158958927934178	0.0012603951394803033	-0.252039763678534	0.05892150271245297	-0.19599391324813495	0.08124494793622603	-0.20578389312528386	0.09021603068598527	-0.11007397671148006	0.1477931709205266	-0.12089947707024	0.09785485937864424	0.19362626685776535
L106_1_sh	-0.06185003402733066	0.633456997243704	0.01757238573615949	0.3500694593070513	-0.06350273860268672	0.17648721125061412	-0.20653091438520363	-0.016620326701802128	-0.09976345805175083	-0.02134222595866958	-0.11371764767832877	-0.234802058382224	-0.07075033662840567	-0.1962630861355664	-0.011799166184108412	-0.3116425936746309	0.05729647274844613	-0.18098131059628692	0.12682131151865478	-0.21802792956720665	0.10680242116241088	-0.0423986322290355	0.2017656394719331	-0.07613173502930662	0.11765606492020995	0.1381962304733592
L106_2_sh	0.01940678148520949	0.6159829695152731	-0.01845210819239198	0.3755335206389808	-0.12846717162904628	0.17796039678103404	-0.23997080934178372	-0.10682426273201305	-0.12468444742453878	-0.07345298666673014	-0.08629855933830426	-0.21220071822895956	-0.05078888670108858	-0.1763536351865312	0.009572214780678844	-0.22829976569430566	0.0473627305060367	-0.18472703755710043	0.08243045980447426	-0.20728150223024938	0.12649855635922472	-0.05756193088914159	0.24193137375112872	-0.09755891840074421	0.12145986594040153	0.17478387065048856
L106_3_sh	-0.02173358729058194	0.5991202960587324	0.011930346193444515	0.3788286458939354	-0.15661359003833558	0.1318228154117683	-0.2089353503288504	-0.055368446714016625	-0.0882955355439757	-0.009995204707924227	-0.10173274903749076	-0.2174118678919488	-0.06301443750436557	-0.19677365881971656	-0.010432299127239088	-0.26185539862091034	0.04945013527475532	-0.20342095988612752	0.09618545015151242	-0.23817632707663644	0.11780967951424212	-0.013426842837767971	0.23218720553852285	-0.10078064924362769	0.14319473219836143	0.18743759843424107
L106_6_sh	-0.04755281827154283	0.6013620069269503	0.008267712234386996	0.35375180099703685	-0.08134278055221184	0.2032472697611354	-0.1980901569596917	-0.05365030447821863	-0.10304737792614342	-0.01888028829862994	-0.12789330525361803	-0.24462953549245597	-0.06178304061910307	-0.18128446181981364	-0.02692398829259641	-0.28548895679381175	0.06668141961509222	-0.2091544446585247	0.12068483501123296	-0.2380975222317609	0.1116684250204919	-0.01520833459046455	0.21566844143794422	-0.07376288674228286	0.12366263455575985	0.16179565742083993
L106_7_sh	0.003117106831647211	0.6631392680166662	-0.015948738414767863	0.3470522870644033	-0.11090003193987646	0.1654115706073464	-0.2018479667519726	-0.06283171147464198	-0.11027695052667857	-0.02549386310094514	-0.1084377558462411	-0.2160302866262046	-0.060294392448517226	-0.17590258371963804	0.03418097605949117	-0.279882610916637	0.06165802119464148	-0.1922815728659324	0.10979115512751411	-0.22137043939458437	0.09728296930692223	-0.053062689501174896	0.18798892974700845	-0.0728004693631686	0.11368667766082957	0.12405310127451148
L107_3_sh	0.039886744995209146	0.5446942890654849	-0.004363359095303179	0.384678163159063	-0.13729695273670528	0.22935317767353225	-0.24899523529700848	-0.10139734262435533	-0.11398753500568384	-0.046066959501417364	-0.0776995956593608	-0.2391468529835018	-0.04174453232046904	-0.21639945736862137	0.010606791947377486	-0.26891176647533777	0.04882343632750738	-0.2101859665837978	0.08397076519395326	-0.22988871011499226	0.09061739267064538	-0.03420644788866861	0.22927708184818993	-0.033219556072868923	0.12090499713164818	0.22069742971548104
L107_4_sh	0.01043851598062285	0.5578302371977243	0.013607079269788193	0.3733593070736176	-0.10941605996131376	0.22415660853286554	-0.23818340891854503	-0.10948776456169758	-0.10275688794396022	-0.03454624300086787	-0.09318834980505686	-0.2367816370587701	-0.034050050966619644	-0.21054829905524308	0.009795753166151736	-0.2826551380504457	0.04909891378529204	-0.21434087643538588	0.0718482744845943	-0.24388855287259711	0.10318754820604253	-0.015097525730742162	0.19600959291410971	-0.045097188807154465	0.12360907978889267	0.2370970727686963
L107_7_sh	0.01742603565641823	0.6278233259628216	0.003221759940149189	0.37539411327247146	-0.10629346400245526	0.2029036703867615	-0.17050742461989882	-0.1153532154003345	-0.09426127009809132	-0.08486837316938124	-0.08998824906951908	-0.21886407971705332	-0.049611991201120406	-0.18899629716189983	-0.0016347714242516964	-0.2801915410884694	0.034038299124627386	-0.18581871054756993	0.07976193467384082	-0.2245897363897387	0.08543265801800462	-0.041591923501097465	0.19891816175956242	-0.07186815437282162	0.09349832124273418	0.20602092172631242
L107_8_sh	-0.03711131638739882	0.6036156327443557	-0.007830612673937195	0.3670566995594477	-0.10288750896872739	0.19985160699212184	-0.19743461351554942	-0.010222479010931696	-0.08475167359283628	0.01637999838507282	-0.11412977091085541	-0.23431918584487912	-0.0573907771419881	-0.19734642983235332	0.010744220764953641	-0.3362527189092999	0.0583926568324979	-0.19903550773942158	0.11798480198524514	-0.23610258567957992	0.1002950991909497	-0.042641872840721635	0.19498354843078577	-0.059964456707810004	0.1191359459868608	0.12898129888399973
L108_1_sh	-0.012741961476819975	0.6405534207224672	0.012313116032121579	0.3774333133959309	-0.11164988766776975	0.22261782383396528	-0.16317833188484762	-0.12167294866443307	-0.07891904843625214	-0.07156759125140752	-0.06754170100230292	-0.22167168242467658	-0.03314255483174352	-0.19070756461047444	1.5088760481759764E-4	-0.25391972792397727	0.036416293519468956	-0.20015197461311637	0.06297450531689314	-0.2186025786229451	0.0599911153477843	-0.06885936090715233	0.1651211535011098	-0.11451176655303673	0.13020641397753985	0.22106063761885644
L108_2_sh	0.02065466257653144	0.6086089364259416	-0.014670065207281875	0.44161791570383707	-0.10876578459672788	0.21842356993362128	-0.1709352513439441	-0.14276631434194612	-0.07659339923927443	-0.0936400094015162	-0.07199339664704388	-0.21946240179079232	-0.038476425324073235	-0.1957931271824349	7.338806736739076E-4	-0.24735615555419277	0.0355253636361053	-0.18139494542180462	0.07125372898693956	-0.2083786096631377	0.07245451686079948	-0.0630217613375097	0.17630074366484944	-0.12723947072220945	0.10451142595944618	0.21040237335214404
L108_5_sh	-0.012167126662260275	0.5954351973499389	-0.00503946862376372	0.4277145572952482	-0.1456977979445632	0.2620735877144129	-0.195758333063378	-0.14289190452807052	-0.08823056973071687	-0.08114775752215217	-0.04695720826916366	-0.2135467153021446	-0.026831031081447382	-0.19509540565102257	0.011480411395734379	-0.22550349711014467	0.035520622479065345	-0.19783224718752646	0.05147077235525212	-0.2077465326212268	0.0820759942195409	-0.0729011926443103	0.1670404696027077	-0.13989786401054036	0.1730932653229935	0.19133977421753703
L109_3_sh	0.04525186201908374	0.6751633147088698	-0.021854794264469738	0.34087339576584136	-0.11082649637294933	0.17146029407381277	-0.19329751799448108	-0.10978732488850847	-0.08794233973855933	-0.0631795718966992	-0.07290471185030571	-0.21529027847760798	-0.043660753301244935	-0.2011070884882051	0.0044824317092789605	-0.2550813915914534	0.03959653044381953	-0.18500643896424418	0.07943889649450386	-0.2152076681276105	0.07913771959467346	-0.05303055916251168	0.2062472955877477	-0.07462987565502185	0.07633187767290314	0.18482319270333714
L109_4_sh	-0.005790547170008362	0.6210469972387481	-0.013477968660396102	0.3584244796552105	-0.09734915073896094	0.20167719871726603	-0.1959302838822142	-0.07831059259464375	-0.08207227534393693	-0.014183141850391911	-0.07448350526851154	-0.22023392915096693	-0.032077787691817614	-0.17437671647841613	0.027557927197937312	-0.2664038147377015	0.03405711206690381	-0.25022471657224377	0.03610347815171909	-0.255589026054452	0.10136464765997093	-0.05507831888325398	0.21637702753995341	-0.08587563326406154	0.0857213261393625	0.21912721397490803
L109_5_sh	-0.008422559310686889	0.6193361096698362	0.0012242450475581056	0.36420893876623095	-0.11319369220367424	0.21771590543900723	-0.1816925837112765	-0.1106765951241456	-0.09764534531356905	-0.0900061817966175	-0.05570188553218481	-0.22274362908390863	-0.03486796758259672	-0.20197705418742545	-0.013748941782571533	-0.22807099335348505	0.005587086290684728	-0.20309392846573146	0.011346712611449455	-0.2331084844442958	0.11511185633303307	-0.05394469627849514	0.259066081985324	-0.09037356783933737	0.1129369931685148	0.23273417669836527
L109_6_sh	-0.030507584623814726	0.5904253467405313	0.012793890043531892	0.400175953474567	-0.12926288212017678	0.21923704381730943	-0.20261065315399612	-0.1158895176547402	-0.10325080855008581	-0.08814138040238051	-0.052712244799276275	-0.2277019660294848	-0.04452003130650606	-0.20644535138392356	-0.02358924638433857	-0.2312078414820088	0.014751574573077918	-0.20175223173072418	0.029280523363539715	-0.22424231917950996	0.10656113703378119	-0.02117251190889765	0.2402509898024489	-0.07901011216365308	0.18281533612181605	0.18572488790291533
L110_1_sh	0.017816261202338535	0.5580963727756316	0.024501413236847482	0.39436438311451066	-0.15897021792234628	0.1643527010908159	-0.21801368410621336	-0.08775374205260245	-0.12187849140756477	-0.08229382453408743	-0.1013288624385595	-0.21599870093647489	-0.06525776487163366	-0.2055874548084737	-0.027406193945994205	-0.2753286591284706	0.061056264383601636	-0.18031386956459836	0.11681098142931257	-0.20141795231474893	0.1212216609940019	-0.0417531304879857	0.22179111784342187	-0.07774985836041681	0.12965751560278638	0.25138373520690266
L110_2_sh	-0.03796209854129634	0.619237886236232	0.004570981129911781	0.4099615654571317	-0.0876909982005077	0.24052202103173062	-0.18006949573962713	-0.10576916533329832	-0.07971230188004569	-0.08038287200256744	-0.0837747672045275	-0.21127214440708877	-0.0390555382272567	-0.18653181923399276	0.004173953930365199	-0.24981026108600846	0.03863631062281106	-0.1930947412233621	0.07090726492019288	-0.21088292603279854	0.0895487934654767	-0.09657460307040966	0.17929834344987128	-0.13032343975194308	0.12112955227463129	0.19492049941637565
L110_3_sh	-0.009783317860115201	0.5883069649636685	0.017065020674423927	0.4280952430933357	-0.1001807808235038	0.23346293275719893	-0.1635232868387058	-0.1328936781403655	-0.08356250204846564	-0.12816032567864719	-0.08566126770820633	-0.21312338978149903	-0.0647153849955728	-0.2064200397798271	-0.037893855603118316	-0.26119006257973676	0.033822622931344574	-0.1688495666928095	0.08622728445550198	-0.19656827511268832	0.10086326738038759	-0.07116901860735553	0.1995754644374025	-0.10684257051462695	0.10776673599862911	0.23535178607335167
R101_1_sh	-0.006857314337975651	0.5923507576799649	0.0062081084007707624	0.22514593428307883	-0.10210808195551882	0.1616141892417379	-0.2860676789817443	-0.057882512476009354	-0.03152646209285721	0.06637605506408062	-0.208575861647952	-0.2363995301636896	-0.07323375764282854	-0.1528223394324072	-0.01831209651465529	-0.3884434166210564	0.06846315658154152	-0.1471336941247254	0.2057873879861835	-0.24693176980460618	0.04458088710298212	0.05823773965118029	0.3081754735046357	-0.045584890729142395	0.09346623959741912	0.17147347743159463
R101_2_sh	-0.0434808015193285	0.5756689956347698	0.016860205382173976	0.28114434744646055	-0.1052282491595252	0.16180272440707996	-0.30424079293621664	-0.05282523543973745	-0.024339240549325847	0.07113367062916394	-0.19094972895714044	-0.23461920168973055	-0.0618347491015614	-0.1474377110733123	-0.004667616096949292	-0.3854562576128935	0.0640698620716501	-0.15001632115013985	0.17653711703193975	-0.24274462858135712	0.04966565896722315	0.057249052312865235	0.29061903988391113	-0.06561898731599554	0.13698929498314913	0.13171955243282607
R102_2_sh	-0.050531508002728244	0.6550630316183813	0.020344537834774332	0.2382898890670428	-0.05098043891653646	0.19778192455574464	-0.26901864657237873	-0.026996609595570917	-0.08178653671645926	0.005559016788973274	-0.1273787790797348	-0.23816083672067698	-0.060078051843241664	-0.18721760712572427	0.0011553345190493947	-0.33913462412174	0.05907428140721886	-0.1755546387525531	0.12605687868055454	-0.22218003315702364	0.07827006396636399	-0.005419009379742356	0.24355030117066115	-0.04335127722124246	0.11132256355245676	0.1413207740441293
R102_3_sh	0.040502065248125295	0.5713776966520322	-0.0012821933720669268	0.2540639364592818	-0.13333349339606126	0.16062253780079325	-0.3043914860297798	-0.040164949896580066	-0.0664682354511128	0.03800675060550136	-0.19901981356413165	-0.24187921646183486	-0.07043142935466429	-0.16494659950952087	0.01141890944481292	-0.4033616335959827	0.07911066604426831	-0.14354303602585244	0.2235809706520971	-0.22014986408457288	0.06858639040658099	0.030276524840603912	0.25914118524473023	-0.01235882929741283	0.0925864641272003	0.1720566825135447
R103_1_sh	0.009697114757267533	0.5734765255509962	0.012964392194754702	0.2821859750084977	-0.11222549801802617	0.17251060730647286	-0.2740210387673134	-0.05822498372845861	-0.08774477909303433	0.004542669561654111	-0.1768453648145896	-0.24822649635576713	-0.08407862170387354	-0.18639703983387493	-0.01164710161309487	-0.3662396458803056	0.07665322381558257	-0.14983633572415553	0.1958252596635104	-0.21134252778717308	0.06671609034892612	0.051851786622113386	0.25917872357089977	-0.03165460383342675	0.1255275996589906	0.16735406909342743
R104_1_sh	0.0021767233164683153	0.6424893717611191	-0.004920734979927233	0.23771252696589348	-0.1323638063921497	0.14170995404336992	-0.23792573452163432	-0.028307162981998906	-0.04858214455202895	0.07289006919607148	-0.16871350807184157	-0.2470741412509561	-0.040666519004112806	-0.14138466753406484	-1.952703498477315E-4	-0.39086751717394064	0.058158171926650515	-0.14078076725259375	0.17613147666321843	-0.24181971209693995	0.058019512614138055	0.018597510704153455	0.2535500827864327	-0.08073502822604836	0.08533175056463409	0.15756956384593582
R105_1_sh	0.0076077773805521415	0.5726178524074272	-0.0209663625085523	0.2591144024268158	-0.09915645054580888	0.18047694846730822	-0.25481160754335463	-0.06037671351988642	-0.06232763663000195	0.040568332819356165	-0.17578152014677856	-0.22576139083703983	-0.08275302432218562	-0.1661777473280179	-0.02325786282459712	-0.3647830705674867	0.06787740966200337	-0.18387441076642586	0.16782843570492925	-0.2532789701065204	0.06963145266928251	0.03964236287554459	0.313962119256875	-0.034412814746338026	0.092147269847638	0.19624521887526378
R106_1_sh	-0.001840900086045108	0.5415400117840886	-0.010714405828651536	0.25080642900801137	-0.1503509729579795	0.1693383197668962	-0.35049666900872006	-0.014799166709665131	-0.06512121651844524	0.04454713622832857	-0.20206631491966676	-0.24911180718747541	-0.06130231079581806	-0.1418415785102357	0.024848234436363654	-0.3634412471189896	0.06564494775993693	-0.12297468396105664	0.19927315976087379	-0.23887485828633703	0.05836429392868881	0.03494366556041101	0.3458823684415784	-0.05990057862560701	0.14787978578788463	0.14976835805163055
R106_2_sh	-0.027455794786959947	0.5628742397516022	-0.005427219631662809	0.2708472104787077	-0.11398528322861612	0.16299169247298265	-0.253391447207476	-0.05352562774692016	-0.029272371332862153	0.0756444232694243	-0.275465099925857	-0.18281478108105217	-0.07282459374115197	-0.12300945834804326	-0.008025491352703047	-0.420499146143569	0.07161126647400487	-0.1524537488240992	0.22710242259289726	-0.2586365484533277	0.0962770030955461	0.0023242280398345725	0.3045738256469209	-0.03909181602314888	0.08628278339791971	0.1553493326076102
R106_3_sh	-0.014071618249655221	0.5443766949979614	-0.00784416907970693	0.26543518150154255	-0.13707907775406508	0.17707276432255484	-0.28736387178520373	0.018386694772344295	-0.044597495620101416	0.08175573183294765	-0.23697774318532006	-0.24253856385455427	-0.05710482292599484	-0.1324970646487516	0.03200009422612578	-0.41393555098402957	0.07222038726800876	-0.1524421631671164	0.2240934571361984	-0.23899874915550162	0.05497151384961612	0.017013173564399978	0.3161552034146085	-0.08080296587367333	0.08559814270548839	0.1571748166918762
R106_4_sh	-0.021074157964883065	0.521475544206535	-0.010415072428470687	0.32275686240987134	-0.15232708647038626	0.16918034517494876	-0.31948752199525066	-0.06662579468817753	-0.049934064971754705	0.06390164609385682	-0.15243315330447277	-0.22213701090265264	-0.04236183327773452	-0.13281738861543202	-0.03202274771136328	-0.3372236248784247	0.060581191896253085	-0.17250163322987175	0.15062147267046777	-0.2783365061555517	0.08222585120695428	0.027552916679446402	0.33644902078205785	-0.05843172601434473	0.15017810156858288	0.1632063699197968
R106_5_sh	0.05964715108118162	0.5468218779158006	-0.010246914908124533	0.27399148644460036	-0.14722153352265765	0.16411674243339047	-0.31688550615039146	-0.09252611241049606	-0.08028898424510533	0.022980491485880286	-0.19072740862613774	-0.25271087658166297	-0.0751632011540763	-0.16003885273739132	0.006775317198332083	-0.3684209924126182	0.07283159388417322	-0.1399378521646774	0.21093341467248544	-0.18974670877965058	0.04063086991976505	0.05074821213884828	0.3035518036775751	-0.03990474058495047	0.12616339817298	0.1846273252529281
R106_7_sh	-0.0077512158386059266	0.5526979239802218	0.02156422978081918	0.242609063533951	-0.11424473197789461	0.16259153248098926	-0.30196066083301987	-0.013133345802328899	-0.06370917785949344	0.026684737416081145	-0.2158209491515288	-0.23545777598544537	-0.08438244967462388	-0.1766418670105902	0.002159321300008926	-0.41646423775776015	0.07102011943471062	-0.13382472250728986	0.21281216213096074	-0.2269143913116113	0.07213430805634682	0.05859915421946586	0.2965816463960711	-0.028802807204422118	0.11159739823624937	0.1880567359487387
R106_8_sh	0.0029045969822642653	0.576687273568264	-0.01310846140245412	0.236072545076868	-0.09457479414994897	0.1691015880854575	-0.2662994755764357	-0.031004413280997973	-0.06348342588512636	0.04935730170992889	-0.22757402999422316	-0.23921207535728456	-0.07435695127599448	-0.14303850155302988	-0.028360555186795096	-0.4382240922000203	0.09090433142321788	-0.1489175539497957	0.24556470423550397	-0.22440325447719356	0.03936000229843532	0.05311375680599853	0.2754392656235939	-0.0198697603730133	0.11358479290796215	0.16033718594481794
R107_3_sh	-0.06498196846234283	0.5507697967900124	0.010329171482306998	0.2702348459073291	-0.08054764698389881	0.16475541946731362	-0.2839620643127363	0.0332598530144463	-0.044312627958659236	0.03889369557988094	-0.2139380623023855	-0.234722965512018	-0.07039844044425242	-0.14269968258787372	-0.005682290310610693	-0.4374051859866885	0.06781866255396982	-0.16210556382319985	0.1807928497462738	-0.24667197416521322	0.08432764642360929	0.035379124257580476	0.2940379026537745	-0.04083384531659191	0.1265168679149518	0.17114648237502209
R108_1_sh	0.02029550351610657	0.5939169018522859	-0.02672351863747282	0.39428074146766207	-0.13547346226277557	0.24783398763499756	-0.20254229635542376	-0.12545021646482707	-0.09441676290807043	-0.07303154916273703	-0.09871594634390943	-0.21368689196713248	-0.04684262720159094	-0.18901143759329464	0.008080503272291813	-0.25391598494484413	0.05944355107347574	-0.18573510403118762	0.10581983702800393	-0.19835393922713015	0.09068026803994664	-0.08651787664479262	0.18427129891269436	-0.10124708348830883	0.1361236518667237	0.19091845256930876
R109_1_sh	0.030693104892127454	0.477033060041771	0.0010525797183175284	0.29471757611670746	-0.13701570182001466	0.17869120458530421	-0.337985421040653	-0.008306340809218576	-0.10854226083742399	0.0011873618776031426	-0.20370981146824746	-0.25485505812389564	-0.06583649804297706	-0.14876972590590853	-0.010000394497816607	-0.40176050164977334	0.07416149490333065	-0.15736120364960443	0.22216316694538601	-0.23799722276680194	0.09795566293489832	0.029920756708794516	0.32448674248412346	0.021939574998839164	0.11257733582895113	0.2055605185761829
HMAC201_1_sh	0.007413599294067236	0.572092695220957	-0.006940918369331823	0.3487240700899611	-0.08632956042340867	0.1939845099017039	-0.2536541168049776	-0.0773100464551506	-0.12476675782284444	-0.046870234895663505	-0.16546694330665976	-0.20964289410608186	-0.07016917408204175	-0.14940148027985004	0.02276643251675748	-0.317471475747012	0.07264321617378641	-0.1575489938043595	0.16669080722314786	-0.21866040523460006	0.10756243565511013	-0.05018719608153591	0.2434330667273678	-0.08382219411363649	0.08681791321902765	0.1961136455052691
HMAC201_3_sh	0.007208199111883029	0.6102939579162089	-0.006458361664785386	0.3170295864325645	-0.06305114736796334	0.1901663187014765	-0.21892152119563008	-0.08967560946145788	-0.11334969035172048	-0.049916781134490947	-0.16732279241719336	-0.1847597982708903	-0.08622012026892953	-0.1672273882764656	-0.0035343599928091413	-0.34633041574814494	0.0783111321126053	-0.1649535658282476	0.16390779218710846	-0.20480862328269045	0.10151263519597896	-0.04078754874026511	0.24237946273570268	-0.06106202365291682	0.06553877191575332	0.19203189134532064
HMAC201_4_sh	-0.024227006190006617	0.6060802361836966	-0.01941306486377928	0.2845077099050727	-0.09998043796060814	0.15756874999627193	-0.21513129881951026	-0.02329342693705039	-0.16932094494783861	-0.013553731489181205	-0.2039935217659438	-0.11740773725810913	-0.09933205111218064	-0.08762320008679528	0.06946394105138508	-0.3446675531628387	0.1074006044141719	-0.23764344205454804	0.15351088839273502	-0.27958215931744346	0.15244873713245155	-0.05509328153406224	0.2724693281410805	-0.07015698129857195	0.07610482652804432	0.18086481705355967
HMAC202_1_sh	0.07060940138458428	0.6211295331539943	-0.04734419901381659	0.34759925338524106	-0.1124994307443646	0.1842130801674672	-0.20722460555919833	-0.10977636168998325	-0.07521550470223731	-0.042073166023753966	-0.0921028465093963	-0.23570749529464424	-0.040380393731423284	-0.20532764193664862	-0.01583743753581779	-0.2769421503874116	0.04523627696821671	-0.17762365105135647	0.10140936813082817	-0.2304404336513944	0.07134358388802536	-0.018382266989459453	0.23844159436875165	-0.06517857042464817	0.0635641930558476	0.20850987074259722
HMAC202_2_sh	0.01106776873193998	0.5747055322206933	-0.015896784896395937	0.3348919248278093	-0.08430174565326215	0.18506846095404036	-0.2542857499444074	-0.06764335384793625	-0.10325979930675903	-0.017455553539431554	-0.14861546035560214	-0.2313950666260383	-0.05527726548420751	-0.1525104805701044	-0.014348647595509948	-0.3361617126727376	0.06186279183463263	-0.16457316127965826	0.1613691506326665	-0.2328447218417494	0.1009282145645358	-0.015060487740893537	0.26254019455276106	-0.0610036320944507	0.07821733291960793	0.1839822522104573
HMED201_1_sh	0.03168510052228626	0.597017256183056	-0.008471200261384947	0.34503653842466975	-0.1545190456685863	0.17518570286419186	-0.23712582167381108	-0.11001354867564864	-0.10555524104698907	-0.04036607168002753	-0.09759830885075119	-0.22849565235637173	-0.05390773204378997	-0.1921728556557779	0.0018433306501299367	-0.2605524153157367	0.04932031540371517	-0.1789647977572604	0.09794914837082086	-0.21599269054118503	0.09707845375363695	-0.019514884971847488	0.23668064043065587	-0.07842851254529531	0.1426203604140684	0.20726193202723345
HMED201_1_sh	0.03168510052228626	0.597017256183056	-0.008471200261384947	0.34503653842466975	-0.1545190456685863	0.17518570286419186	-0.23712582167381108	-0.11001354867564864	-0.10555524104698907	-0.04036607168002753	-0.09759830885075119	-0.22849565235637173	-0.05390773204378997	-0.1921728556557779	0.0018433306501299367	-0.2605524153157367	0.04932031540371517	-0.1789647977572604	0.09794914837082086	-0.21599269054118503	0.09707845375363695	-0.019514884971847488	0.23668064043065587	-0.07842851254529531	0.1426203604140684	0.20726193202723345
HMED202_3_sh	0.009380764300303275	0.6102143444220334	-0.0010972417372384878	0.308524515083399	-0.08063155926830255	0.202028940125899	-0.23349538163010736	-0.06956095489289066	-0.11422548060566193	-0.03382346876926401	-0.13572302268341346	-0.22253818485311874	-0.06174218430761792	-0.15703079436891942	0.021659890646985078	-0.3381588138291696	0.07383397487622124	-0.17815504493501416	0.1342186790882611	-0.20888387451987067	0.10740757453727012	-0.032224308398274754	0.21442362830765144	-0.08943147940668611	0.06599035847564927	0.20903912434187688
HMED202_4_sh	0.03383391201627431	0.5795585520838239	-0.005080852376216555	0.31506481409895576	-0.08232645642004592	0.2241758335961937	-0.25163181370117543	-0.06649465263720497	-0.13607360888553183	-0.041735963849950125	-0.12843332582624709	-0.23345943701055236	-0.061442961358643744	-0.1891346848449576	0.022540590575878632	-0.3529069473805477	0.08580967096226613	-0.17048329509951618	0.14458120486715392	-0.207228326600352	0.1063354672365029	-0.018440539663935343	0.19862582756532107	-0.05013582485326801	0.0732623453444636	0.21122047216131104
HMED202_5_sh	0.006522607160524295	0.6028359134740441	-0.011812821203712437	0.31914807466297684	-0.0974747250622365	0.22904415216997365	-0.2374573419030292	-0.12372788022951085	-0.10998593855594044	-0.05282319286883517	-0.11570061586828392	-0.2336979188393401	-0.05474102103126273	-0.1638445920277424	-0.019308059144496396	-0.3113353322398302	0.06238444460985613	-0.15962610858668394	0.1137004386129783	-0.19783843808263996	0.11149344270046715	-0.02310726070368125	0.2181560084806421	-0.07278398086405968	0.13422358120449351	0.1877565641353288
HMED202_6_sh	0.04501623241741301	0.5348297233526967	-0.02882069966705244	0.37766669489213817	-0.12508652588117553	0.25122783321870995	-0.2025083151155801	-0.15158057683865872	-0.09138436685592748	-0.03217319370178948	-0.09851792632502737	-0.23161437817553154	-0.06343593407746655	-0.20690877211873412	-0.010251604983371724	-0.3046122853111497	0.04314934774547786	-0.1786192449141107	0.09817524979874001	-0.2265411750133019	0.09280787527062187	0.0015150908756268915	0.2292294304222603	-0.08918033616926367	0.1116272372510881	0.2559906199033694
HMED202_7_sh	-0.025405393492098284	0.6088380579845909	0.011564912554705426	0.28232584774167185	-0.042494413949962596	0.20441830078418877	-0.23196523782346457	-0.06265750542267998	-0.11478794591568486	-0.041488525835366115	-0.15316288832540134	-0.22029123956193392	-0.07866948676219154	-0.1802168284437542	-0.019024951825885275	-0.33115226932928843	0.07181921593182264	-0.17329466005880645	0.12703195052084656	-0.21545064202561817	0.12353617828208335	-0.027604617629707468	0.26146985961607055	-0.05706341220195057	0.07008820118916005	0.21363749399865323
HMED202_8_sh	-0.04172242429096988	0.607684624426641	-0.0017767172977951398	0.33255433616021324	-0.06107702022254578	0.25215035764097254	-0.2379487592484524	-0.07691364487765885	-0.13162196071074245	-0.029783484927148447	-0.11393246605270844	-0.2034832543737533	-0.045776834429140933	-0.13043785742317796	0.05927807401235591	-0.27760531887310536	0.08164986975714718	-0.21074215232873467	0.10349287210226792	-0.22352957769909518	0.10944978007723051	-0.11548582134453783	0.1826906036878119	-0.15405180779809693	0.09729498261554119	0.22964360141748222
HMED203_4_sh	-0.006603456716515278	0.6246887352456719	-0.01624583145244594	0.3068884390095697	-0.109109604994033	0.18190709311783387	-0.20855259824205138	0.002443596462523002	-0.08174528459477627	0.026734362739409778	-0.14432237417905877	-0.18406335357437772	-0.06205769489900751	-0.21353234892343523	0.04581619327981063	-0.31207237865583554	0.06961783325200967	-0.24871750484278446	0.09977068760322355	-0.259090496256127	0.10090376107214172	-0.15289327345798273	0.2200552145790269	0.03757914687740966	0.09247315529167602	0.1901279822581256
HMED203_5_sh	0.04061973679276701	0.6176826405751521	-0.009381864871203911	0.23843101727738725	-0.13649844864560362	0.1364905686586236	-0.2997527116254771	-0.01282347475762348	-0.06446451917009362	0.010529699903378775	-0.18814100345310295	-0.24245663929177522	-0.07185485722336693	-0.18782772541691534	0.007108591262841482	-0.3948652964498467	0.07862810574336507	-0.1408324906523674	0.2173716863108675	-0.17409725936523543	0.054969871311529486	0.0171161823758341	0.25320626243372957	-0.008004662756877912	0.11818915113374795	0.1406574399002653
HMED203_6_sh	0.046447712474601	0.6470892830076889	9.641357107915138E-4	0.2562624413229774	-0.13132074493253698	0.11990456691923032	-0.2573406345886836	-0.06167148778645684	-0.07769808013740441	-0.0028888458072165056	-0.17661597410072286	-0.2228787829613817	-0.06331934092323988	-0.1737795165566383	0.03441347437905219	-0.3645010990980303	0.06307812720719198	-0.15156064622394338	0.1709903829997262	-0.20243900270798665	0.041082926199180865	0.02470768668030466	0.24063434905008746	-0.02966171957532506	0.10868366666195606	0.1614171227867768
HMED203_7_sh	0.0015215366073664527	0.6465003298516242	-0.004632386168740871	0.24987106391894365	-0.1493091764613223	0.1351103474477766	-0.2525969308306693	-0.05233823398368197	-0.06005354486298448	0.020001464982687803	-0.16269618280244957	-0.20916139458694688	-0.052091924322193894	-0.14868711843404084	-0.02492661049502829	-0.34682249619544886	0.06434872161533023	-0.15883628820377607	0.1760008007838338	-0.22028526281536331	0.0809449247098396	-0.011862403437096034	0.2601636314425202	-0.05390945472881187	0.12332714078449936	0.15041944618413303
HMED204_1_sh	0.07398488239840437	0.6251472289778771	-0.0434757676991714	0.3007003598891429	-0.115338528922106	0.17288469815757707	-0.2605127015235931	-0.05675655752564382	-0.11585759850820346	-0.04154161019749572	-0.1294576544109853	-0.21682041634146335	-0.06826116279189605	-0.19288316879686743	0.03529219270246685	-0.32347750363467115	0.08414118074091533	-0.18745551241472339	0.15497477465720075	-0.19963261689487125	0.08614475078090095	-0.013918756752869795	0.2152258254391091	-0.026632275912525108	0.08313980713695777	0.16038613144653416
HMED204_2_sh	-0.023356728035060677	0.5840636637069075	0.0035950815328449626	0.3543718790651537	-0.12797576759437118	0.1836675806675898	-0.22748110966833207	-0.0615744576764836	-0.08692389810031813	-0.014100688183985407	-0.11042518975483026	-0.21568769155747888	-0.05674630800118055	-0.19684437024445733	-0.0041480711327741455	-0.2771531653419752	0.04792355867262335	-0.2151509764787908	0.09382328929816547	-0.25126701673818264	0.09468228562243543	-0.024336268105022013	0.24803303549345104	-0.049129019919414874	0.1489998216673467	0.18314053080613973
HMED205_4_sh	-0.08997260345484688	0.6102816533788195	0.010986244708718357	0.41237214513627446	-0.06855603450948347	0.21761917094841354	-0.17875675631330257	-0.07112030980811888	-0.08686178624563903	-0.056081251602037634	-0.1115097856024735	-0.1953067084092267	-0.053651115412622824	-0.1715736347048185	-0.01963175702791294	-0.27052761087121535	0.04451504584324524	-0.19223921080288736	0.11023527906082184	-0.2276503253073573	0.10672611904403671	-0.07769739766010801	0.1912826343274099	-0.13918187836983806	0.1451945155820493	0.1611053580721003
HMED206_2_sh	-0.042253325121219765	0.6476251495640553	0.010488223712731535	0.30537534640194075	-0.07243962659432666	0.20489998840129922	-0.21863238239077942	-0.06218457993745148	-0.10832071266188975	-0.051658688667772054	-0.1195234981178036	-0.20614168743793723	-0.06182505834070381	-0.1788093214235706	0.004985811177019635	-0.27145520311419363	0.05440909042276554	-0.19446442744113324	0.11035113236067245	-0.21916075095057436	0.1045258057207656	-0.06758428580267811	0.22633078433580198	-0.08514682475157356	0.1119037554969661	0.17870528515958978
HMED206_3_sh	-0.0018497107182120012	0.6002309083999745	0.0033452870373761497	0.3223000284700357	-0.09009831939698557	0.2118759105270275	-0.23859545251471567	-0.07729631421593973	-0.11125392378730747	-0.06038673774754863	-0.10852970537562044	-0.22575648421977845	-0.06619124677401543	-0.2102867821473511	-0.026201493439636705	-0.26779865516181484	0.050423518844253515	-0.17667275837127375	0.12083755027393493	-0.20959221977607412	0.11653298426019977	-0.05139962689165613	0.26002596339441647	-0.06416150221876545	0.09155454819631285	0.20894423335316464
HMED206_4_sh	0.035046872828075566	0.63726406030048	0.005085804447261706	0.3141561009914903	-0.09979566787166695	0.1696380206990263	-0.2276869215212793	-0.07185087886869343	-0.11432534971016288	-0.07238750837373399	-0.11694421200148912	-0.22179633844004149	-0.0603897116899709	-0.19067190377532667	0.0027994143200634307	-0.28236977267162583	0.060375659052454754	-0.19473048084400477	0.11623014002166973	-0.21504451067579533	0.10489260012845711	-0.03994146770938305	0.23188819891975412	-0.030821344825946628	0.06282317307683288	0.19855602419355425
HMED206_5_sh	0.06583701973659596	0.6258561902400055	-0.03424303991862143	0.35171747906985346	-0.1290860836274361	0.15104144689122337	-0.22375685203635995	-0.07316145755696934	-0.10378943394434038	-0.06859590141953056	-0.10686908611588028	-0.21825712768648278	-0.05746887784708288	-0.19524096890687292	5.155214994128007E-4	-0.2612969003027785	0.05918444414686327	-0.18762232506436524	0.1173534339464507	-0.21513910996313224	0.09936024716908656	-0.05684648586313418	0.24503400946304063	-0.04683598428146685	0.06792869752827063	0.19438114484365038
HMED206_6_sh	0.09097456813963535	0.6093065705647056	-0.02123538084268311	0.30172309123147173	-0.1270695037973618	0.18385569949349861	-0.25927313822186576	-0.07808351486688472	-0.11817749584929185	-0.06194707504283329	-0.1158913302214703	-0.2499868273833101	-0.055532702244345505	-0.21451425314451567	0.014660229795968996	-0.282442514397277	0.06062684765249083	-0.18289564284224988	0.1318864328339678	-0.19571057778848364	0.09135346144270606	-0.020272689116069588	0.24813303391850153	-0.01657406449920588	0.05954497739374774	0.2075417977911538
HMED206_7_sh	0.0164443429898445	0.6088943302152223	2.6839455285343136E-4	0.3537490545491635	-0.0995304169154867	0.14812758289155661	-0.23475264028756235	-0.05002729866830663	-0.10359734902916261	-0.047085817746331214	-0.1425332666471527	-0.21443440448970086	-0.07448446971662354	-0.19697181888810286	-0.0057985373669954855	-0.2916836090107666	0.0743225011508321	-0.18967266593060406	0.14566410179928344	-0.2089408694815206	0.11260858789868966	-0.03751053145694585	0.24253743367523375	-0.048107940472769506	0.06885131789624588	0.17366398848910505
HMED208_2_sh	-0.016229054687970083	0.618456905348771	-0.0016034440548016171	0.3926555650527983	-0.1318511534230679	0.21344144691891165	-0.17873009588447758	-0.09703626924951124	-0.08936065479948324	-0.06789687163113779	-0.06854047476981283	-0.2055806510938865	-0.041516631452227226	-0.19182902831993442	0.005432552985321994	-0.24018153349003113	0.04222997555027595	-0.21042049157275333	0.06634075267497594	-0.21718036630984067	0.08640097226326841	-0.0751130602831064	0.1920591064615498	-0.13247711619108754	0.1353681491364475	0.2131614708208054
HMED208_3_sh	-0.003081609587645223	0.6066445643243715	0.014536165961645295	0.3421143735836649	-0.14073520751643281	0.19462275794309733	-0.20776395401607875	-0.09227032930052302	-0.08229630065292953	-0.01971926986625017	-0.07390966769350407	-0.23480874242891758	-0.05135402775049012	-0.22067151341405938	-0.005293777678561592	-0.26091893303652003	0.04675358769668719	-0.20584966576439756	0.06396818259580384	-0.21558361804694237	0.07636821307125022	-0.013819328993779058	0.23266406087462269	-0.10312757369495018	0.13014433469563175	0.22338727869520594
HMED208_4_sh	-0.030681980278493108	0.6606384321894935	0.0037748174988753193	0.3238873410244919	-0.08748154064012618	0.18690742007347927	-0.1525444661697956	-0.11172482217318001	-0.06351447938391122	-0.036351075339245295	-0.11895914971780179	-0.1975619851012628	-0.07970119861760004	-0.1953229126412588	-0.04203581889484711	-0.28361608156934187	0.051077287166655785	-0.19789531683836678	0.10065414384555514	-0.23305267906868982	0.08894935661542326	-0.020785770615392767	0.21611283187929653	-0.07520119454713925	0.11435019669676891	0.18007864460641382
HMED209_3_sh	-0.011713928796242008	0.6540552954613982	-0.008383362653555871	0.371846025029867	-0.08268739544009909	0.1979966403661284	-0.16500400928203363	-0.08262843903419402	-0.0961007651628129	-0.06760018480313643	-0.08777049703999752	-0.2097856391037749	-0.04895695851131743	-0.18744187039860966	-0.008033623610726792	-0.27311895859465457	0.05290868355763662	-0.19345670642469698	0.09609775772544359	-0.21866084440386077	0.08885899100091568	-0.06892886813226731	0.1791758977727146	-0.10573217749214137	0.0916092104400734	0.18345572752994127
HMED209_4_sh	-0.03838883893691398	0.5757201883288632	-0.013629773939544412	0.43813800287151855	-0.11003608699541885	0.23458017485081056	-0.19003754455708846	-0.10174106072080781	-0.09037071346135567	-0.04016940788309125	-0.07622688058943035	-0.2071358669741699	-0.03650022334630825	-0.1731550795883372	0.019214253108092234	-0.2568140953882794	0.04461349813546127	-0.21389834140936223	0.05832198554689762	-0.23055141040020352	0.09382992728899377	-0.07925654873801297	0.18920023630971453	-0.14797832068178562	0.15001016143689933	0.20226176573285856
L201_2_sh	0.026850479619092295	0.5689432744840052	0.008611710856521248	0.4050551429184136	-0.12512767389778465	0.21260553142358335	-0.19928739341737986	-0.0917887890517997	-0.1221549853888385	-0.06875068110115769	-0.09724890109338508	-0.22060407239345914	-0.05241120298822012	-0.1935644000351943	0.02914935887856418	-0.2703125591055246	0.07283842927859809	-0.21151241326013792	0.09843909103904123	-0.21672572760713896	0.10112909950443996	-0.08061467091873445	0.17018427511205741	-0.09570455014402145	0.0890277124972961	0.26297391479116533
L201_3_sh	-0.006399693671211612	0.5400765116220917	-0.009465474844032672	0.42131128968030684	-0.12365379623947874	0.2544373349690057	-0.19661211402082654	-0.0893561392149857	-0.11413906528173645	-0.06206272434532481	-0.10363535289365362	-0.21947752351802038	-0.05388763610323834	-0.187805918654885	0.010002167780783583	-0.2582907236891532	0.07437398217948295	-0.2033681268877549	0.1051245764920335	-0.22569119115833128	0.11672538948352457	-0.10613813132973875	0.17863734961219382	-0.1182581545890781	0.12292966750615952	0.25462349711586874
L202_2_sh	-0.012611729139269216	0.5938627764518072	0.001377296429417349	0.4108830092244029	-0.11356030173402464	0.23137152966104435	-0.17379803949630998	-0.1157958841400168	-0.08144203683853216	-0.07319195600164013	-0.08091869343371044	-0.20291540886334294	-0.04884570042725799	-0.18363292895988725	0.0020181378828883108	-0.26761780732300233	0.05031737989714527	-0.20170451426032526	0.07605299934952607	-0.2213223389536164	0.09024489809105837	-0.08738733052102263	0.1715705604342525	-0.12419452439865564	0.11959522898481662	0.24164537808425468
L202_3_sh	-0.00530532286896826	0.5690357163111011	0.004422030765626167	0.40534711416207264	-0.10413797124205262	0.19940608517516878	-0.2000563118986523	-0.08102062393500122	-0.11353051902695921	-0.054291220923085706	-0.11041318804239025	-0.2165443557501451	-0.060996104113358804	-0.18538921293277139	0.002287354907334397	-0.2869254852235849	0.054264517772187965	-0.1951250818041846	0.10565825641253092	-0.2235216526831008	0.12063417436628376	-0.06788111997324434	0.20788248844578205	-0.08777716574743669	0.09929059452263592	0.2246870033242134
L203_1_sh	0.0869179207401184	0.6028799372189136	-0.03920448615051944	0.3410011942361274	-0.1250169285251214	0.1998086465844162	-0.232778763081588	-0.11018263089359066	-0.11755756922195268	-0.049721688389533045	-0.13079222773560595	-0.22794611389092317	-0.05891686231861562	-0.1819383185069801	0.029113519902330586	-0.2993972734349414	0.08162058078076	-0.1815178949213666	0.14221655485524817	-0.19569431989926836	0.09208907455712378	-0.03442560952552648	0.20607882474354228	-0.05715708403470711	0.06623036145427928	0.19429115545738032
L204_1_sh	0.006486945286050441	0.6093524295716705	0.012593881491175723	0.39519407568877996	-0.10937246936437418	0.18934432408905363	-0.17931697837277805	-0.08567562820486369	-0.11195345860727132	-0.07246908068020286	-0.10295199617996215	-0.21146493296287047	-0.06805813319938764	-0.2027362442135157	-0.004815004532597172	-0.29093939087338566	0.07066361510329792	-0.19382943369948746	0.11310025960095695	-0.20560985147849548	0.10765510881399742	-0.061261707430733066	0.1674949721323455	-0.0715436080348047	0.09847325782854638	0.20163904822885492
L205_1_sh	0.02444895710975803	0.6742252856101301	-0.02556620678042003	0.3742453685440759	-0.131642177232115	0.13125111153096564	-0.19906820501250097	-0.09243116162639128	-0.09938591723425497	-0.05734317470835433	-0.10800316349692501	-0.20606362977760553	-0.061812558676226564	-0.1733203141018048	0.010767440186094848	-0.2728901072187582	0.05812014991163688	-0.16567807000891627	0.11741657989735207	-0.19874028693421872	0.09179571635501861	-0.0479577508329358	0.1887881869736289	-0.07343562409481524	0.13414119799895316	0.10813835361862875
L205_2_sh	-0.041397776590805346	0.6471700887627904	-0.014738010580189722	0.35374982372853453	-0.12236485533920924	0.15047707151900577	-0.19924380634277078	-0.05179722293919127	-0.10230792613934257	-0.0366878179424375	-0.13133743166876063	-0.19223458177249805	-0.07094835698056057	-0.1676490708721638	-0.019373909842261523	-0.29218564992888035	0.06552866705976745	-0.17180932780811572	0.13224122067941957	-0.2033283252949882	0.11286170965814683	-0.05469783717105095	0.22417166446228118	-0.08845344865228218	0.16690881162428595	0.1074462983712765
L206_1_sh	0.022914121623945394	0.5877283507238892	0.004373323369132865	0.4056062026413094	-0.185181092598234	0.16735364773471	-0.19179432391423878	-0.11375863523348019	-0.09967419952995714	-0.07433376268443176	-0.06995267675554288	-0.2149149670252397	-0.0449570920239733	-0.2039277600433275	-0.017669236309496527	-0.22906787345530927	0.03994222868923566	-0.19483512633756134	0.067212147284264	-0.21161375586332118	0.10068509136232397	-0.06116543915315123	0.22168059047287758	-0.10184653481656925	0.1524211183296636	0.24477565351248268
L207_2_sh	0.034857746287392646	0.5606299422653683	-0.026282472966865367	0.39225014291674754	-0.0946643477961876	0.26735780308672247	-0.2196212942567782	-0.1341855343505908	-0.10760178641097658	-0.08342304356302058	-0.08793825189199625	-0.22648264343339655	-0.04924767177900293	-0.1954075613882443	0.0036585177731868444	-0.2688915558873196	0.05169429304964976	-0.1805610378863851	0.09935434671553077	-0.21000911749409243	0.10064224204951508	-0.06957246956476959	0.2029774107173405	-0.09755461693917424	0.09217126850919188	0.24584969223815425
L208_1_sh	-0.123946927047577	0.534068193924588	0.05209759802827338	0.36914114490013805	-0.028870632204637477	0.26265592884172717	-0.2030852555157588	-0.07272783193134078	-0.13192003019706505	-0.04949379580452058	-0.14899160689067797	-0.20379594854466307	-0.08595472345159312	-0.18691109148164378	-0.0375708924195242	-0.29433737113688074	0.06054022694715744	-0.1895340621740717	0.12365503918868134	-0.2422939413125478	0.1455220775715823	-0.058726056409011046	0.23538875820832653	-0.11015546162812233	0.14313636778281238	0.24211029275634835
L209_1_sh	-0.009041410922432214	0.6204754622999094	9.735581405919021E-4	0.3724457418426729	-0.09465277653875467	0.23540030165684064	-0.19832499084714428	-0.10944913641307721	-0.12560579123290871	-0.086287779613721	-0.08926287458573502	-0.2211872285856763	-0.04484168023888338	-0.18665252418423048	0.014566993773901065	-0.24500531039436535	0.04360812277803277	-0.18232075736106784	0.08111049307910975	-0.2212969797828808	0.10449000631671505	-0.06809948579206634	0.19562713185157365	-0.09516189622827528	0.12135321842593416	0.18713959255593793
L209_2_sh	-8.791721930952109E-4	0.616268554290905	-0.012582001447659343	0.3829542724063012	-0.13388755009261397	0.1457531270973757	-0.18093078429471343	-0.048376360782678936	-0.10075629703604162	-0.029278645710327837	-0.123783987913153	-0.21512332715169785	-0.06760771673506816	-0.1917774814823694	0.008279347375527296	-0.2826063273570322	0.059538253080999394	-0.19497122738992922	0.09964396369244936	-0.22918892327441287	0.11837634821403509	-0.05808918255606886	0.2137121857229503	-0.06544350001414426	0.12087741162638341	0.16987902192407833
L210_2_sh	-0.03298664504414942	0.5742712972080662	0.010931413655968388	0.42078427861491485	-0.10149468831261467	0.2999170876846266	-0.13158683196014787	-0.09665163095794067	-0.07901500580435565	-0.08520708444395844	-0.04388745750233211	-0.22150708987891402	-0.020910948635239207	-0.2214394510464492	0.0022067917742885287	-0.2583813766652202	0.019477734655676416	-0.23139116816056846	0.05312529956885337	-0.21713298550634957	0.0828022381500428	-0.1409222187662268	0.1201570711045685	-0.1485858097070571	0.1211810283494414	0.326246151625078
M201_1_sh	-0.05424847259138643	0.6197828242552988	0.015580089627406087	0.28999813168582117	-0.2306170791554253	0.1015949371383868	-0.2793285435285371	-0.010138914881226192	-0.08687615525654585	-0.0026171358409623827	-0.13792100863808035	-0.20790445304576313	-0.04929354924666035	-0.1452622506318951	-0.007464234509414136	-0.269443400867587	0.057604332320806834	-0.1668676846966312	0.11267883532958753	-0.2434352797594672	0.11470305175168134	-0.014240052790400743	0.2912859629775096	-0.06562380834088292	0.25389677091905694	0.11415708777530746
M201_2_sh	0.036383806484075604	0.602977906214789	-0.029872511607892054	0.3034465780477809	-0.2336265176832218	0.13747968076244627	-0.2828090981687405	-0.10826278712829673	-0.09091113912323498	0.017936599423210436	-0.11438879021583952	-0.24616780637172378	-0.05200893223818532	-0.13799513463163324	0.02673493915726775	-0.2829482174441755	0.04809939269142251	-0.1378957932340331	0.08562032126858005	-0.24079890962070455	0.08798987005602626	0.022265616550188196	0.2815961122198809	-0.047700308352653965	0.23719254715986002	0.11766257578480174
M202_1_sh	-0.04191792794741122	0.6174832323281808	-0.0012281872085588147	0.26107800748522214	-0.256719789409327	0.1100054896769076	-0.29526208640628804	0.015271281067437874	-0.08444218077473237	0.03701068244951429	-0.16539815306516734	-0.2164474441424088	-0.056741464270681344	-0.1546796351224137	0.008208008497255139	-0.30529434074668554	0.06683372977054532	-0.14964140767016856	0.14798277645737268	-0.23131431885501413	0.09721418769742825	-0.0032877540413086253	0.3056996279432793	-0.02897699508150469	0.2757714587162849	0.048793202652241366
M202_2_sh	-0.034177864369112895	0.6618258714210778	0.014335781978278226	0.298811861322736	-0.19332277788350222	0.07252680608833471	-0.23249987538014422	0.007437296015710616	-0.09955581864720646	0.019005013656619447	-0.17167218906636073	-0.18882200844531236	-0.08314618410328735	-0.12138502476732854	0.011904402597837482	-0.3524450703219055	0.09438324320592345	-0.15804361653449753	0.18857228437236168	-0.21361513647118097	0.10823124587289641	-0.01950066552965663	0.22653415478106517	-0.07586386136219488	0.17041359664125075	0.07006853492759804
M202_3_sh	0.009804647917765488	0.69913934097366	-0.02050606815263387	0.2944003944798006	-0.23026816675394615	0.058319231549987194	-0.2469673952111354	-0.017383820644018503	-0.10687416111428219	-1.0308527978891355E-4	-0.13830511146616753	-0.2023409817120004	-0.06441493000629606	-0.1399711360193759	0.028752264038294905	-0.29831110509500786	0.07408515363397301	-0.1485723468495788	0.14873904200885346	-0.18824009433241629	0.09390256508165686	-0.020522295591476628	0.23996382006486885	-0.06551406073362323	0.2120883399590483	0.02909995925383886
M203_2_sh	0.01808998800621795	0.6363765384370319	0.022641340075194687	0.39167814276547697	-0.28572483549777006	0.08090112355995584	-0.28193814318105614	-0.02047697202897029	-0.06923678383950846	-0.0884531468024352	-0.04992513816916981	-0.2246622266707478	-0.03427839799229897	-0.21254478255026046	-0.010675025256979324	-0.2415635614160813	0.04416362165804507	-0.12862734893565583	0.09868153444750186	-0.19364365141199333	0.09387354906660464	0.009213970457086438	0.23000564750796076	-0.0801918730360556	0.22432264317525738	0.07199378763264841
M204_2_sh	-0.0070372965804523305	0.6235553391014468	-0.004054399463537577	0.30942436363080106	-0.18165631690702472	0.12581847759381093	-0.2559247553637644	-0.04114615333499738	-0.1100504436692397	-0.01236621515798548	-0.1566330059519698	-0.23740852484577893	-0.07834935091496112	-0.17209127353313336	0.010920209286094034	-0.31319405990091453	0.06814304692729474	-0.13251876508303861	0.1585562937322706	-0.20652826180653872	0.08822528629548497	0.018027436219992015	0.24147732569175487	-0.037672336830868736	0.22638340691805034	0.07609997394720394
M205_2_sh	-0.025929171469918744	0.5718761618156801	-0.004947104215473223	0.3101229060336745	-0.1687922795339507	0.17283778908281444	-0.30616014501096156	-0.05786270106558765	-0.10933817168124833	0.008253690138111159	-0.18630418396517925	-0.2272852159582318	-0.07660390179624947	-0.15424653639753177	0.024299853584934895	-0.3338100441585916	0.059315426285540485	-0.12135097620929573	0.17345234215518865	-0.15383418360442608	0.1285370588643491	-0.03367594635899993	0.27653186629318094	-0.08208872780535527	0.2159384104897872	0.10106378448773984
M206_1_sh	0.028306859717935607	0.6839890748130912	-0.025875697736331697	0.24684922887680893	-0.19283966436682218	0.09746869278857154	-0.2642736687587978	-0.06442709709279214	-0.08567436765582927	0.004030541759010015	-0.12139484811669235	-0.22361117958197743	-0.04786553606781521	-0.1460710344214595	-0.011151826396332751	-0.3106336432616027	0.053836842692877016	-0.14067083837075572	0.15375461169136184	-0.20880412174714844	0.06822928523272354	0.012504441923183496	0.25033133999103535	-0.052040614556763655	0.1946166697726879	0.1014165488718347
M206_2_sh	-0.00849966594338352	0.6776722837461913	0.004444177700460912	0.323788742793372	-0.21185356471034628	0.05987347417228486	-0.2717800962394895	-0.06710294045325997	-0.08200250956525534	-0.0039012603186052205	-0.11729920435689038	-0.18880305829827873	-0.055945008604469	-0.15327243248515707	0.019703127173649516	-0.26243923007832415	0.055988674131722725	-0.16007263087776982	0.11672536534099953	-0.21535965416510883	0.0873308544249184	-0.012610400193516254	0.2385010893972937	-0.06996447673994112	0.2246867612507899	0.07219158289811287
M206_3_sh	-0.012181538040443675	0.7044952005531947	9.486281085824867E-4	0.34784860322073424	-0.20063134406353328	0.040129134798702074	-0.21811819231728788	-0.03801104494634801	-0.07674683443389534	0.002350006727785193	-0.12179827733902411	-0.21273461579300385	-0.05371700807792802	-0.16545016029995874	-0.008826415298003553	-0.2767597635089583	0.06185230753498433	-0.1512941284907524	0.12613120912991016	-0.1950260954170876	0.09386647597766014	-0.019104579149115036	0.21845720659270884	-0.08133666431251657	0.19076378222626883	0.04489410661732411
M206_5_sh	-0.0507740002864816	0.7089600634268645	0.017936842861069162	0.3149489993365818	-0.13669969474645818	0.1182026003988347	-0.2188145808314834	-0.045104269605932376	-0.07106742361129391	-0.017488060292442903	-0.11690838635755268	-0.22776082387153274	-0.05948882809433298	-0.1902779360374908	-0.011466919588571352	-0.27724987628432357	0.04952963353600993	-0.16527854155093155	0.10865780541968886	-0.20374590272946683	0.08446236170467426	0.002100767207260744	0.21069001502543822	-0.05110995357156545	0.19394317496929417	0.033802933574144475
M207_1_sh	-0.04697998168063663	0.637453705525288	0.026222112556708844	0.36227448648948324	-0.153442474262331	0.10183586478132883	-0.2002272825293371	-0.05903326612655016	-0.07261970942347065	-0.007385641234392708	-0.11097137579720262	-0.2138581304485328	-0.060962106741507	-0.18105856983150106	-0.02903519206157317	-0.2796005476668783	0.037735125355044724	-0.18949754319262907	0.07291909526982761	-0.24723347843316268	0.11459632585548314	-0.026849559757183235	0.24044110402306296	-0.035709913972170944	0.18232435943593028	0.13866259386690083
M207_2_sh	0.024365389377142416	0.6245125810541994	-0.014679408218305667	0.3488254717989164	-0.20579697832824595	0.15971239085026312	-0.25909433470143683	-0.1250798871826023	-0.13403821168335928	-0.04833813442119889	-0.09470882675302691	-0.2298487822986971	-0.04800159763987958	-0.14650599849678375	0.004465049009654925	-0.26139662153704535	0.05625882117145382	-0.1529867637592078	0.11792009995896724	-0.1880525775733938	0.07653021381698388	0.020443306929288887	0.2403270325725328	-0.07644607393049396	0.23645275141752076	0.07516108856675621
M208_1_sh	-0.049746183139635615	0.6446139990260259	-0.0011673924050301064	0.2579509683861791	-0.13008620730130627	0.14228416935692687	-0.2378793840536837	-0.02616243030161989	-0.04324547816498177	0.03892478908156785	-0.17544054480789922	-0.1806779978704068	-0.04991676045676351	-0.13474926871037668	0.002291260216371889	-0.330770831867134	0.07113835777646864	-0.23867292544541835	0.125103971726857	-0.2970629025825344	0.07837479883461934	0.021619841358388632	0.26206927096985166	-0.01694327249374444	0.14850429080513186	0.11964586206214567
M208_2_sh	-0.008019854679786227	0.6189846090031909	-0.010297690513711426	0.2949988175279677	-0.2513719293547004	0.07259324386084606	-0.2704649454651568	-0.02392150053526519	-0.09817694234919151	0.002946939892527531	-0.14693800075631444	-0.2093531617324728	-0.07518153527687411	-0.16581342607141916	-0.023765045635617498	-0.28924628404373787	0.05201437391100901	-0.1367068002183892	0.17768327471671086	-0.22020897307482695	0.08380287896002563	0.013827343191044266	0.29821725051190145	-0.03748707361988993	0.27249816593170595	0.07938626582042378
M208_3_sh	0.05177005928073396	0.6002686424825409	-0.02455937162541339	0.27500181704304505	-0.29635589978792976	0.04000331977335993	-0.3004560067974152	-0.07096278565081679	-0.0798160244735063	0.010711911448925273	-0.18128558932214872	-0.18780773220871327	-0.0675320266537263	-0.14908876473036167	-0.02305294549273064	-0.3146777935657894	0.06009469024041144	-0.13600105985807856	0.2061410313121525	-0.19301450647096993	0.08366374536679162	0.027398612374863456	0.2999137100875993	-0.030932687043984112	0.27147462786518184	0.12910102640597942
M210_1_sh	0.1340379149115582	0.6051793141094085	-0.057326523977773165	0.24187369896085964	-0.282752665508054	0.09053914053903661	-0.3126473854449103	-0.08099199555646591	-0.08016642760918985	0.03205658615479778	-0.19296126689320195	-0.21317250527040954	-0.0693954395390775	-0.15150850301500687	0.05836027862634379	-0.34772735050001635	0.08206971285225424	-0.1516383975216305	0.21433778585179927	-0.17836361994382682	0.04430744880342167	0.017206701567127693	0.2655251529809585	-0.002377371886078332	0.19661141494586987	0.13892430236220238
M210_2_sh	0.07611602737422696	0.6219130922641269	-0.017854463734032683	0.2542732785919135	-0.23278338499176332	0.0857816652132692	-0.2702157678149929	-0.09177692684315283	-0.07325253099672124	-0.0013190846607080689	-0.18409472062954363	-0.21171404666138183	-0.08212460700888834	-0.17102133685920948	-0.014555377217162383	-0.3245925613770055	0.07261230714922383	-0.14045103913114107	0.2059961917165	-0.18965980274872837	0.05604170659919079	0.03324327595861285	0.28055113559961126	-0.01821378225600724	0.18356348395435204	0.1535372685094133
M210_3_sh	-0.07327026825021624	0.6113942788009459	0.0040784723013429225	0.2990375626394259	-0.28455930297056453	0.0837116529018058	-0.25315273955986517	-0.05596287561582667	-0.110185128010894	-0.004927890100400428	-0.16164490687191638	-0.1581872818705262	-0.08003272189643393	-0.1434389276519399	-0.03966959152977054	-0.2557484816290408	0.05128417893794271	-0.15884307497904956	0.13474091742739208	-0.21868599491924476	0.1351154856282928	-0.013401296121048728	0.31675105576573637	-0.05994070996155227	0.36054454902895366	0.07499303850645407
L304_1_sh	-0.059971939160002465	0.56994802067845	-0.005179124178930954	0.39885993160092853	-0.09109980961684636	0.2158380137922613	-0.1903454425013224	-0.040825174203190234	-0.09773638683731067	-0.005448198778003344	-0.12864867293384516	-0.22120102302095532	-0.06917582347419482	-0.1866032905809473	0.0018371923428209813	-0.28630544960000154	0.05290073422496715	-0.20844879477831305	0.13189522970031306	-0.23767090115997588	0.1031397096274287	-0.0690988223411138	0.2111898529797312	-0.10235002398493018	0.14119447982719152	0.17330571237579107
L305_1_sh	0.009026847733276638	0.5976915373905535	0.0041993909533409104	0.4157184487226854	-0.11882929596320066	0.1473297599275567	-0.20657388663663384	-0.03644297882086393	-0.062281992768142454	-0.015403603741337656	-0.08183431555586758	-0.24996334393495945	-0.047713168508922627	-0.2398689598534721	0.004806220913912886	-0.31214351562871434	0.041488818654125154	-0.22260584205972178	0.07513776609558089	-0.23126295481771314	0.048769996474857344	0.010371674125569207	0.20188173423318911	-0.004777269734238608	0.1319218843744839	0.1413570484246557
L308_1_sh	0.05506888221275514	0.5717720345178888	-0.010023167894372985	0.31908396383824233	-0.15282132071089416	0.19310401058140825	-0.24393967020740834	-0.07148435212951387	-0.09484545527158439	-0.02216041691407342	-0.12074753786258985	-0.24631249171555608	-0.06166252029341287	-0.21390474981676075	0.01753917988635938	-0.3018435849464666	0.06146753063360487	-0.19637116576872748	0.13284152499222968	-0.22142046120262945	0.0721131131183419	0.007480884275853599	0.23100167369115177	-0.040332784033259475	0.11400776770581952	0.22238911331359407
L310_1_sh	0.033527278503013846	0.5862883571422423	-0.0035902941375972816	0.4023257888459039	-0.12138943823977273	0.23211258969335286	-0.17970038403159175	-0.1284691113919706	-0.10726366216045707	-0.08417640329990148	-0.09192198172042892	-0.2126074117378708	-0.04672357560752486	-0.1888429566716996	0.004448825213439138	-0.26460869865049697	0.05626421723890208	-0.18960101163864598	0.09713143157799478	-0.2207454603884109	0.10830442273274835	-0.08283524293872371	0.17535481524544166	-0.10306539426601324	0.0755583453858332	0.2542249553022347
L310_2_sh	-0.008540520749880778	0.5902634291675208	0.013473705342205905	0.38743746514463323	-0.09288959348508113	0.22605166944481486	-0.18730207246759248	-0.10686260018469701	-0.10794942001391149	-0.0760512812360241	-0.10689954583023685	-0.21882494848201536	-0.07079016677334336	-0.20575987206608776	-0.006269872670814764	-0.26542279218675435	0.058553916806493266	-0.1922767059749388	0.09896000872092749	-0.21405170261462347	0.11539264716839175	-0.0607129869901909	0.19353357262518972	-0.08736361988293506	0.10072734132765193	0.22357394586129853
L311_1_sh	0.03930053229163881	0.6542397713084306	-0.03209403391773931	0.34204557495080196	-0.1513892855215025	0.15912165925342076	-0.2286290393650134	-0.03910925515051786	-0.07770749210688793	-0.037365834120663854	-0.10103281865395182	-0.2274782712872361	-0.03728609666543352	-0.2121184966886019	0.03603290005026329	-0.2591455052239161	0.05070993507625991	-0.20211021951952518	0.10499865452474406	-0.21439834135234395	0.07250203572617904	-0.03352433244617256	0.2105998043918574	-0.05897841334421247	0.11399490416958503	0.12882166362053704
M303_1_sh	0.06803841031575114	0.5523800470499319	0.013114799275797636	0.28064270324695206	-0.25427427762974675	0.10550139204731519	-0.31252286297716664	-0.0024010447289019923	-0.0620506340076164	0.04249436876324022	-0.1842023925521505	-0.25406187833480065	-0.07136249702371043	-0.2053675979346379	0.02085460165347737	-0.3436000721269899	0.08571137276412333	-0.1762818490102727	0.19995965368545682	-0.22860405945001966	0.0651693811524047	0.04098944090366783	0.2761213966334281	0.03766136646627131	0.1554430487099524	0.15064718310824363
M303_3_sh	-0.005851839839206029	0.5693782148533393	0.001342805964850785	0.32566218792581064	-0.1585844079133766	0.12044603736241621	-0.25110226647510203	-0.0323750434791705	-0.08043570037720998	-2.6072809516417775E-4	-0.2155303374996526	-0.2325676790167767	-0.06879468519800022	-0.15805565779683498	0.012182665998248177	-0.3697292175210143	0.053354195991332926	-0.15310277662977914	0.17306180573179558	-0.21813404649082638	0.06284133584454443	0.029914885653396044	0.28070555675265985	-0.005179488478042969	0.19681087101911648	0.12400331171264703
M303_4_sh	0.055069020154871626	0.5744680560260716	-2.4098610948963123E-4	0.2752007099452881	-0.2194803000177338	0.12212024324678686	-0.30330945136182486	-0.02855461053616594	-0.08856220703075024	0.012829637314601471	-0.19840743252237075	-0.23568186603681351	-0.06872992558858461	-0.183956569026974	0.029972402236854948	-0.36403737359139	0.08251478792419674	-0.1397153485989552	0.2203500981001926	-0.191603108177311	0.05359423076143128	0.04604338625840958	0.26175671198547595	-0.018313776175049663	0.17547305146773118	0.13120061935150235
M303_6_sh	-0.022419774274101918	0.5907058164648374	-0.0043469943246708005	0.32735823966411404	-0.131179649507296	0.15280961758060457	-0.26733969828761306	0.005478532738666164	-0.04315491271240556	0.062126697188824936	-0.15820468089781714	-0.23066848041688157	-0.05727845086554466	-0.18454231994376114	0.02428750137245217	-0.3432449247659388	0.0666910526159776	-0.19958739611685392	0.1621145207097374	-0.23403465216263872	0.06387836560234796	-0.0030884596842470483	0.2553054196428793	-0.06496198888925073	0.11164730092605533	0.12164931834252497
M303_7_sh	-0.025448949954059358	0.5871767576134286	0.013471393398061087	0.29257095233638664	-0.17626642637879283	0.13633764271956839	-0.2577064343191745	-0.02158442220021657	-0.07316428535823975	0.031150303754834744	-0.17683882962938968	-0.2332965115467674	-0.06977849265779713	-0.17295963360543676	-0.016897668856354443	-0.34336934923324713	0.06576306667334147	-0.15223028816078205	0.1868562126379002	-0.2270219546446083	0.08634795566001743	0.030892238311717935	0.26735352715899646	-0.0598416343132618	0.17630893162549105	0.13217589896838353
M306_1_sh	0.04530162810792433	0.5169539324871067	0.005168524342889731	0.2971806254974995	-0.2659151643337773	0.14623939793518828	-0.3508375451767031	-0.037866552291255934	-0.08608043965881104	0.04603862205545546	-0.17292413814141946	-0.26214980701094426	-0.05445036677060883	-0.17795387616630803	0.03573611820033988	-0.3157349572177663	0.0694124375838538	-0.15495056620948738	0.2062733968449174	-0.20496234851821843	0.04334313970392678	0.047738835156173484	0.300993112954719	-0.03923710712729247	0.22397929634274855	0.138703801409849
M306_2_sh	0.038404735934484686	0.5399019558339725	-0.02451239950678231	0.28657725669558703	-0.1502401422564568	0.1667598621542653	-0.3120033039737318	-0.05750747519044588	-0.06232849345924026	0.03580936444233807	-0.17066208591789608	-0.2430042517930691	-0.04893298209500779	-0.16239420439095292	-0.022671189644911216	-0.3564361039892404	0.061797645219442504	-0.17386077046079085	0.19366504578826835	-0.24833135551116836	0.043745182147770754	0.038220632106720775	0.31423971019221014	0.006510807641945594	0.1394982775718496	0.16775428246083776
M306_3_sh	0.026737106984812412	0.5466737296173946	-5.586483508294958E-4	0.24713149538739917	-0.15152839420657685	0.18069162792996313	-0.3567635563343168	-0.014987317038047773	-0.08909723310832948	0.02196195637019286	-0.203452020168345	-0.2503791836596259	-0.06377058610358129	-0.17718117183979104	0.05113662352213516	-0.355332954984871	0.07884696499658198	-0.1779803052402306	0.21742070717586068	-0.19240065501480666	0.03962070275337967	0.02613289105331218	0.287165518123059	-0.010531431203207901	0.16424281471614996	0.15620131862231934
M306_5_sh	0.008410509169260783	0.5131923441533418	-0.0070818547308529045	0.28202943649517	-0.16400846007567274	0.16605760624705604	-0.32857606344377416	0.009494540864272604	-0.05659082849596896	0.05263479109955998	-0.20171949147558726	-0.2600097532359347	-0.061190736046154756	-0.186881691045911	3.800483743757882E-4	-0.41089596466390566	0.07213376243139172	-0.16832694059033984	0.2287550226474682	-0.20931570844893976	0.033696804609496894	0.06186800739837819	0.2860276535763691	0.004381002913648152	0.18976363345964825	0.1457723288136045
M307_1_sh	-0.0036096627138439835	0.5736691115639744	0.0033277911018550314	0.3893780449635506	-0.18919142543059378	0.0817489426335106	-0.21557558545011735	-0.046026901715459624	-0.09542893906348265	0.0031904593041299162	-0.15616133848085406	-0.1834701641025616	-0.0631375735152748	-0.1465420485532771	-0.01056654250039156	-0.3192175449510865	0.06806875069004648	-0.18670064209993736	0.12747594701627638	-0.23694528244958668	0.07924106197930962	-0.006563492204792167	0.31396118490688363	-0.07613931821729603	0.14159633146018663	0.15361883582883176
M308_3_sh	-0.034406880986354735	0.5289909837232213	0.020819076419615883	0.2788298373178545	-0.18630078771588743	0.14208544574243057	-0.27346137889567634	-0.012761479369074801	-0.06382835893502056	0.03303206079835642	-0.2165182135038146	-0.21261702029134197	-0.08324736815194146	-0.154529924231171	-0.04448440625847126	-0.399736847088939	0.06094097194699924	-0.15862082155136872	0.2373616969193631	-0.24250083845173523	0.06556834660892139	0.046574140102466584	0.3099624256388416	-0.002419369060148068	0.20759487691342438	0.1536738323594492
M308_4_sh	-0.10139875044399144	0.5777487779019688	0.01502709724313956	0.2827903890514798	-0.10520019072933863	0.181037262522276	-0.2596005822747934	-0.02867126275071871	-0.02868288106064114	0.08508385151998911	-0.21304399926645537	-0.21794150275373972	-0.04110865154656604	-0.10819518391541622	-0.0032165059725868875	-0.38898234098313733	0.06029488763381773	-0.16680250695780838	0.1664322957082435	-0.25086512173335573	0.06216942590147086	0.018593991942429115	0.2875342522763741	-0.12675672011396316	0.1607936025313264	0.14296036626999623
M308_5_sh	-0.012363977626609561	0.5358332941141729	-0.014006475400228053	0.30706067369278595	-0.10718198283485685	0.19467893380159643	-0.2874089632840646	0.01158055025721325	-0.05266523959269977	0.03899113238899503	-0.1503756769063902	-0.2511832057663657	-0.0357366651764515	-0.15981671214085097	-0.037265113903447694	-0.3867255272064122	0.0604973189070834	-0.18147107178045102	0.18302664067276397	-0.2671259371078082	0.04072943575150841	0.025139227630408593	0.3227375335593311	-0.024962636391993056	0.09001316583406169	0.15800127850870938
M309_1_sh	0.0220107484765234	0.5820886175636937	-0.004784726350935187	0.2947769848653558	-0.19497018136177652	0.15506584782712804	-0.26802432631123063	-0.0310165568147959	-0.0444103447796594	0.05484039924146496	-0.15386721679267346	-0.21028574111170528	-0.05303196448254908	-0.17005773386957573	0.03714023678505741	-0.35222681153801416	0.06220307884215	-0.2134516415360794	0.14615038923124174	-0.23482691671582107	0.03937029207662131	0.004664308458445359	0.28102145323031824	-0.034680923611096655	0.13119256143691133	0.15511016724099994
M309_2_sh	0.045047009512792564	0.5564835792892674	0.00950316442344266	0.27264835250749575	-0.24337519098354493	0.1276849573655036	-0.306307797053557	-0.030730929882867603	-0.06469233831196249	0.03154904713839583	-0.1964915147951796	-0.243326971027986	-0.06565377975388899	-0.1745836017520636	0.018527228843144755	-0.3583981322903686	0.08462529553093741	-0.1555764067367582	0.198360136015789	-0.18517045340210167	0.05661557931411341	0.03257350613526052	0.2873221979572313	-0.03272048122623215	0.1765200093006813	0.15956753388245476
M309_3_sh	0.05073910586736589	0.5642253988526703	5.689648644965628E-4	0.3159808551683227	-0.19339112588366156	0.14728088254945357	-0.3094965219116819	-0.08258815096039934	-0.08964920355548431	-0.012415117491374944	-0.15087559938351158	-0.2450234042132645	-0.05895525961935172	-0.1703284049302739	0.021034175561820946	-0.32245652902698607	0.06720802422653978	-0.14797299538822553	0.1614280328058493	-0.191475473043544	0.06686542491775024	0.019855536499433793	0.2618812908221007	-0.04152111959821278	0.17264269128776716	0.16643852158240077
M309_4_sh	0.01711272960674702	0.6479270460303956	-0.008452670711378247	0.28025044505423297	-0.12536057171831796	0.13034973874298764	-0.24149188784548908	-0.029040588794134146	-0.034366204792881584	0.04911741885288041	-0.18224155542435982	-0.2403521642672672	-0.04735676817808778	-0.17201430008212762	0.017444711877079848	-0.413947398358131	0.06676691891697958	-0.17904014602679721	0.18687116613848384	-0.20444977484003754	0.013646576403312837	0.04023607142540164	0.19960095507902528	8.679423423602062E-4	0.13782660064888708	0.09009570992023709
M309_5_sh	-0.05534413190851341	0.5615254872721793	0.018188412825566273	0.2737870520189266	-0.16475164252990143	0.16630027582988532	-0.2888114885749462	-0.015579570265244855	-0.04665135445422759	0.03029541155685697	-0.19647076718945122	-0.17869524643957374	-0.07316510147699268	-0.1593095670501093	-0.02222782911859063	-0.3697359656582662	0.08167385591934984	-0.19089594027022083	0.18910831553022894	-0.23317324390302938	0.0781498970374062	0.013587779264035678	0.30167925041978433	-0.04134533463919063	0.17862258352028754	0.14323886228375035
M309_7_sh	0.042245461557135384	0.5843849316570073	-0.004399312581154658	0.25901094705867767	-0.15964049449084464	0.14720879085977537	-0.3180979673607738	-0.06877596567317049	-0.07127282662246326	-0.010090944391417826	-0.18131293370078358	-0.23194726016110695	-0.05496321317965913	-0.17150519477154746	0.017552243948066825	-0.3695218234805075	0.04798848742890078	-0.14163934799494235	0.20152014257406844	-0.16592997328255268	0.035120529263374334	0.042388546341554666	0.27595835527163703	-0.04693900020461633	0.1693015278924965	0.17335629404284644
M310_1_sh	0.07937733337133555	0.6795439474746882	0.02069374284299666	0.3173268108611303	-0.2727026669354775	-0.020601420712079887	-0.26603438656286904	-0.1138934417973392	-0.08667761698979193	-0.02959520772119733	-0.10542179144359116	-0.18058192738155815	-0.05058010397245963	-0.19113134107995589	0.01606295087971021	-0.2566152272452367	0.04856860386286506	-0.16358737496746975	0.07509464494195424	-0.15684440450438114	0.09328587911782128	-0.006815963631228434	0.25773870476597005	-0.06404096609961052	0.1905947061215386	0.18683651680423846
M310_5_sh	0.016521191488615437	0.6413181029306612	-0.026530092065125757	0.23919755417249952	-0.16416647944066673	0.1160762824250042	-0.2672282193362355	-0.030780492701355723	-0.08395465245943809	0.009030492427028261	-0.1652129117931671	-0.21749564629529064	-0.06831564926114192	-0.1780345800533129	0.005282669275408981	-0.34410322051095626	0.05992724503237694	-0.17400422507559443	0.16522354170809353	-0.2097923421067668	0.04922273014977335	0.025873198602530227	0.2681785351946367	0.005775300175152237	0.21105209150686907	0.11693957601040274
M313_1_sh	0.06229166739932379	0.6041470420793245	-0.020524279882014572	0.2600587557271634	-0.18943095379697442	0.12587352441313407	-0.300075560243637	-0.0013307864293172801	-0.052286797160139856	0.04593235100816247	-0.18060240279913922	-0.23382994271249913	-0.04390084262461259	-0.16684898426323477	0.04928130794589151	-0.38586485303609847	0.06765081455800318	-0.18956610872461713	0.21578942865681963	-0.22177711321086288	0.018163742069151948	0.027244013693129156	0.23862924392153298	0.008610679630422627	0.13501463195579538	0.12735142182529327
M313_2_sh	-0.007513110748017672	0.6460566282736911	0.00809023106243093	0.24496046333533839	-0.21098221223302516	0.1031635820051243	-0.29016043305121897	-0.020695182357613424	-0.030730152828994665	0.030141101704175416	-0.1627180577049983	-0.22152381308790256	-0.042016817044913966	-0.15317823274428632	-0.04568540533072843	-0.34071072731277247	0.07449771276752772	-0.16487103701232753	0.19925356713529707	-0.2170997365231501	0.056362110329290394	0.02498140979290769	0.2595086316447503	-0.02290593417542249	0.1920939360026006	0.09168147810223765
M313_3_sh	0.016626024748879503	0.5984035865530188	0.0063206944039246905	0.309600499411787	-0.23348119214065588	0.07362585574466027	-0.25545931810126427	-0.046253841150679695	-0.027983366204772472	0.06173648966586643	-0.20273773619848687	-0.2312601714544459	-0.04732792929657392	-0.15000500993966015	0.008932533144561473	-0.3865623047223508	0.0443981100788505	-0.1366291500384536	0.19700090346954688	-0.2180933436141343	0.031127147011861863	0.07444260154303498	0.26118711126238153	-0.05143531124465364	0.20139701782174638	0.1024300992460098
M313_4_sh	0.07774073564554826	0.6539396626154568	-0.0082581435680271	0.25927002273331307	-0.22747734002422784	0.056325201222995724	-0.2569774642518058	-0.0784437964608815	-0.05051906649847766	0.015348914360469576	-0.19511557524709702	-0.24618436711897027	-0.06198740283992958	-0.18527637139406394	0.0016028249766644118	-0.35578752780858613	0.05395003913616644	-0.13106472727802812	0.1968649882127963	-0.16669282142481162	0.039543334569913303	0.06143713963137748	0.23328612397411552	-5.609170895520127E-4	0.19734694591436058	0.11768958801128049
M313_6_sh	0.021441675632759297	0.6710747493397566	0.00172262938293552	0.22852994848960728	-0.20370029543021692	0.09982433401461935	-0.2832522522536337	-0.03538719744171588	-0.05630887469572926	0.010279297419650255	-0.19264400220673836	-0.2422557971073392	-0.056197063042886776	-0.1692373119581721	0.020208792839264505	-0.3469151535387945	0.07147406053490767	-0.13800319314544815	0.20366824991702706	-0.15381928482858045	0.03440589317290782	0.04583068691068536	0.229047567405979	-0.055000844557402756	0.21013361874342415	0.08507976640313376
M313_7_sh	0.0022516729621552753	0.620042718686448	0.002580953593639551	0.2528690376715353	-0.21892785657787053	0.11936412201962103	-0.2774801471126804	-0.007167048290124128	-0.06596019081421393	0.033389623171099544	-0.18399745974707635	-0.21369358782375006	-0.05639836286118917	-0.15875213943135932	0.012796454121480338	-0.3321266677969498	0.06821897362643183	-0.18505374985599582	0.19806780268302404	-0.2129149378965114	0.06081912285337101	0.0011102227330276396	0.2694009577681092	-0.030775914771030317	0.18862807950481855	0.11370832158398904
M317_1_sh	0.0098892195265608	0.551673351822799	-0.005889424779429501	0.3169114157827332	-0.17671109462815415	0.15235028361031125	-0.2756301678045261	-0.04861718385535548	-0.06615703588987129	0.013024359554563943	-0.17238295211781324	-0.19701168983702075	-0.0595058300003216	-0.1543584846325564	-0.024031650626483186	-0.3436478720636955	0.06992685678064699	-0.18149256347886975	0.1820749362175702	-0.245473495667857	0.08149367677586979	0.0039656498953550695	0.3060540260055854	-0.03262699267143764	0.13086944054036592	0.16530322154102903
H401_1_sh	0.0045256071142302165	0.5290126002579585	0.004020379396652663	0.3413483726298175	-0.09080157883309278	0.24028652452473703	-0.2731459134556531	-0.10229870266163345	-0.09654976782326544	0.006155618975367626	-0.14446297370219144	-0.25924358331498687	-0.045815407329510296	-0.1832485541079833	0.009462716964721726	-0.32193452240236076	0.05499362435095242	-0.16654516433185715	0.14386134165385112	-0.2192737687181486	0.0744357744653024	-8.718749398765706E-5	0.2505800695450302	-0.0879509907607629	0.10889612765297149	0.22377935740384042
H401_3_sh	0.05393392623641128	0.5402560446541309	0.006541523203619233	0.38088854893013213	-0.14303025791826057	0.2038367883888346	-0.23326220580169568	-0.1489725112191373	-0.09999196199988067	-0.052471873763838085	-0.10876983196948257	-0.25773687174293314	-0.05483534538116911	-0.189878684397742	-0.021355347050811286	-0.29018860487803827	0.035869990372554166	-0.14867057294265018	0.1371328262764781	-0.20717915265804288	0.09635352339180296	-0.008355558846877907	0.22080356409126217	-0.08577613792467838	0.1106095965491716	0.26424858640084103
H401_5_sh	-0.0754604070124291	0.591586969003998	0.01406031999207442	0.33180677555311694	-0.05968209573654476	0.21697168418824347	-0.22340891492866655	-0.07774985381847856	-0.06494001306661173	-0.010716833913989532	-0.142299582761354	-0.2066157728179561	-0.0621996505506185	-0.1673499131130856	-0.023536291982053956	-0.30688310159564886	0.05917439720413779	-0.18681370469285	0.11866829398158965	-0.2437110952704952	0.09465113360806468	-0.024599742311110596	0.24255196908074864	-0.11965140645590486	0.12242084217166378	0.20372599524416152
H401_6_sh	-0.03750912751632283	0.5597204318308753	0.0026902302886819274	0.33078706934679464	-0.09651504630954452	0.20985544438521686	-0.25176236247518125	-0.06934737404491742	-0.10633682422778287	-0.034004821685339366	-0.14793431663753537	-0.2063543959321529	-0.06636622707340652	-0.16798364047919778	-0.02022950751551563	-0.315111187443472	0.04670112200052802	-0.1637436083453226	0.14901247665610667	-0.22723547767458654	0.11693799820463482	-0.029979304447844916	0.2764348851340765	-0.08350491879665888	0.13487669947125952	0.19690178328660515
H402_2_sh	-2.227503791738597E-4	0.5998336737953449	0.004882100941251362	0.3288491179500869	-0.10976478234849607	0.21704002479199458	-0.2211989586452234	-0.08958935035313802	-0.07909588878063288	-0.03169853346219957	-0.10090130269553585	-0.21946388826862798	-0.04600629371414909	-0.17474947793048676	0.0024630012892741006	-0.28860468260114597	0.054689509094207625	-0.20040487997092518	0.09558541684267505	-0.23229890736497918	0.09097641118968011	-0.056457265321500597	0.22382760751584532	-0.09967946557647668	0.08476592969027733	0.24722363431205335
H402_3_sh	-0.0014280629708970996	0.5829574427711882	-0.0026295799823577333	0.33073202786078415	-0.12638110817403256	0.2051396217437508	-0.2546341471086518	-0.07223443017619541	-0.12076182498092282	-0.01764035512959828	-0.15507448785958997	-0.22835657985798535	-0.08120047216518185	-0.19232099353169238	0.034319215310636975	-0.31154527555861294	0.07516068418611656	-0.1569522636076667	0.1434685213960097	-0.19832762043631058	0.10292860819625829	-0.028905401100636843	0.22831003880308995	-0.05333786099923778	0.1579226153495224	0.14079168802221298
H404_1_sh	0.018985064049852785	0.5753898273445732	-0.016808272559034266	0.37183452650376164	-0.12088699120539655	0.226068825822617	-0.21246625107975176	-0.11135960696849491	-0.09372192817803303	-0.03857031170962808	-0.09734827431356147	-0.23167408515303284	-0.04041212861118355	-0.17272530085755292	0.003948758224050629	-0.28340764138627317	0.047543526070220964	-0.18079367148747302	0.1018072735702833	-0.2427376978151014	0.08743672524485797	-0.030952638578659812	0.21671081521271718	-0.1055110791274552	0.10521168357497765	0.22443885341271855
H407_2_sh	-0.006522798383081341	0.6124590147413648	-0.020566717619079404	0.43297701840849584	-0.10472619261502641	0.14471835605158592	-0.1854576774937604	-0.06312791527580802	-0.07844767370654786	-0.045839569082590924	-0.0875245682584522	-0.22378617766039818	-0.05625131697850559	-0.1999429788036484	-0.03399984228567179	-0.2830518563061729	0.03858262754980666	-0.18642753726343986	0.09524092015221641	-0.2298801391360204	0.09985004068221406	-0.04726989722320035	0.21508478460041627	-0.052571601655554155	0.12473841435547128	0.14174328320538684
H407_5_sh	-0.053064997171933165	0.6905932649332202	0.05666811847951041	0.31092009857575065	-0.16774063037389034	0.09787307299467529	-0.20853140790040453	-0.0600447916384535	-0.09318789181562541	-0.0443564641937674	-0.10666330049070344	-0.18668660491938593	-0.055365574049425006	-0.15300601900354688	-0.004747111680584257	-0.26604815476196064	0.05064011450474528	-0.18961921581374094	0.07565141714799986	-0.21238758010371794	0.12438681896600769	-0.04933990126255152	0.22311843324727174	-0.09300357753991317	0.15883601113703072	0.15510587273339127
H407_6_sh	-0.07033282168005653	0.6254622686344261	0.042085142181462934	0.3244928811364112	-0.11861905887317452	0.15977730260014156	-0.23398609614438803	-0.04270543215395119	-0.1209694839658373	-0.04467113698749621	-0.12540189809402036	-0.18859529569937705	-0.06078472540846412	-0.14733096945313312	-0.0024713473394643165	-0.2782702261314605	0.061903854538523095	-0.16621229090748424	0.11242387103281053	-0.22269012176647923	0.13858339229163236	-0.07541857524929185	0.25425084822659266	-0.13207384703011427	0.12331832323438348	0.18823544300780876
L401_3_sh	-0.023548018310085544	0.5923911728620437	0.005264059229571481	0.40569724833363763	-0.13377564205495537	0.25856948976427246	-0.20136206138941645	-0.12462823468036678	-0.10102786072135994	-0.09090445573613543	-0.05222523994115842	-0.22291284525661195	-0.034613632025115984	-0.19961810382180495	0.0010293360220169946	-0.22463088410815182	0.029981841460373505	-0.1922284990325079	0.045653776325656995	-0.21422222081187037	0.09291759139590605	-0.08021225037886323	0.1949618121729747	-0.10881565397197235	0.1767440378355932	0.20151523683832767
L401_4_sh	0.02956188358901234	0.6266662420285842	-0.033814932272436406	0.39178297528373973	-0.13505019524761444	0.20028898801848183	-0.18983963167066897	-0.09293163886378913	-0.11000165930020818	-0.0680292780610029	-0.08316606721203906	-0.19170060432761404	-0.036545506668620095	-0.15431310545211926	0.03700552748602623	-0.23279457913905088	0.06909762122275467	-0.20043295749115694	0.08766262041948543	-0.21757793671197656	0.11012906885070053	-0.14373262499150888	0.18445798047740736	-0.15763238637045607	0.07050329032620298	0.24040690607787157
L401_5_sh	-0.025805638558674925	0.5772488989983219	0.01923446517262733	0.39836596725567697	-0.10379358766716457	0.25056860341925524	-0.175323332534333	-0.10883939801695436	-0.09350570712694695	-0.07924301489674257	-0.07278396599609904	-0.22607546978287338	-0.044615612004653055	-0.20915929227843183	-0.012471149922087109	-0.23895429401225746	0.03127216067661795	-0.21032442137098303	0.05965711536658898	-0.24013065382021867	0.09714151193280139	-0.0809957719414004	0.1976696058410576	-0.09680705632085003	0.12332413482026579	0.2643459027674574
L402_1_sh	-0.014105286965142828	0.5531510429736481	-0.01782814959067558	0.4242144240891852	-0.07495353540745364	0.2580256172613225	-0.17829770808996123	-0.10316474057127502	-0.08033120127804724	-0.03717856701932093	-0.07973393701364395	-0.23306733644289965	-0.05587307910220124	-0.21267041379518037	-0.012143255157957198	-0.2821716158664255	0.04278680359422122	-0.21200900522068164	0.08812419379839868	-0.2442115123395577	0.07581197410595054	-0.036267190158879636	0.19598675891065082	-0.10080630956207362	0.11055642219586158	0.22615560665213882
L402_2_sh	0.025512317832193983	0.578430584656396	0.010847325497018799	0.43251097540026473	-0.13774955986868506	0.2091434991641693	-0.21256464198694586	-0.11924806686878699	-0.08456821854057965	-0.051428561416749355	-0.05952786760656788	-0.24405301810250468	-0.035651116978873534	-0.20867358589771373	0.009945650126089878	-0.264850009828902	0.04049286235374004	-0.18469218230446316	0.08223343508923739	-0.21773991022714007	0.06904084643145364	-0.04410142281886614	0.17427932544159955	-0.09256756794802257	0.11770964221031902	0.20726926619231972
L402_4_sh	0.022801313680202506	0.5955433210486001	-0.013943424409177084	0.3669778723058609	-0.13975248250961653	0.198371123121065	-0.20363792584659496	-0.0985322489502137	-0.07660932083931672	-0.014774635017718845	-0.12855413343545397	-0.23546281101487718	-0.05693392888082298	-0.19040037413071115	-0.0014034489093009035	-0.31541543724192544	0.05714565648454698	-0.18497730703200482	0.11769795029591246	-0.22429537459715354	0.075590835703196	-0.005401725050555863	0.21476897647100923	-0.031147571295861702	0.13282993219541622	0.13951516785549628
L402_5_sh	-0.0019536498949468475	0.5730700903465387	-0.022475807629508012	0.36640919835539515	-0.11204756789987516	0.2063598380599518	-0.21105974520556944	-0.06443376587776212	-0.06893205638241029	-0.0022664375725259525	-0.08665594273188838	-0.2323343451584827	-0.04602670441756848	-0.20316321778669763	-0.008118410005126461	-0.27583944569893	0.04398659799847687	-0.21377013488185212	0.08269395491908546	-0.25363713315852243	0.0854214169029798	-0.04024679731746873	0.2459448560248371	-0.0966301941243207	0.09922305832151393	0.2364823448146769
L402_6_sh	-0.01034975444243938	0.5579240384718157	0.010182596805755631	0.3928862994970629	-0.1057657209940174	0.23149760412044212	-0.21428781088306778	-0.12304333928032521	-0.08826795623841274	-0.03354977842619955	-0.10918196855226303	-0.24330745985016375	-0.06632367006870282	-0.20215034043388777	-0.016850318213568142	-0.2884530443290533	0.04981853909458397	-0.15523092442884617	0.12013597748760929	-0.2085369512691747	0.09334431361380895	-0.05037567899988809	0.2034098517274829	-0.09941521973754204	0.13413592066323055	0.22175479466575992
L402_7_sh	0.03316512542028176	0.5357287584703235	-0.0045059064055052375	0.41650844439428436	-0.1702357243228261	0.202487099491728	-0.2268912582113783	-0.10027433670109495	-0.101123051084802	-0.025537897916934203	-0.07018593503827993	-0.24787080999995628	-0.043387217301473366	-0.20853875978938372	-0.0038879686994490424	-0.2736312081375255	0.0474971490900777	-0.19860992632369684	0.09788989788521156	-0.22771034704598592	0.07126215615286156	-0.020717333125265046	0.2168959138157409	-0.07035209030733271	0.1535068186995411	0.21851840699083963
L403_2_sh	0.007547013256073716	0.5365582297552568	-0.008114542525551265	0.40454919006985374	-0.13430703320255596	0.2347351616317359	-0.2286879113698561	-0.09287252089684711	-0.11533913388652889	-0.05683288851268485	-0.10859382921974695	-0.22980538980783302	-0.056729152931431666	-0.200170684519484	0.0075601708882725716	-0.270485121990018	0.06655161948259807	-0.1899783588993717	0.1082281740269773	-0.22232450051327707	0.1123400864344558	-0.035013021397356806	0.2101902504611579	-0.09144981138215699	0.13935428858613563	0.21308971646218253
L403_3_sh	0.013680243972402875	0.5206711764744504	0.014522046598695142	0.3964034038047325	-0.16719773466198332	0.2066208334090304	-0.24279755878845463	-0.10335836170366332	-0.1265763116446098	-0.06229825535108036	-0.12546922815792091	-0.22999689229648893	-0.06238478675865315	-0.18582558451672299	-0.0028148143533764935	-0.2906385452404373	0.06041898676735599	-0.19260505213090232	0.12366446867443547	-0.2220775351234824	0.11159062841821561	0.007684890758356922	0.2251466165607162	-0.04247724967137337	0.1782174433731761	0.197897171587581
L404_2_sh	-0.007195106084193326	0.557728360937162	0.0044316727674867905	0.3717786058224767	-0.13521585070961337	0.19263676208951797	-0.2397852877677309	-0.07358894373264387	-0.09862142226315937	-0.04368357428154762	-0.15425559561597782	-0.20807262784738523	-0.0671508394418043	-0.1941476930782669	0.007590138474961008	-0.2871669647998327	0.07145183255878587	-0.18795216226234454	0.1419149374795866	-0.20089861316781343	0.1042814909563253	-0.04479304733261421	0.22973160900721198	-0.08609980054839438	0.14282242063812164	0.20425969820168532
L404_3_sh	0.011553462288796994	0.5264392155749624	0.03716696859577196	0.34896429621744307	-0.13041505627718386	0.17125717134460897	-0.25789844466981654	-0.040668086628048036	-0.10053872019765973	-0.019203703456505877	-0.20232771349856046	-0.24549243966410678	-0.08644060794547251	-0.21179908280338697	0.020811249735143183	-0.3529789620633368	0.09078124930241983	-0.17548603699129017	0.18612018288680784	-0.20149114146974983	0.08878094774507117	0.029002171575209592	0.22628566535925423	-0.0329395997873376	0.11612081667542717	0.2043961981515392
L404_4_sh	-0.034424778253779154	0.5420637442920783	-0.01692175869669519	0.3839013826916053	-0.14389594283865273	0.2028378992141896	-0.24225749238007185	-0.0756713052609289	-0.10261206627599014	-0.048453521285355704	-0.14501535818806618	-0.2052019784425612	-0.07980146589838107	-0.19357377904448408	-0.022460622580221197	-0.27369463324354415	0.05550967330682828	-0.1763165773794681	0.13808036294320922	-0.20682272861496903	0.1109608405829423	-0.0337733365422139	0.26844753930470305	-0.07210508546003294	0.21439106897417462	0.1568099190756853
L404_6_sh	-0.003535864611300274	0.5597976994787464	0.00462018386464505	0.34787977819773597	-0.14120323643820554	0.16798374738553667	-0.23020104168083033	-0.03864837155329019	-0.08315262164447883	-0.014703875796750945	-0.1822023023508216	-0.19564773991562825	-0.08907823317144066	-0.18084588001354174	-0.01158641829594316	-0.36036301597341835	0.0882342820555804	-0.18882009954686793	0.17658407547827845	-0.18997485242760984	0.12355608050964995	-0.029341487028325737	0.2449305179120011	-0.05974887884863836	0.10303457837286506	0.18243297604205216
L405_1_sh	-0.030292426675129082	0.6356818227457057	0.021826268670492525	0.37898696621589084	-0.0793267654488188	0.21987754087137953	-0.18833525738962453	-0.1110883052675658	-0.06853576043823831	-0.06299558283793529	-0.07230240870181151	-0.22577810300234158	-0.03838421023617805	-0.1976855540137704	0.010093239089997038	-0.26800042146374775	0.03517795806570021	-0.1887529974989217	0.0658293545051849	-0.21236172266337958	0.06646192644913489	-0.06532903223773276	0.1580078525085366	-0.1271238394719903	0.11978022960075511	0.22456922862440892
L405_2_sh	-0.024750053785570374	0.5821563177202498	0.010505760250762362	0.3912526741301028	-0.09906063753156148	0.21342504957031275	-0.23637357050893057	-0.07200593846788617	-0.09657841045425719	-0.031243672213894246	-0.10438173916882403	-0.23782550979010808	-0.044981051121280105	-0.19140813821177674	0.02390051075799165	-0.2872791536010028	0.05325959581690699	-0.17993327702679185	0.10017671276144119	-0.21883913490921184	0.08838873786751257	-0.052423985822868814	0.1957540506243624	-0.0931709519194232	0.13414009449144645	0.17729572054229828
L406_1_sh	-0.008734218008639535	0.5839198923931035	-0.014299235226251324	0.4085271763522086	-0.13064903393327998	0.1626287731576366	-0.19203283366537144	-0.09116220702679115	-0.11588441828920036	-0.0675145343313451	-0.12628831568007765	-0.18006629303254723	-0.061894637017506984	-0.15482437458965403	-1.0042424036778297E-4	-0.28654500441117753	0.06073235949357337	-0.17804227379875917	0.11534710918196416	-0.2133564261532406	0.11702197785987276	-0.08069275813072192	0.21448092926803689	-0.12264895752683967	0.1423007402572477	0.21977698709812887
L406_2_sh	-0.018010513234636177	0.5888239788126051	-0.024961669745970253	0.36323019219092967	-0.1104933754333835	0.18745595021029982	-0.1864450387315684	-0.0697522903221918	-0.12226397618887061	-0.06452188580186718	-0.12557692673203147	-0.19319658984772028	-0.0808999508050637	-0.17106714583979363	-0.022462853742144497	-0.26126621304929015	0.014557432815701904	-0.23302325545588504	0.1367607467626388	-0.21404029711077527	0.15864869388454744	-0.06259328018226969	0.2504956159807068	-0.07818008116949973	0.130651815170074	0.20813091756545765
L406_3_sh	-0.0420294944915578	0.5994646946046999	0.01262363997651723	0.41273228593112016	-0.1334806591944797	0.15567757211324323	-0.19515420328735733	-0.07966663390688275	-0.09422518429386312	-0.04931030972689153	-0.10201752835319369	-0.18858413089924791	-0.05553648910962275	-0.1653398947755795	0.0016578369754507369	-0.2528732181017948	0.016470838565553515	-0.21477986228723536	0.10028427726480789	-0.21826474219298309	0.12837466312270723	-0.07741801220096167	0.2152709079567991	-0.1256249655325903	0.1477613948682386	0.2039872169751038
L406_4_sh	0.03144459767653039	0.5919249000168191	0.008441703499070051	0.42573683892764114	-0.14779131371880186	0.176190105114631	-0.18990617242589905	-0.14120612275114616	-0.0902682737471945	-0.059693651657428334	-0.12231462682759608	-0.20932650225843202	-0.05168665541399495	-0.16488120161174524	0.028305306370928728	-0.2630248855428655	0.046312896295858594	-0.17221942846684224	0.10702413522227608	-0.21567244466990662	0.10133582049642681	-0.07657382552280592	0.18410502132528034	-0.1153125563949125	0.09499756124711545	0.22405877481699302
L407_1_sh	-0.014205058029595256	0.5784142376129618	-0.00810008448078874	0.3525133343519472	-0.09108387494137142	0.22785222566488278	-0.22558282166666396	-0.10042824458245701	-0.08893852850476655	-0.03632384746850373	-0.11193992854494447	-0.2286915860235656	-0.04627398423137664	-0.18898884418181844	0.010676047148955318	-0.28569584762042277	0.040333905240564016	-0.18233322792311216	0.09658962398320942	-0.23494979910893643	0.08805724313704895	-0.006455060010461136	0.22198276540222858	-0.11794888766586731	0.12848469548750008	0.2230355469553525
L408_1_sh	-0.06302784350016012	0.5635827643696585	1.5811360607644737E-4	0.4115504324392076	-0.038666408661887385	0.24051812903286082	-0.1917610634586929	-0.08444357988540821	-0.1088176998618154	-0.06228919546196025	-0.12392794246283997	-0.19132414890814428	-0.07363344605093602	-0.17413347677635846	-0.02724713144092699	-0.3154105672366758	0.06830459956201823	-0.18906527628966718	0.11552590547552839	-0.21836865550145332	0.1288664640928161	-0.08657923342603341	0.2032829953892925	-0.10451890919280352	0.1109434573115283	0.21048171683677774
L408_2_sh	0.007165222162916686	0.53564705127106	0.011586055880591695	0.4429915135914225	-0.10548177264094136	0.27170226672688896	-0.1886241020956442	-0.13051572831931343	-0.09430771896005888	-0.10814904687761671	-0.08197698888559622	-0.22448804145146983	-0.04611868269961299	-0.19794794772458615	-7.207019274164499E-4	-0.2514427641024412	0.049060932520418904	-0.19801108292328354	0.08045471960505692	-0.22200068052765165	0.10358680238466092	-0.09702354959071409	0.1748562532318293	-0.11929599894757817	0.09051998142379565	0.29853400887528275
L408_4_sh	0.016007651965380548	0.5592024117634404	0.003937889168277121	0.4347737217240163	-0.09258847748296202	0.2679932668265963	-0.21278641614566413	-0.08466966633510464	-0.07229468271956487	-0.1546841640004669	-0.06193229971605632	-0.24339493352885472	-0.04361262570512064	-0.2300914531476961	-0.01635929864381428	-0.26278082475951753	0.04070331068571869	-0.18493914786650742	0.0907629929179857	-0.20116394002152005	0.0800885739461546	-0.05192587483273213	0.1802568871421874	-0.09166475824989019	0.08781649458747767	0.24334536242823643
L408_5_sh	6.017926207658245E-4	0.5641728927097581	0.005357050170924568	0.42393067024217707	-0.07491297078429843	0.2153547146540102	-0.19391588906385124	-0.09970792545990018	-0.11410337175143326	-0.07849484644680108	-0.11725415665357841	-0.23506667015797666	-0.07042717595964373	-0.20684262809073492	-0.017704168536215415	-0.29856138840046287	0.06279768525844281	-0.17645948053807603	0.12222144546717027	-0.1996204195100735	0.108276378781326	-0.05249973251533731	0.18317649545244757	-0.06742617748948057	0.10588688499794396	0.21122099100289812
L409_1_sh	-0.0722440678627865	0.5298231232257037	0.03599873387447888	0.38537762686818433	-0.07815037769041762	0.23751352684971114	-0.24719486223897544	-0.03855991819253112	-0.11467908184224015	-0.042282689742805635	-0.10490080036683172	-0.22636126485591543	-0.05586985352380741	-0.213594379205567	2.796783023692323E-4	-0.25811565836453193	0.052895427797427716	-0.22006431317676428	0.08839626873394951	-0.23702888636093486	0.13534225265670374	-0.08150340557029123	0.2270673877460952	-0.0948450593156485	0.1330592944140344	0.25964129784139056
R401_1_sh	0.06616597616606937	0.6317388587191599	-0.0011273137204265253	0.2694623295791782	-0.17490433965808588	0.1509038673750095	-0.24076331098777004	-0.061977199389919094	-0.10304436188376256	-0.027573021218303795	-0.15823574512256391	-0.21862844430194925	-0.0694539738450847	-0.16518461217436867	0.033582003357853114	-0.3475867965108908	0.08194142463905592	-0.17335168121470584	0.15920813474492782	-0.2012658517050597	0.09417114748901674	-0.01589417427861929	0.21575003441793428	-0.01632007848608027	0.09671032440283608	0.17567680360655188
R401_2_sh	0.057695422598985024	0.6505889549960985	-0.01795113790777986	0.27640302307559145	-0.0866402149483303	0.17070966360794435	-0.23841637969452262	-0.05101270705167621	-0.10684421403322396	-0.038487492518457136	-0.14321990363679224	-0.22797927527423587	-0.06617370435354693	-0.17609181787475764	0.012987369934686962	-0.3594283671025813	0.08131596265610003	-0.17907478374792843	0.1666427767036955	-0.19603068821509775	0.09419685080081895	-0.02681250818377533	0.20094627263935197	-0.008877192822967193	0.04546089924055686	0.16609319111184243
R402_1_sh	0.035847014040356756	0.5620042898069131	-0.024125342089365138	0.32540762624412395	-0.05498848085479037	0.21064122389508852	-0.25100420196283624	-0.0465244035257205	-0.0975253340337008	-0.003855173085767173	-0.17781865727541746	-0.22696950245356504	-0.0794854287173052	-0.1812761100432264	0.02843378334213545	-0.37594530288697614	0.08798882638861083	-0.1877587893054876	0.18285202488536045	-0.21000972590563655	0.08724221425772331	-0.025203702978421488	0.23651270019858844	-0.04543590040014926	0.026070881820639685	0.2049254706388249
R402_2_sh	-0.055626982201930665	0.5771341781586816	0.00614518978759742	0.30567204535152614	-0.03669128435313125	0.1990832321755489	-0.2247812684316369	-0.0324503649008638	-0.0699072434255132	-0.0047488968965954306	-0.17641038734856343	-0.20765372550526526	-0.08489307750149339	-0.1812886080387112	-0.0380304389405347	-0.3691426073437573	0.06583575091020968	-0.1776320391361646	0.1577926598847371	-0.2398836783627348	0.11022678775747509	-0.018667859525464216	0.27165983473947275	-0.0579603762117862	0.07468045912331162	0.2075387002355856
R402_3_sh	-0.041245370131882834	0.5635422158531993	7.316527007496347E-4	0.30857090898270517	-0.027578215179795133	0.22020161720725864	-0.24912364794294192	-0.061303659022575674	-0.09895545713639611	-0.03760806801796304	-0.1752927719861621	-0.20643224392828152	-0.07657268195014752	-0.17048082015661303	-0.047177840859436056	-0.34323001048915935	0.06433820816723552	-0.16998379346802792	0.1741619516421516	-0.23105920068112476	0.11991058695702331	-0.02290071151775237	0.28550530681673053	-0.06192148564534285	0.07129827890287058	0.2126052508836776
R402_4_sh	0.0757029861007589	0.518851008868877	-0.014627125220062102	0.31107978680173126	-0.08219735927331252	0.22778205145321911	-0.3005400614298687	-0.06306396060525643	-0.13089083588920866	-0.039098865224889964	-0.16755755252976395	-0.2512701406451786	-0.06675746321992529	-0.1772830610948955	0.02580416467170989	-0.37170319706718086	0.07297607124043382	-0.1555380743581478	0.1915554539862422	-0.20105451330068208	0.10115047562534378	-0.008124963688329712	0.27582111911301904	-0.030814367884320515	0.019560126824635326	0.24023829674505434
R403_1_sh	-0.0681999035617374	0.5766812397895426	0.01220927572508128	0.3250512734180931	-0.013023929339948195	0.24597148460857438	-0.22520952381413334	-0.0800762489010152	-0.07256280497850563	-0.032046991840988845	-0.16361108333984908	-0.1992848230694446	-0.07598793575308829	-0.16842390352110267	-0.018216858026638347	-0.3416626231382638	0.06360519541713879	-0.18375975845070133	0.1348571489306999	-0.23201864998679442	0.09525405271511783	-0.03103104770312105	0.2506975765421449	-0.10100109808465893	0.08018878948371726	0.221601146879881
R404_1_sh	0.018398742545106404	0.5776743177774766	-0.014068126960098945	0.28873900578645834	-0.09313466021676228	0.2327284998691096	-0.2680958663559738	-0.08638740890372666	-0.08652684503017301	-0.018975230344664328	-0.11945689654971117	-0.24086903964241824	-0.060670445510193106	-0.18038750203428164	0.009661639518854775	-0.29456800360631363	0.05097465251796468	-0.1862736354220651	0.11518328141683175	-0.23454015725749422	0.08985056315534605	-0.018198104141761262	0.276918648909309	-0.07105587453803616	0.08096531255949894	0.2321131324577151
R404_2_sh	0.056150162726748054	0.5501878853394045	-0.00906545151726558	0.3151817098374881	-0.07739892963606698	0.2199790964878051	-0.2741416456648104	-0.08473986315115384	-0.11228850324358716	-0.05329533401663389	-0.16341027648904397	-0.24978070347847153	-0.07260683563099046	-0.19725295483395147	0.0013582182378425213	-0.3529989602413112	0.06942722819140279	-0.150389916484337	0.17955426121114557	-0.19425502073815704	0.08552948688977145	0.003350426515267713	0.2533965599132538	-0.022478687282089696	0.06349572501159977	0.21649232204613958
R404_3_sh	-0.015861861756789976	0.5703712183033381	0.0017042577400269085	0.3017477867663373	-0.06784234772263677	0.22901709027455733	-0.25639085052495403	-0.07054620726366771	-0.10143647046941402	-0.02299737802754536	-0.15764836878471575	-0.2220919989453753	-0.06364703751769889	-0.16530407785036116	0.012606387587238168	-0.32909396751846076	0.061200716580196365	-0.16928457988776136	0.15600120219417515	-0.22562880244657768	0.09108570886329778	-0.018630233702793424	0.25728101998194036	-0.10247876004723003	0.08294764382933498	0.22491991034553946
R405_1_sh	-0.02509006132866054	0.5797108045466703	0.019543148036133547	0.32225610485790024	-0.05794517972487191	0.2206515961891245	-0.23457309737616575	-0.08431034435872616	-0.08741507513735769	-0.03805678282727989	-0.11296437124680442	-0.22640287756381247	-0.05401536750906588	-0.1963946419238279	-0.00965929356651446	-0.30617225032755224	0.027839615624748258	-0.18447446321823227	0.09313122461127966	-0.24500694828827035	0.08726782925569493	-0.01076060321475812	0.27154596217596605	-0.07445247140742589	0.08233466618561724	0.2434128775361896
R405_02_sh	0.053222470173148025	0.5496006445007636	-0.004077650461726871	0.3512454873432001	-0.09790450109603502	0.24785533619997463	-0.2681262858462222	-0.10478019502199767	-0.10409818084030809	-0.04524935811701356	-0.08763224628618005	-0.25482342676384206	-0.041700389700468264	-0.1946036838188144	0.023648738408206218	-0.29952218199909925	0.04939584204092312	-0.18746638730216492	0.11781249314999623	-0.213739137050616	0.06617270875611114	-0.014760065746419658	0.23509364208581132	-0.0846177609252355	0.05819335961674579	0.2508607287012647
R405_3_sh	-0.039404322765246066	0.5614461333147197	0.00303500983689153	0.29478491850514915	-0.06075290226317223	0.21157788744943565	-0.24899509332319822	-0.026053410905810752	-0.08778403916060026	0.02226855990996875	-0.19068494314122908	-0.2079884697775879	-0.0778266587230255	-0.1453390618437928	0.01924891663024676	-0.3715222615429046	0.06396720176828802	-0.1738935205074692	0.18752098045061064	-0.2621315735462158	0.09516054858482	-0.02429118654402395	0.27386417703408894	-0.08141958765626814	0.0626511250715262	0.202561573144799
R405_4_sh	-0.010149924159953853	0.5518976446045658	-0.008938201130878322	0.3270580591511059	-0.09876269603279014	0.19569446036102037	-0.27367419205620963	-0.0173317776954841	-0.09831071803224903	0.0023990795689288512	-0.14687101818451181	-0.23225322461663564	-0.04926242438460443	-0.1526862272270356	0.014565698845144255	-0.35750671432824377	0.05670206657288286	-0.16314788622226362	0.1800209563077088	-0.23037618221189415	0.08472484569737841	-0.021548018461433695	0.2602987702558138	-0.10382253159619395	0.08965683630226845	0.20162331867356365
R406_1_sh	-0.027858762997865855	0.5649820905597935	1.6818270365329818E-4	0.31136829069049	-0.07812345462954395	0.17104353468914812	-0.2498631745395279	-0.02756443713421743	-0.0794992925131055	0.008698596111866342	-0.19310710271605888	-0.19937080240967797	-0.07574135498573914	-0.14266894812789074	0.0074749003374149775	-0.39340215080442775	0.06295191889022016	-0.16434692310736468	0.17085371591770374	-0.2596754617296818	0.08865168470317732	-0.0036709689877634003	0.2868832232252666	-0.042864943247827	0.08720951660440482	0.17747212349755404
R406_2_sh	-0.004696036555475826	0.5742993626626004	-4.400226273466694E-4	0.323951610968737	-0.06827320215813157	0.1862672271032642	-0.23732453449092605	-0.051413139232414154	-0.07037319821415386	6.743082569526573E-4	-0.14604323829758759	-0.24882971899905032	-0.05931044747230089	-0.17992214000079287	-0.013187532206207643	-0.3599587136267599	0.04771133569858632	-0.17219391102869366	0.11818850763068495	-0.24095268449898072	0.08581580342996417	-0.007755708301407538	0.27292039563769527	-0.029927798357532308	0.07501216962519926	0.20576130505407755
R407_1_sh	-0.03347970807694637	0.5873264382630083	-0.002259374978540434	0.3551818546058339	-0.11339931815215079	0.2175385479095022	-0.2448656440856876	-0.05783031615118234	-0.10463642458289864	-0.03608479929719609	-0.10663220713414173	-0.21058052650206366	-0.035209221375881804	-0.12839532228602746	0.038496063347866524	-0.2617121070799463	0.0681955004392488	-0.1992984257466795	0.10639390087895334	-0.23775066876107787	0.1037548227654359	-0.11348111166219181	0.20788319501773128	-0.15995931747699926	0.11575841593701211	0.24504575418501906
R407_2_sh	0.003276321944418653	0.5671015398797123	-0.011597138532638423	0.2766932389374654	-0.05772864126550106	0.21307018313836243	-0.29383866264223235	-0.04280414534162098	-0.1352156714893586	-0.0255080671756679	-0.19623040687950533	-0.23438999628686494	-0.07808010616315213	-0.17566167796488125	0.04283472999854037	-0.3291740820358438	0.07050800712066908	-0.18178242489920518	0.17651084971699676	-0.20443169687373103	0.1385601118141659	-0.02350959000081168	0.24603668775372647	-0.04273905718932215	0.09496391862387131	0.20313577581240883
R407_3_sh	0.036437681228190626	0.584251661780604	-0.009887195582686446	0.3276104371377723	-0.12028327214706189	0.18168784209757666	-0.25535092623173883	-0.09990121044564873	-0.09531595965763132	-0.031389062441839456	-0.13041613824806048	-0.2150925428928886	-0.0651447904610079	-0.16357301842081803	0.006808114895790324	-0.27836047010851545	0.0566256013842331	-0.16883425136011307	0.131680085006036	-0.23184343076366642	0.11617489643972294	-0.04497476592122293	0.27592178267919065	-0.09570956682557931	0.0527501206950228	0.23612837816433924
R407_4_sh	0.012714206075724259	0.6000375147852076	-0.005916840238306249	0.2719946256516759	-0.09877274527581516	0.1758414300121749	-0.27488624644171317	-0.05111874562573651	-0.11239728212768418	-0.011937542037589266	-0.19858485573787157	-0.22335039635612702	-0.07341931877126845	-0.1752240094950838	0.015643626237113465	-0.340884492649409	0.0711045964287978	-0.14975632263642938	0.19752476309701394	-0.2110159052567004	0.12358459330587093	-0.022365678487781787	0.23933759529719442	-0.027096908392191102	0.10406790815094377	0.1648764304879883
R407_5_sh	-0.02744039223920622	0.5498115394484041	0.001956643528598697	0.3465259244551715	-0.11697747181045495	0.18059983346214858	-0.2501825242614357	-0.06016774195249196	-0.08030068926923593	0.005982977198388586	-0.202343246268689	-0.195744620237229	-0.08513345759861894	-0.17519734624945787	-0.009394067493572616	-0.3296399828334907	0.07233026636225587	-0.1689863081707663	0.17266955615079205	-0.21356622148059928	0.14391801788362554	-0.04809832581626271	0.274809091440917	-0.06958663608620765	0.10608827357502401	0.17806690826239244
R407_6_sh	-0.08515351758285856	0.5196821260355976	0.026851446902326916	0.3042074467185164	-0.05808416382338591	0.20022586954759253	-0.2853174669706614	0.003266360301497434	-0.10572307263456077	-0.006997771969744344	-0.229801879550763	-0.19599559573545539	-0.10065827516955628	-0.17283955832357198	-0.02689146489579376	-0.38085973129492817	0.08794810415735893	-0.1634261093818919	0.21541182037445936	-0.2118822716278283	0.14547975342331176	-0.02736410507165863	0.2961744844549069	-0.058026502371687154	0.11976423131521487	0.1900098431735618
R408_1_sh	-0.021110044758842532	0.5492784198824221	-0.01693907965738305	0.3310776833826862	-0.07534189928167556	0.22722180805206085	-0.24034212437476948	-0.05292878703328381	-0.0903763613843489	-8.751424531574211E-4	-0.15429732976935023	-0.2156665144832959	-0.058493069287294	-0.16134717928251224	0.014117739735141781	-0.32663023435328986	0.05766825367169669	-0.2046833382560178	0.12062113237217581	-0.2620529648701903	0.10396683412300076	-0.02812603964122895	0.2773431839794144	-0.07313826798183451	0.08318276463223567	0.2178705570376424
R409_1_sh	0.01792257764061079	0.5952080374504346	-0.017622828673452773	0.28843001822101505	-0.06401156615185433	0.17791324334538747	-0.23021110213674917	-0.04268039013409633	-0.07523747242887277	-0.009629858442249176	-0.19303819133645386	-0.22760470569282398	-0.07003279525228379	-0.1895971061168234	-0.030843617687570886	-0.39819075507977497	0.07899757407996101	-0.17791448699139922	0.19578364499773993	-0.21887220405259816	0.06419077074271835	0.015272689604368134	0.2375441240747323	0.015854367073844196	0.08655888213147614	0.1718111508147154
R409_2_sh	0.020401401035962417	0.5685519605161979	-0.011508320511175878	0.28610879677841433	-0.0656783690752216	0.22222322995138455	-0.28276243289940617	-0.03800733123173827	-0.10587939627900447	-0.003578833101529009	-0.14617188311839413	-0.2395094623753505	-0.07229401070480487	-0.18772851465501525	0.020284352412885395	-0.36694794810327863	0.0803779869218134	-0.17774397372577233	0.16621234062202317	-0.21806359649169238	0.08568474332732148	-0.008844522412314738	0.2478807979807518	-0.035176410330561875	0.06345279028725014	0.19871660518125667
R410_1_sh	-2.977396267508717E-4	0.5566194880014598	0.006860982161797105	0.3273825432617276	-0.04060123363868158	0.2140998849612429	-0.2756046403169507	-0.04370738880095429	-0.13827775004842277	-0.029166019843054034	-0.19589518248874588	-0.22026884424217497	-0.07893358375303053	-0.14697714675088236	0.07477436918237065	-0.38945206370882085	0.0819130157567039	-0.15354056648917075	0.18766112855538644	-0.19165062572810948	0.07922023291863005	-0.021901038068604273	0.24069615038062164	-0.09122736071050366	0.05848425091707124	0.18978913811784426
R410_2_sh	0.007025942852255163	0.5484815472489287	-0.0034093145476962253	0.341115856942446	-0.07583327020039737	0.23032449919469464	-0.26148799005057	-0.10625317074997061	-0.07629363858181988	-0.009112420977216868	-0.12250226492563168	-0.22720602075883056	-0.05503715525860347	-0.18132157083124673	-8.379619375422122E-4	-0.32219257592352324	0.055852428540825394	-0.1683755307087073	0.12681127992208732	-0.2425043570890296	0.07124681378297985	-0.0016730241957120797	0.26464643041601943	-0.1005809569282852	0.06981869998809415	0.2392977247764529
R410_3_sh	-0.007270000761273369	0.5447562038940815	-0.015637564758150545	0.33045619494486894	-0.05117598295753491	0.21139520063936054	-0.252630879239529	-0.04238970897874751	-0.0731359113039018	0.013743209079278423	-0.18408815727374264	-0.23384472709352216	-0.07436562330642595	-0.1645798211237799	-0.0058052275531760116	-0.3728515510813669	0.07475561241346872	-0.1815014556798413	0.18284556412154296	-0.24238734348862898	0.09042994949770118	-0.00980399361563819	0.26238131512375745	-0.051166959821260946	0.053696905997263955	0.19817475232519638
R411_2_sh	-0.023932467897324824	0.5586532314234832	0.005916270819430809	0.375317820614137	-0.065228523660382	0.2523304767601621	-0.2365590343558177	-0.13945105614265843	-0.06061315707288433	-0.04823332930496786	-0.09967093891917155	-0.23428338127182868	-0.04825697882967258	-0.18003935056335785	-0.02036954215213544	-0.28553251954265896	0.03559347089210928	-0.1737603381903923	0.0759486478801849	-0.23270433152587533	0.08860289523429161	-0.007115462870451045	0.25007927949070524	-0.12397077121936614	0.09849007857066638	0.23878901183377435
R411_3_sh	-0.027870333654585966	0.569749304068418	0.01377724807621966	0.3216702474415589	-0.057796935947366374	0.1888960333317661	-0.24862124911713732	-0.04918267704701691	-0.08215146597137943	0.0018423700217207817	-0.20037121450609327	-0.21277133500276393	-0.07796903589685218	-0.14696899896648233	0.048677398358633744	-0.3660976267413881	0.048105164387487014	-0.15598564749163493	0.16221408297346426	-0.2421447677140142	0.08687106381293172	-0.022732653689024624	0.27349877728522576	-0.08585807051074071	0.06163650019945305	0.1995838222996015
R411_4_sh	-0.06072356458187118	0.5514531657751062	0.01526984384161223	0.3156593870915461	-0.03834722749844427	0.2041985450622275	-0.2562980275385781	-0.04744123075156052	-0.06689209333034765	-0.003421024498178187	-0.19326145061852787	-0.21462264401911685	-0.0609536502505715	-0.15806369230542658	-0.027682971757349604	-0.3784032100116381	0.07387361336838119	-0.16773944297454735	0.162653249800721	-0.26321215004418685	0.09684017279686788	0.01696767658643439	0.25671098774905954	-0.06217093730977393	0.09881111801904846	0.2067955573991139
R411_5_sh	7.349173792776317E-4	0.5563604537075308	-0.0022848883747009566	0.34911019663333953	-0.07386548466352891	0.22718693386160754	-0.2519797410681929	-0.09176652033783926	-0.06615521313811427	-0.004890148934124211	-0.11347947451157944	-0.2370249708986487	-0.04475077323100632	-0.1820153014182988	0.01114684411027575	-0.31294514715627886	0.04959194534663106	-0.18934378546503636	0.09130815120458737	-0.24595690751700716	0.07393384083265367	-0.01300559839791476	0.2629653579357963	-0.09945688065445957	0.0628345181779009	0.24374767657713
R411_6_sh	-0.015305004930142606	0.5301196164754224	0.0013093945625975746	0.3429329348894394	-0.06488724046542349	0.20931508778943464	-0.272726998974491	-0.035707507587876997	-0.07086968643670061	-0.00890692427058325	-0.15714769237024317	-0.23806755748016603	-0.0648302084757973	-0.18539561705918148	-0.032961185556892314	-0.38493559424018514	0.05690486237423714	-0.17172750264505734	0.17732789788279987	-0.182073774780068	0.07939145415066698	-0.015358634950537388	0.28791088770623185	-0.06815862101625296	0.07588352053315697	0.20796409487561315
R412_2_sh	0.007509242626881907	0.5419054831147968	-0.005718578533241196	0.30640491456248836	-0.04773504208103173	0.25185993802254475	-0.2811521589326268	-0.07415139754849351	-0.10482231735311953	-0.0318501360741795	-0.15614788053017145	-0.23767702614199346	-0.06009448160889268	-0.18394482264526915	0.016726311179758393	-0.32743167516437227	0.06528232984156292	-0.18839311611891935	0.1567814908561549	-0.22006318571374836	0.09506767115071404	-0.020596460020099957	0.2469862888372935	-0.0712649747271489	0.06731712454671795	0.2552024584543939
R412_4_sh	0.011074059608335914	0.5555081053007273	0.017557816803601214	0.29361568252203224	-0.08620609603684631	0.20268946293651705	-0.2697757238551317	-0.034346952909212594	-0.08152591550512184	-0.013029120150894392	-0.16077801828757013	-0.24925590804125008	-0.07541286172264425	-0.1882798506649179	-0.0052058521463039	-0.36189032776594193	0.062212859808289264	-0.17052247954777988	0.16894229190584878	-0.22158806120489472	0.11249865420052214	-0.00886998598878616	0.2627351353390301	-0.03781614963023214	0.04388364988799002	0.2337855851446336
HMAC501_2_sh	0.018011909828166056	0.6591661573070027	0.007637109529698136	0.29309143744972754	-0.14820184685462495	0.14146862897103746	-0.22304125857673446	-0.09410135051713804	-0.09623685107303846	-0.05729851744492613	-0.11700138055159669	-0.20823790204235074	-0.06533711012389631	-0.18420683742824323	-0.02788869684650669	-0.2688771302166427	0.057831598491592744	-0.17289330499896277	0.12244243588580826	-0.21533835789129877	0.10666010769898396	-0.015460995853503528	0.2383269501061758	-0.04922811150289837	0.12679703248597193	0.17191628416819618
HMAC502_1_sh	0.02742767953418391	0.5788787816965184	0.005628552314822528	0.4032003600705367	-0.11622128336401445	0.19921361826909245	-0.22023083357505135	-0.1258456653323795	-0.11835275800595704	-0.08041115951294059	-0.10305431077292482	-0.2168117378554663	-0.05580458352941249	-0.17828686526158272	0.007892009323765287	-0.279503164189696	0.06087729222311349	-0.1643236952099148	0.1203968751223887	-0.20895377900650222	0.09472620651554224	-0.04842848517804519	0.19234367287912407	-0.10185047385591535	0.10437148133441987	0.22312226536629481
HMAC502_2_sh	0.03014020924129574	0.561473571363151	0.012812743192591115	0.4467131807836898	-0.11781345468020879	0.2248951088257714	-0.22581099778618605	-0.13050740122277796	-0.11293264629368871	-0.08205732355643779	-0.08683214455382453	-0.2428447989659611	-0.0482376036702469	-0.19474185163792626	0.016709632015885083	-0.2690385260573672	0.059249692298389806	-0.1712857831141928	0.10736555906505071	-0.2054000457592754	0.0774635056286304	-0.032581902204444846	0.18053439260527915	-0.08797174053268342	0.10735111293703294	0.1833475120784545
HMAC503_1_sh	-0.07437776469104082	0.6238724417787471	0.0319305919580979	0.447760430735842	-0.08416638230375341	0.1882168358466553	-0.20120981585014255	-0.11930383148757204	-0.059111696543481196	-0.0445092685126532	-0.043824138328149756	-0.19907167179915822	-0.034685483643736095	-0.17870609373443413	-0.012928931841113432	-0.2550130203742026	0.034336417075385026	-0.21045512648426773	0.03275307729046652	-0.2289792712666078	0.08787097298966863	-0.06522340791882648	0.16798950239428592	-0.130442474948587	0.1554236514935151	0.171854458165064
HMAC503_3_sh	-0.005319389663988108	0.6299228135302448	0.010605860111095745	0.3225751396172077	-0.10586034731277046	0.16757221794578206	-0.2312068564893144	-0.0749827592483368	-0.09918500107385719	-0.013528876352778305	-0.13856118671160325	-0.2328764594227195	-0.05694933725711443	-0.17279752489204836	0.007241400582362695	-0.28604072508239026	0.06398419058806085	-0.16603552964994042	0.14212245469254206	-0.2128417852106294	0.08487733620973213	-0.035033479850756874	0.23043843747738776	-0.09772203360661208	0.09781243884746658	0.1717890022229777
HMAC504_2_sh	-0.029962858262976455	0.6024063936062848	0.012686859662158701	0.38420431980333514	-0.13155250718356964	0.15503138586703832	-0.1825419772612818	-0.10272135708809989	-0.05096082525166514	0.002488940947877759	-0.12295608118154028	-0.2060445259211352	-0.05946735792536331	-0.16051887691073075	-0.030280385851609543	-0.33201047372785664	0.042529976623393036	-0.17930165524754413	0.11314804531652307	-0.24003995340361323	0.07915254194326002	8.837307040563073E-4	0.22181508117259618	-0.09180401863046098	0.138389488200075	0.16742609000084716
HMAC504_4_sh	0.008341818560045948	0.6107911436477247	-0.005181704175309665	0.3450723770041801	-0.14602620477053638	0.16434892983559288	-0.2060267745623091	-0.0485060125112298	-0.08929832411861191	0.001991474585039999	-0.10931264912666402	-0.22774600300185524	-0.04958463941332786	-0.1766149312338218	0.0108245785556936	-0.31112199087778847	0.06380075426065075	-0.18843483049051465	0.11293472191460721	-0.23385762034751564	0.09518712601389868	-0.037197352336479056	0.2120177772352195	-0.09045625155431096	0.10232351962664159	0.1917310672809817
HMAC504_5_sh	0.03766479981888775	0.5711270526205875	0.008577916518503086	0.4072601785602879	-0.15858780129133151	0.2065465793392347	-0.21041819537427986	-0.13548812396135568	-0.0834145576104286	-0.049162070261819596	-0.07851498833890107	-0.2257764364249552	-0.04993907332728287	-0.20137745868579107	0.0043700753819300026	-0.3015303019057875	0.03795855708556915	-0.17354932982216606	0.10690043060655423	-0.18131449514284856	0.0874003614220952	-0.04248597693648381	0.17570719295280415	-0.10869143753027963	0.12229528215587913	0.23444182015138132
HMAC506_2_sh	0.03258272301940443	0.6297924617031048	0.009813321294209313	0.35784039180786964	-0.08783211494490506	0.252562401393017	-0.2095707279346908	-0.1576451570633485	-0.11511922383964263	-0.11134789161366912	-0.056770850916417474	-0.21792335265054505	-0.012185080429108635	-0.2217543233390761	0.017642492436122807	-0.2315983830922578	0.03275917217922669	-0.18754187600129205	0.04260474572982908	-0.1939882910311473	0.07792330216735598	-0.07573932205960887	0.18280034072389387	-0.10871317311241903	0.08535190051472132	0.26605651505937244
HMAC506_3_sh	0.035246170522201484	0.641323431485079	0.0013564858086275756	0.3032024942138303	-0.060159038926609266	0.19666426048375996	-0.24794391650935038	-0.1317085622654638	-0.11434590743171395	-0.04833184890343763	-0.12469700774176631	-0.2085380268339368	-0.06489765381144362	-0.16344821027493275	0.025809958206492612	-0.3085670997872528	0.07327271421591916	-0.15854019358507956	0.12113175957336857	-0.2027844325808803	0.08600103531275884	-0.03514743508357244	0.2281836483079016	-0.08502365379415791	0.0410417524736129	0.20089927692604667
HMAC506_4_sh	-0.106191277195748	0.6712351924945125	0.03334336382162092	0.26651599523052394	-0.034477547547619294	0.1700188692069918	-0.25091585792195703	-0.02268336766571959	-0.05618103162075359	0.009757030419816841	-0.16464420673180769	-0.2148596285790477	-0.06025631831233613	-0.14359212328582677	0.009833808185798352	-0.3039962810838787	0.0658056209068751	-0.17820671812526784	0.13949042799293224	-0.24097850572270765	0.07614758716687527	-0.013421024590624425	0.24463130373440872	-0.13883060108469367	0.1034141275217102	0.13904116278591958
HMAC507_2_sh	0.0026619282950730225	0.6242565442987095	0.012380015597167579	0.3022611366116552	-0.17144979207178682	0.13111315205274793	-0.2140751248429042	-0.07138293130083803	-0.1290954547055573	-0.028531087611801863	-0.14003474276058708	-0.18818329345878382	-0.06693981131344516	-0.13963557801101778	0.01699139631055419	-0.3086413821122438	0.07464318492148882	-0.1830465419491938	0.12457863761505389	-0.21036378607410114	0.12055483014377147	-0.049792758614484525	0.22614385373799017	-0.09774804159252981	0.14364107907318144	0.21969456776187846
L501_1_sh	-0.008618536107248997	0.5711151685347018	-0.007375222487126215	0.3990397357888182	-0.11098217466107582	0.22326864822693324	-0.19944222847946788	-0.10168568800206462	-0.09917987973727309	-0.05240457980138332	-0.09101174498106818	-0.21077591796045278	-0.06492270411044501	-0.18468552582197828	-0.01386783618234346	-0.28986348810836193	0.05741883668458049	-0.20682461743210392	0.09645693659945753	-0.2264740694800659	0.10995520824402369	-0.044591097777622095	0.20257366013036637	-0.08002408958832069	0.1289956850876202	0.2039055214219006
L504_1_sh	0.039560843413472636	0.6101969978059812	0.016432653885303287	0.4131382886878765	-0.16501176095069042	0.13041582152860692	-0.1914907212611493	-0.1269308297779882	-0.1029526372486465	-0.03986741232777553	-0.11079777198247436	-0.21652760638918706	-0.07497720557351052	-0.17697444391254902	0.010071603619463281	-0.27876142468252363	0.07404667391532217	-0.1753489329606817	0.11408855442595699	-0.20950849118454673	0.10603895395927836	-0.033597446691937566	0.17377049040002582	-0.08387326519249888	0.11122032339764956	0.1876387450972219
L505_1_sh	0.05777989281016289	0.7208741131407677	-0.013425884015571255	0.34894218613638484	-0.16423153842837968	0.09323257076265694	-0.19944136401582915	-0.09960315623997729	-0.11088446737732582	-0.05611935037657578	-0.08420986057823363	-0.2148858373635951	-0.03817633237908957	-0.17658880427423432	0.03690384058656527	-0.23097006097348752	0.05574964018441436	-0.16126065682939913	0.10287567246166894	-0.19044976654176846	0.09100791315579425	-0.07334273300912396	0.15576330239884165	-0.10966695795630182	0.11028918519698147	0.1498384535246533
L505_2_sh	0.025045450775836836	0.6459248605989995	-0.007360826405622745	0.40727398069271203	-0.15719595278966483	0.13580167768966767	-0.17619348086187947	-0.13452924944727632	-0.08759761796502998	-0.03788918871940063	-0.08078450213042747	-0.20541060631171779	-0.04228592252723019	-0.17450499520056753	0.0028442604503328764	-0.23519219034321065	0.045553053881028455	-0.17882168098136159	0.088264256152119	-0.2203589384513898	0.10170092885898153	-0.0783149960799773	0.16721924776102717	-0.13148852400095162	0.1207911048005257	0.20750985055447396
L504_2_sh	0.014940709911320703	0.6112724985242359	-0.03753342156294618	0.4030114854117019	-0.12841097933866472	0.210096485809024	-0.17147880067353297	-0.10299215038864395	-0.09436326184855612	-0.047549099018187345	-0.09743038981492655	-0.21407978683002515	-0.05889351070094638	-0.18563434129422482	0.014575460242231372	-0.2746551681128774	0.06698260093006626	-0.19863124428946202	0.10017460596158244	-0.2123192251035123	0.08369842783730964	-0.04183111114400624	0.1718884764722777	-0.11628502563518617	0.13585008258478432	0.16959668207116452
L508_1_sh	-0.017923520493700752	0.5511831483139058	0.018596381614800598	0.4008313769776016	-0.07266803906989155	0.2773569837815314	-0.23788449972211045	-0.09932357656746527	-0.10647085737588513	-0.08212830822742004	-0.04780038354440681	-0.23630387430695052	-0.03608496732159205	-0.22220725550874523	-0.012444615544365588	-0.2631099123637577	0.035018657959475764	-0.178316198833921	0.08537594830454998	-0.22593417908345753	0.09231773903811015	-0.04866725340624317	0.20994149782192323	-0.12266682985758605	0.09002665833309267	0.24928587908250752
L508_2_sh	0.07252021312765944	0.589083772978056	-0.012532510680506682	0.32651136467226044	-0.09090024395581182	0.18205665878679148	-0.1938317581478198	-0.057158139930256244	-0.0799663564156629	-0.01913161622792814	-0.12861388154124107	-0.2631054865359682	-0.06848897819377685	-0.218750979845514	-0.019680495751702796	-0.3710000308626119	0.07780783939715863	-0.20212630784835944	0.1549488399139759	-0.22809683440310305	0.04242063341780621	0.04712610408156012	0.21273204038099577	-0.0030074070815285965	0.03358465844892626	0.21759890221660175
L508_3_sh	0.03691213713661823	0.5884787399017638	-0.007628334594102188	0.3535820427845151	-0.06997308263574695	0.22435497621557204	-0.23382738162632705	-0.10376682412369484	-0.14313608118838822	-0.08320002159230956	-0.11448321348100168	-0.2396176297092684	-0.06918666387468532	-0.19545600713735456	0.008167651584033753	-0.29064624012053386	0.06596036165408166	-0.17111656678588114	0.11465455169095387	-0.20575818426702133	0.13033458111457136	-0.03703913331299397	0.2129140725030875	-0.045801098697703546	0.06929140171690434	0.20598594684491106
L509_1_sh	0.03456701210592762	0.5643147372066908	-0.009080359097809791	0.40304447955375333	-0.12033944618038478	0.21192818893720008	-0.2184287313419905	-0.08014002035557816	-0.12023483677747401	-0.05375728720006997	-0.11078470547748175	-0.21517680312432583	-0.022557349209317245	-0.24869457934239178	0.014420664119103217	-0.2842940877615309	0.05043024354321783	-0.23238683831555781	0.13786213039014258	-0.19113263983315712	0.08738751679569107	-0.004740190653397542	0.1602587402396072	-0.07974793519568758	0.11649912089076887	0.210782976084053
L510_1_sh	-4.3260389308613645E-4	0.537368211924165	-0.0016258788069761498	0.5051423142857192	-0.15679532147239153	0.13265423504653834	-0.21622566317649478	-0.05949500711622514	-0.07450230117952623	0.01661512117057541	-0.09246454258155117	-0.24144564982108574	-0.05469789593621221	-0.194804128391699	0.008307649131914983	-0.3123460179810553	0.0589116599626016	-0.21625216839565925	0.10388763170522952	-0.23459619008223387	0.06379752563527796	0.005116077250695391	0.19491069335176284	-0.05059550781615549	0.1669290472594504	0.11263870992642108
R501_1_sh	-0.013271285424988163	0.5835211237045707	-0.0014917836756048117	0.280727503545924	-0.08234715625616773	0.179926708991703	-0.27888898989852673	-0.03333845916330455	-0.11911067638684861	-0.01502717223223047	-0.20631853534961875	-0.20528906901519256	-0.0949968059207557	-0.15301153105510418	0.006813792672984081	-0.3369841064231858	0.08958572434001995	-0.16403786013680857	0.2230856303077307	-0.20938399811694422	0.11424839785653153	-0.01864611048984583	0.28023375497704056	-0.07071206328057833	0.08245793275820319	0.16225503367099653
R501_2_sh	-0.015511233453982143	0.6439239197223057	0.002820454779907021	0.24769808644898816	-0.11326920982389085	0.18191512454538275	-0.2453134189623273	-0.05525600116341392	-0.09956844857050914	0.007425914998128621	-0.2028574434733026	-0.2049531726277124	-0.08296275948317888	-0.1579485810452358	0.021788807185430633	-0.31746552853998994	0.09378898601828942	-0.1570584917525574	0.20162648947902037	-0.195035846288094	0.10942261789161588	-0.038195364206709596	0.23459741733586725	-0.10533272330042731	0.09543774107705974	0.15028266320933534
R501_4_sh	-0.024696591542414215	0.6260264259991554	0.011342476945696503	0.288717114536265	-0.12032900127481413	0.1497175121132973	-0.26032798666598744	-0.07285786781431819	-0.09910330635845019	-0.018464841450463385	-0.1339353550182559	-0.21487243403600076	-0.06491384937924066	-0.15794139618037029	-5.468731021262031E-4	-0.2900686743087293	0.0559570743350125	-0.1618532396395063	0.12307245986328798	-0.24346067620363726	0.09897491576092303	-3.362844726100562E-4	0.26042460839164877	-0.07251135024807984	0.154081428044719	0.16790571170499644
R502_1_sh	-0.00784998736311368	0.6299198697203388	0.005848773939017539	0.3511089527657419	-0.12981580380333488	0.19151151450388018	-0.21451064240103404	-0.1254521602894228	-0.08989956229242382	-0.04454024517355863	-0.055743707299816286	-0.23464406336171703	-0.03855042119649413	-0.19071762911069443	6.794657255634433E-4	-0.23854730522188314	0.012984677163561345	-0.16244752348478808	0.04958132669605843	-0.22672522853128863	0.08136173915501874	-0.0391261872390037	0.23378308269063505	-0.11998701222189818	0.152131058986362	0.2096470176442937
R502_2_sh	-0.01953290282302165	0.6441296171430724	0.049469332306324554	0.33235526204637655	-0.18173691215398904	0.12094572943787192	-0.24367433393941945	-0.09333338123618876	-0.09365030068333671	-0.006036029959701959	-0.1490441606843082	-0.21297096906268748	-0.05192171194644519	-0.1275559088124136	0.009760154828807134	-0.26381533888250175	0.06782569877140414	-0.1403560970989703	0.14977942091381485	-0.22840791538330343	0.12006111494108557	-0.04403711591653196	0.22431937001075114	-0.1232576850861605	0.11834523045833206	0.142339832811139
R502_3_sh	0.00279165481112717	0.5843549511880821	-0.012117375240214036	0.34555255859068174	-0.1077263796546666	0.18904965732809223	-0.24306542771815415	-0.10291686797865965	-0.11863584827743513	-0.0530994803743391	-0.1521945574341452	-0.21401149744134987	-0.04825234448692043	-0.14677676775582288	0.010636820076843898	-0.2843062238003273	0.06021950264190599	-0.1598101554566983	0.13027018171611354	-0.2260759726307487	0.09676165199930835	-0.029509303633456274	0.25325480283174423	-0.10269673378924063	0.12805731873449225	0.20024583575378607
R503_1_sh	0.15469952962276842	0.568243621057237	-0.043588753592954624	0.3059805198709666	-0.1709170630864923	0.16926581085910122	-0.2885365034876353	-0.08677039503110957	-0.14166095738801765	-0.047831234627498345	-0.1548937264591863	-0.2912090349802526	-0.07134616950311955	-0.19117375851714333	0.04780720538994382	-0.3273328641383733	0.05859466642338945	-0.0991008867054242	0.2035139641877244	-0.16737281522911088	0.0937225710089019	0.001760950719830321	0.2518570366254554	-0.03175471552981654	0.06074820025922344	0.1972948022515939
R503_2_sh	-0.09339811184853919	0.6886407302789864	0.03649483515965353	0.2605312778468144	-0.13710223214528183	0.1351761856676098	-0.19318674926988172	-0.03258334072492896	-0.0394054451645367	0.019581543332368365	-0.14185773552272285	-0.1897256287301944	-0.056434047679720406	-0.13870077538289383	-0.03055766512269939	-0.29704580842157113	0.050088934779722386	-0.17106529085743347	0.11323716373116696	-0.26086346547714007	0.10600285913097458	-0.037676398980865076	0.25994069175274054	-0.12965759092421558	0.12617750219912288	0.15338856237346354
R503_3_sh	0.053709968531188784	0.6661112332560661	-0.01873968894945835	0.2182380803581726	-0.10496427062368183	0.12168307750486171	-0.271915548214209	-0.07046475998639086	-0.05012622562196967	0.027268975567446768	-0.187320902468248	-0.2669260046367877	-0.05195293504703794	-0.1603254434894861	0.015743792475847486	-0.3920249327188618	0.04949157766738361	-0.12228335477323375	0.19255706083875618	-0.19254980824366483	0.009280475540279286	0.06782393005030167	0.2518578399168239	-0.029268214629628912	0.11237885595432577	0.13271722174120468
R504_1_sh	0.028695186279245048	0.5968477461510148	-0.028111493038869874	0.40524178697932517	-0.1444501818336268	0.17737558266872178	-0.25429032198674556	-0.11615778661591596	-0.07066611548383273	0.0013366092118091057	-0.07151302882940955	-0.23482560474404304	-0.022738099861512193	-0.16503482702226147	0.014345254526831979	-0.25495669598211107	0.04292955131339181	-0.186489102026362	0.08403755031896176	-0.23569346176263897	0.07969054152335647	-0.04669341526684442	0.22234794599951935	-0.1014034800046395	0.11972321107269089	0.16045264841394566
R504_2_sh	0.031154229841502488	0.6022291027119869	0.010400277948779717	0.34903925692664384	-0.16212624127533	0.1436721752765284	-0.2239161176768172	-0.12918946774307438	-0.07595053687879148	-0.01062381519449462	-0.10164870727088976	-0.2502588594282822	-0.05485507681965997	-0.17111791888902586	-0.022093994763886977	-0.286294231203613	0.03262933711144879	-0.15525716857489813	0.08457051793770588	-0.24302897422283318	0.08127540955546333	0.03275966736032639	0.27866397670960313	-0.05904892439528226	0.121896925580872	0.1771191573760187
R504_3_sh	0.03596841282932993	0.6072308336875497	-0.004968661725274905	0.2814063993721349	-0.13246806301223157	0.13575371985384874	-0.28358827928447256	-0.07984328098433302	-0.08516038215537917	0.0020874744937843916	-0.18628960263767796	-0.24068705367633916	-0.07099595761405549	-0.15967771658695545	0.005066590006992892	-0.34110256442188946	0.06856869883166408	-0.13376502492233913	0.19384430618689025	-0.2053755248204734	0.06013227189303031	0.027172785225639807	0.27196287321903306	-0.03361876262008784	0.12792779346215075	0.14041871539945883
R505_1_sh	-0.06651832303367292	0.6276532972390041	0.008391724245797979	0.28007189318646847	-0.041541503823901614	0.18986162940971496	-0.2561978655997271	-0.05652581119540333	-0.09357333134729388	-0.015112606033496845	-0.1640727373363867	-0.20817212366642815	-0.04468885841386939	-0.1577342593292537	-0.045548945354376986	-0.28480296903695235	0.06345322671338038	-0.1844764899567372	0.1564636133741037	-0.2466285444543638	0.10370810574942965	-0.026513206119951664	0.2810185405813141	-0.08089490980254763	0.09910635424520309	0.16327409975994694
R507_1_sh	-0.010927265253643625	0.6182583693460936	0.005843313816565131	0.34877143114115977	-0.15614042371760692	0.11796026327414419	-0.24177039291055683	-0.0711170121389211	-0.09199582985328313	-0.0188517453090363	-0.15807345185610494	-0.1909314485288527	-0.06270599800850285	-0.14178627323142218	-0.028395223188437648	-0.2914184825148566	0.08166747505292779	-0.17446972059265814	0.1645713393299354	-0.22561380135538386	0.11173827365242053	-0.03066642848575956	0.25154913322984446	-0.0673237422402082	0.13463904970644225	0.1271885906357011
R507_2_sh	-0.06734563704851607	0.611740863406735	0.012521466729536971	0.346692751149943	-0.08745111487604583	0.15435479020227455	-0.2534739761376433	-0.05202553416219795	-0.06419815467899072	0.004606576332928065	-0.15194996539269992	-0.20228697644131344	-0.05010313543848118	-0.14138405522422506	0.004731900257802273	-0.3307862847151488	0.06444697396564922	-0.15529986847956118	0.14137984914969784	-0.24109109237206117	0.098181116068596	-0.009498126828126278	0.2166477135017174	-0.13501968173118475	0.13661296389937752	0.14999663886193676
R507_3_sh	0.005653051994032661	0.6090993136221571	-0.018411552277273126	0.2960088158548955	-0.11620982314216281	0.14228312053845524	-0.30859373151164393	-0.06859593186542357	-0.08599605072255663	-0.012194178906344494	-0.1298386129355369	-0.25199506833139357	-0.05303956158733042	-0.1567868155906497	-0.02538820341278912	-0.3025316098266506	0.044508273453434416	-0.12241225518869497	0.15528791569054204	-0.2417387308728052	0.07575210595680991	0.013209003956239501	0.2898126697538059	-0.027325967338943435	0.16646351874066817	0.12298030394915802
R508_1_sh	-0.028374202789614042	0.6553065955787107	0.014147982152637835	0.2656727935069563	-0.09407530960415866	0.15621838515847203	-0.2442868957782162	-0.03490315304441202	-0.07442906877441867	0.019484153861884776	-0.18663232358760076	-0.2098882187095812	-0.0699204044906752	-0.14242076117954688	0.01588802040727859	-0.3624223717131831	0.08701366669073801	-0.16529924602472834	0.2013350327753933	-0.21191949599122215	0.07390433082135953	-0.011109942097119092	0.21122446427912644	-0.08544675927737021	0.09420470789814936	0.12672801993113916
R510_1_sh	-0.06821014159269445	0.5974451277402626	0.0231178495108732	0.32180234537566155	-0.10405805870181016	0.14062191077246955	-0.22471243732443064	-0.0713821817927125	-0.03132194528767044	0.06773079066721635	-0.1996549033537842	-0.19177885094739222	-0.05852825880088416	-0.11082402280011355	-0.023539697328411442	-0.3802959830054784	0.05427266386641465	-0.145680833580472	0.1939040213260971	-0.2842154245961293	0.06136653744520614	0.030877196505359403	0.26862206406094724	-0.11574950048201603	0.10874230618014608	0.1414494261433443
HMAC601_1_sh	-0.03995703607097028	0.6107204572859185	0.006433629400491112	0.3659890705914154	-0.0857053588663377	0.22145723895751596	-0.19150149055460303	-0.11757831914720908	-0.06351764212135413	-0.04267829854682839	-0.09354392582650373	-0.22303095873842788	-0.03855780481922738	-0.1776166170500414	-0.010346448107060879	-0.26335494765925765	0.028319238776325154	-0.1759794345204696	0.05497427435235126	-0.23839439029202003	0.09142592740260043	-0.05550390270430707	0.22679805489850408	-0.1384029112507712	0.11517858153578536	0.23437301307448155
HMAC603_2_sh	-0.03657930954759646	0.6241027098834222	-0.009074577968090556	0.294308706579486	-0.035925222247594646	0.2054916630038288	-0.2233543671648615	-0.06359415193715182	-0.0515066547377346	0.01623586023943932	-0.12776441977746342	-0.23257553836485298	-0.05022500669486206	-0.18000879032128933	-0.04009864136735275	-0.3456965591977201	0.04852433301382229	-0.17611361143735546	0.1317826488484972	-0.25072197895537546	0.06280591606557603	0.013644643936232086	0.2588484856795405	-0.076511108884398	0.07256681589812083	0.17143815545573485
HMAC603_4_sh	-0.019686510345291425	0.6747264240745203	0.00623283629019749	0.29218638745120235	-0.06586385648294675	0.17805961298865425	-0.18490313997361393	-0.10016729734263954	-0.04907876220604257	-0.0030945694146443763	-0.10662742769321452	-0.2295861787641493	-0.05047713296097468	-0.17280536314214662	-0.011787101050294726	-0.32334429828412975	0.029519330355916164	-0.16728258386014816	0.08057590400911266	-0.24043442201935072	0.06409317774726288	0.004240359537080838	0.23453101811609925	-0.09764676285992747	0.0734716641937903	0.185148691635678
HMAC604_1_sh	-0.20304348879986672	0.6194210769890032	0.07120292107246257	0.27251118083881404	0.016174453026008107	0.2085346456183998	-0.22523112379831697	-0.027072338096505097	-0.026789832103095164	0.03199021219561069	-0.19481969682215922	-0.20595892266740026	-0.08230728104505197	-0.15685864073015843	-0.04722641807351327	-0.3569108405377897	0.047754680339434655	-0.17126431555818103	0.13409172814419285	-0.2705228767220509	0.09508406254342282	0.013501146623007337	0.2595011718614288	-0.11619955392487602	0.1556088236550529	0.1588292259721263
HMAC606_2_sh	-0.021081048016077283	0.6438354012181526	4.305293131671925E-4	0.3213606244703293	-0.09253484101560522	0.18409548703853332	-0.20735425460069148	-0.08168778255825448	-0.0829976929190124	-0.041773896377876124	-0.08396978701038402	-0.2067921641454126	-0.04137662021990852	-0.1750791907845488	-0.041560314209682855	-0.28534169564807216	0.04670243864438654	-0.18249820114246776	0.09901836258088201	-0.23176109487032062	0.10430599795114094	-0.03677114623135397	0.23426424617437733	-0.11310570632459262	0.08615298332740726	0.20551936535588466
HMAC607_2_sh	0.007946520357631867	0.68730028550502	-0.002777294592509409	0.2683722703841085	-0.09002146782969048	0.13850129143778567	-0.19767069234462967	-0.046603234066064037	-0.06021377107839232	0.004992663634375626	-0.11974969734796871	-0.23324868362642853	-0.05846103241964275	-0.19397387272308553	-0.020778968197360217	-0.3507799689489718	0.056341589815793486	-0.19403006399872133	0.14057822916825743	-0.24403732554298344	0.05581818089872547	0.03184358123136564	0.18729599779708725	-0.009220219516637283	0.10169240577269897	0.14088327623023694
HMAC608_1_sh	-0.03335082251249798	0.625058710640735	-0.015953358866248924	0.3391788297088084	-0.04907197282545371	0.19767217086828087	-0.1839519937514776	-0.09516499941766508	-0.06240519688385957	-0.028004527701993635	-0.10852658558652914	-0.21163788058292357	-0.046910734603864704	-0.15734667050105977	-0.04116333298162356	-0.3044787954109059	0.03668329410789875	-0.17570742729177435	0.0863975080591868	-0.2721353618584924	0.10659738604736926	-0.03320386641039874	0.24278148673199618	-0.10574917980016749	0.06887432306510484	0.2215189977575556
HMAC608_2_sh	5.17298451936897E-4	0.6283207368322544	-0.008336414190562316	0.32234623922780614	-0.08603948526841541	0.18960950707501947	-0.20907167984736516	-0.1166279781371146	-0.0781395332111567	-0.028590045202841197	-0.11524497349892095	-0.22382969403521896	-0.04255143963920199	-0.14801587804970365	-0.025232323351018545	-0.30886257402826484	0.04505820748716993	-0.15953743509263496	0.11239833388141655	-0.24292471208017596	0.08885327308366675	-0.01964454734546902	0.23159810106049827	-0.09953474406827942	0.08619063504195318	0.20729112490462273
HMAC610_1_sh	-0.05938196501563253	0.6626397697375159	0.009725589342266992	0.27779477543502357	-0.07115361649814109	0.18110194671937485	-0.21338871479820964	-0.08238960228160544	-0.07398319390911554	0.003731802951347048	-0.15002359482754338	-0.2189255949099454	-0.04940092803650373	-0.14529289851443805	-0.021550177706713598	-0.3142472824571354	0.05349127098103225	-0.16140032258463177	0.12840091905103118	-0.25097377772392054	0.09149358700879738	-0.010157037306236346	0.2252210181923895	-0.08804167217169677	0.13054980621634144	0.14615989310634803
HMAC610_2_sh	-0.01630119634942391	0.6683073113556951	-0.008344856011523846	0.3507364992482233	-0.0599368991271657	0.13145445316110402	-0.2053585494218486	-0.08150564632656312	-0.05268323014573884	0.0010790610443658722	-0.13116905818260874	-0.24198560788471984	-0.04507501198801773	-0.15701101062181594	-0.012047677401078372	-0.3099336324841397	0.048634991772255956	-0.16705289433500348	0.12141674456931938	-0.2377280003596068	0.05853325391136131	0.002625718633109236	0.21040100281861035	-0.08662084129785073	0.0919304855558592	0.12763458986720205
HMAC610_3_sh	9.820935226371175E-4	0.6899337727120232	-0.002422861287014841	0.27492266754324624	-0.08655311709997747	0.17984099510059096	-0.22434740668906686	-0.08927900678127604	-0.08328328622372808	-0.027555713432660216	-0.09071201659385245	-0.23483233331877634	-0.04558862423760426	-0.16163862719752403	0.014572797631456493	-0.27978302166771457	0.0428890968110905	-0.1664762832270258	0.09320506544410953	-0.23177820378966013	0.07065399611195775	-0.020055128429107217	0.22448072203310526	-0.10135481585286653	0.08612354057688812	0.16805569834074974
HMAC611_1_sh	-0.04269587133105565	0.6215614222255782	0.001626540830848948	0.36607385858602753	-0.10558798943217323	0.22165089447729314	-0.18940542982665254	-0.06079339070033133	-0.11528074969579083	-0.05450610973472879	-0.09783920262409473	-0.22400394798503293	-0.050927448721370935	-0.19162963134107092	-0.0046057457653222895	-0.2597396535668936	0.05410317689332944	-0.18265031531399836	0.0929376534365905	-0.20800017373142907	0.11838659623587092	-0.08062820833684646	0.20679698681720182	-0.11654145644378432	0.13249148318261866	0.16920671186521755
L601_1_sh	-0.00911403325529822	0.6167624236862038	0.01835306271579648	0.34791850389677825	-0.06220755633349494	0.18025133076713667	-0.20768206095316502	-0.06348581360644023	-0.11198226972176248	-0.052426341537255214	-0.12073475022482534	-0.2273784632817298	-0.07265138262666797	-0.20257581489216367	-0.006673640926244086	-0.30840144772315276	0.05539898793423183	-0.1889447438917702	0.1198019685495882	-0.21917016227919311	0.1133621592251472	-0.031355306453899924	0.20788745157003552	-0.04509213131237859	0.07624206404665922	0.1938979666278652
L601_2_sh	-0.024745445779462555	0.6492197189225117	0.02190267544510094	0.29743089014177854	-0.046808792866834176	0.20124741475177907	-0.20502988633054392	-0.09572842716557828	-0.11143483436856483	-0.07361911461060441	-0.1186760812822927	-0.21413232625818512	-0.06725675228950938	-0.1848788252643004	-0.005569236097816857	-0.2776336393395121	0.055211209702192884	-0.17596183090897202	0.10176163877614454	-0.21324687060208794	0.12005292502963448	-0.0683784998485203	0.2003957319447395	-0.09691378747566655	0.08019684811721163	0.2525952976573576
L601_3_sh	0.09410683785545584	0.585998733324055	-0.02679853108708501	0.34115818688436667	-0.09733474572011844	0.19766221162342518	-0.20832966523308177	-0.07964013490309312	-0.1514621805582391	-0.058316835254397584	-0.13724207821206125	-0.23018961957602702	-0.08278239174810492	-0.20537206765669433	0.031177442427848548	-0.351071117469447	0.08660683239980141	-0.17226460938592542	0.14488081017270313	-0.1928817837183257	0.13193815634605777	-0.03375503520149815	0.19520131177200067	-0.025068560278881	0.020038201584822914	0.2237406316124434
L602_1_sh	-0.009991075114897982	0.5494933723241885	0.0031130710119956495	0.4819315326522226	-0.1275646608760682	0.21489273703477757	-0.20093232740399344	-0.11184273432953662	-0.08593319800652673	-0.05092941038268556	-0.06287741076837168	-0.23423901948232048	-0.03187774439855408	-0.1916728568937175	-5.984008365191723E-4	-0.2534295787963366	0.03739756079937412	-0.2052077703002077	0.0694257341639955	-0.2304007687200892	0.08417386273098891	-0.05571258706943843	0.18513407828009032	-0.11240347489703141	0.14053051041848544	0.19952055886017478
L602_2_sh	0.010920452638628168	0.5927744289995992	0.010968092889488815	0.34663343312913225	-0.1213644381641268	0.22165674601218277	-0.2157562291348022	-0.08784406131327568	-0.11638241287338365	-0.0502774755969642	-0.09476762130132065	-0.23274406468896838	-0.05077621343365969	-0.1867981739047989	0.007938590404790249	-0.2752734401544855	0.06298202856823132	-0.19289605442029692	0.10297887676586115	-0.22215553923203635	0.10731654290925656	-0.055694920303863006	0.20260235742416383	-0.09162834709787963	0.09333997330687327	0.23424746857165446
L602_3_sh	0.007189508668097158	0.5482779626595836	5.559259185635088E-4	0.47625491792175517	-0.12801248246749622	0.2398885939820365	-0.18200536644310997	-0.13714612437835472	-0.08847062193456393	-0.07361941287145086	-0.05827275349632438	-0.2263880886753261	-0.03134824382077548	-0.20304671400952565	0.007032505891967633	-0.2403954043487899	0.03418640773515884	-0.20384842640433135	0.05407713058515956	-0.2231955564811153	0.08774596076411223	-0.07776393576818183	0.17590694569153303	-0.1313489355038409	0.12141508290767909	0.25233112387753986
L602_4_sh	0.00688424368407263	0.6182607867736036	0.002441471813725303	0.4530096212497707	-0.16051522767483745	0.18851692209171186	-0.1681846447655808	-0.11456339830042768	-0.07190375602183657	-0.05174403315969491	-0.04356993049733797	-0.21558144050045425	-0.02800466401635477	-0.200403806937704	0.0013006767010764544	-0.24218549324228697	0.045275511687241636	-0.20949455119751495	0.056700108256359766	-0.21741350341705806	0.0690249873185045	-0.061218889548937776	0.1606411202507344	-0.12646355655909738	0.12991010326423302	0.1792813427480889
L603_1_sh	0.01914970735603539	0.6124259956936258	-0.020140347965801275	0.2852192645322666	-0.08669985824336285	0.218087466629247	-0.2265691221840091	-0.048897848227315105	-0.12295143606215564	-0.02496928966442069	-0.13048020833320087	-0.2282080285933722	-0.07439717281116398	-0.2048379908142916	0.010628016287138057	-0.3394191024842952	0.09373617248323253	-0.19076343671075344	0.13876845501066296	-0.20436701139156707	0.09902038528519556	-0.011232026932247884	0.2050866521768436	-0.048895550830968415	0.09484875700058584	0.1858575587940916
L603_3_sh	-0.02142695282292925	0.6508461407598483	0.02331880954525893	0.34210349430779585	-0.06298269361008792	0.19056670305819834	-0.20053432206032992	-0.06762949861475841	-0.11975649299459984	-0.06284796373948402	-0.0948945207289083	-0.21766487476141752	-0.041990328661978216	-0.24192424078779123	-0.010130451574776678	-0.28169338569893826	0.054997668108002454	-0.18118206268397358	0.09439058157158974	-0.20471637620964656	0.10240104268300541	-0.0421589167083526	0.17679340988309825	-0.06841620608113261	0.09981425066265567	0.18471718715965194
L603_4_sh	-0.09495990008859065	0.6192002095229718	0.043664862984953944	0.3360700755509124	-0.060240881598529736	0.17007752517229777	-0.18072935438074203	-0.04005407881434974	-0.09566518858109313	-0.023527917038900028	-0.1536341258067482	-0.20453782864414607	-0.08856612987634366	-0.17744008544108092	-0.008062266366234163	-0.31348935152431645	0.055455186307564575	-0.21922217813958392	0.10883588923703369	-0.23871352499317888	0.1049553643022436	-0.02017448332884211	0.22274225952949514	-0.06567429425373096	0.146204284336991	0.17748593193194714
L604_1_sh	-0.020793869794858935	0.6096587727837591	-0.003328900141161495	0.40292268747408033	-0.07894609225028443	0.21514778553455272	-0.17336789934640448	-0.07119376535688435	-0.08079623305900659	-0.03135140394489199	-0.06958119838518888	-0.2323576518186568	-0.037335315404699074	-0.21550054525523457	0.010482956463610547	-0.27789151729761996	0.03513060879992929	-0.21102892100872536	0.05307741443130925	-0.2252231892355726	0.08041455958035762	-0.05753236427454311	0.19588007435048863	-0.11615327428505594	0.0891638947559088	0.21050338668479296
L604_3_sh	0.004187274219019571	0.604855434472499	4.8512922828907595E-5	0.33362091244530406	-0.1162679186531555	0.2079603998822702	-0.22153818487590324	-0.05177051507485686	-0.09050102022764211	0.013670915095390795	-0.08273659267176617	-0.25732111283271086	-0.0355892138774457	-0.21610812980388	0.019875200539475946	-0.2922027189412366	0.05501914833066085	-0.21807096228929632	0.09502968288441002	-0.2420334742834546	0.056257889002595964	0.00430946176717873	0.2022132537552658	-0.07175227458280498	0.1140019686516558	0.18484206414559745
L605_2_sh	0.09362301595075478	0.6685820875172785	0.0025121265548966216	0.3311923218215628	-0.20380732174023586	0.1478405615527958	-0.2411620568386212	-0.06625521333835799	-0.10358137574436384	-0.0021457985687784627	-0.020543029298711355	-0.25402192522112405	-0.007822027810549085	-0.2340523484434288	0.048204251523525185	-0.2718513278979457	0.0591884358307245	-0.1985712337645883	0.07404584247095092	-0.2055901489208919	0.06185405249885451	-0.020104340545855505	0.1521430963351666	-0.05946996296409866	0.08534499026760806	0.16444732877343218
L606_1_sh	0.01995881025606686	0.5898721149767057	-0.004683459926509835	0.3874586598815412	-0.07929893335600843	0.23361383931113827	-0.1703257114369232	-0.06458069935995087	-0.11249951841596317	-0.05577298685727393	-0.09770255542189758	-0.21415810196821258	-0.06980753318128585	-0.23526490740829675	-0.007875765059313877	-0.315088891627127	0.07306278801031402	-0.21015452211118663	0.10891035198701284	-0.21400778471682413	0.11715495510445437	-0.059992249659157705	0.1876568561576976	-0.050539352666827256	0.03544971528235588	0.20861488220547192
L607_1_sh	0.022888667732616035	0.6034491615738927	0.005859197813966384	0.4541047722387874	-0.10774691569303933	0.22707269887117282	-0.17050516011538572	-0.14369845281117966	-0.09432670845344827	-0.08871571491649516	-0.055203301059110796	-0.2272030155725714	-0.039454689743930876	-0.21031223341265773	-0.011870593788660132	-0.2393793104122696	0.042060282268736336	-0.20358958462782217	0.0733338510940583	-0.21792790673032386	0.08875295685134182	-0.06636653955336304	0.15822922934542283	-0.08336193298488706	0.08798318374743362	0.19592805833771787
L607_3_sh	-0.026145096202118225	0.6008265319503788	0.010814802617472388	0.4684678127066987	-0.11994032897566849	0.1826217448193444	-0.16654900813165016	-0.12159006070689192	-0.07935124715209284	-0.07915327736412552	-0.0700915799235464	-0.20129838113601656	-0.04169739677711923	-0.18355641204487824	-0.012383507884576416	-0.24818752336378014	0.03582555511846483	-0.20386500579879868	0.05008136421479579	-0.2148287989123478	0.0981584967533527	-0.08669788227814508	0.1790563303823461	-0.11651662189023683	0.14222161596034055	0.20377787401879913
L609_1_sh	0.03104781803694068	0.6125784280502261	8.1236851398412E-4	0.41073938250395586	-0.12198177509931069	0.2366838516429564	-0.17056933538392866	-0.12932530061299177	-0.10953713670322714	-0.11166618297633318	-0.058534887174716416	-0.2111835168688533	-0.04022270721501481	-0.2018936403518436	7.516022125953065E-4	-0.2553529056400187	0.06032138549471652	-0.18684788109669634	0.0749894107415182	-0.1892889084600589	0.09528259333572178	-0.10084176384502883	0.1528101325458488	-0.12370312441253653	0.0848305306948723	0.2501015620672224
L610_1_sh	-0.09742955545918965	0.6627402606600511	0.02847071566287191	0.40661511600515665	-0.10871739048584848	0.18431789951345487	-0.15498367829555795	-0.07782829643032788	-0.07528957365202854	-0.043020349864775084	-0.0788094404081862	-0.20448532561243182	-0.05380930153694533	-0.19029387049415306	-0.02297603391626414	-0.2621766995542835	0.03604824300448548	-0.18816171294646025	0.06407453496096709	-0.21311756966799686	0.09795216408317073	-0.06281994970207551	0.17231307459685472	-0.11771102555903193	0.19315624144567015	0.10594152365287417
M601_1_sh	0.02431618342875492	0.582079305694405	0.007248932580347901	0.24288290183267458	-0.14868104377327726	0.15928206943605527	-0.2974086992601899	-0.07373320407407492	-0.08802104222477049	0.01405917834319004	-0.23514774029199065	-0.20605130297511878	-0.08619404074252603	-0.16089473741507876	0.0162372201436831	-0.3649500361973524	0.08512970412729777	-0.15381767817947015	0.21265394176514502	-0.19392186312586057	0.09976018113246668	0.010783638011806086	0.2854697440734373	-0.015777782016418006	0.1246366590416218	0.1600595106652434
M601_3_sh	-0.02565497184202653	0.6162537345499544	-1.1698035070465199E-4	0.22445074174680907	-0.09078785652805678	0.15745813046665647	-0.3096361062704855	-0.030531462535462583	-0.0868855862559275	-0.0037573330492445016	-0.22216431443874265	-0.2082474319011728	-0.06867844695888062	-0.15643498866142883	0.017163407728793968	-0.3752356254436509	0.06646345497108996	-0.14389766624304118	0.21552255944136262	-0.1849915542099452	0.055894123601261815	0.019664964836951737	0.2836876139598804	-0.04715381622013685	0.16519310294243625	0.13242230666371269
R602_1_sh	0.01459992995073607	0.6596677141303129	-0.0019510455142564935	0.33772279679849393	-0.1783775709693664	0.15098268255256916	-0.23710737781270055	-0.12459449163039045	-0.067258362932399	-0.01329428212191266	-0.061604150196565524	-0.23174255103244987	-0.024593873780377595	-0.13763157149765942	0.011148749020216949	-0.2531898488070736	0.038877809251126515	-0.1787284478923299	0.0668814100677061	-0.2134331706518499	0.0684262080297814	-0.011184981413844837	0.22596758654338073	-0.14384872171840182	0.1449906883427178	0.15927487328453652
R605_1_sh	-0.006145877267383026	0.6365314059561492	-0.035112792516145255	0.3464963070685205	-0.13439203326514965	0.11648809918562365	-0.2259643741975797	-0.08712537346339747	-0.0890669065254938	0.00639919383728657	-0.1642999948710741	-0.1809325756817934	-0.07179987185563744	-0.11911278623301107	-7.374373909666727E-4	-0.3288838255936683	0.06604230722609014	-0.141269170731496	0.18603287468235585	-0.2303832102390729	0.08577375059488121	-0.017865666888353345	0.23101827147773257	-0.09893201540730667	0.15865208390836932	0.09858961819051966
R606_1_sh	-0.04432736989377419	0.6522173596033937	0.0221590912279357	0.27166970826623377	-0.04218806485501278	0.1709107818971088	-0.22096040715268092	-0.09204714219180465	-0.029489045787288247	0.011342717118107432	-0.1546416603394336	-0.23153892621048758	-0.05587529078350301	-0.1700845116509095	-0.03291406692758933	-0.353557050432233	0.05016164483965282	-0.14841902600839874	0.1370142897999987	-0.2582962508768327	0.05928301483075789	0.05453401782818329	0.222782141766585	-0.08807202250688453	0.08899572327435215	0.18134034516452333
R606_2_sh	0.036171202842604874	0.6676256749173441	-0.018611344852853314	0.27800694301639434	-0.08101365032021614	0.16032124061996972	-0.22622748646072605	-0.10520442464334187	-0.0799859473574495	-0.01948397699603161	-0.10704343943137258	-0.24046432242961735	-0.06436458806544935	-0.18775545281340433	-0.012743028732120512	-0.323960566535925	0.04065768878315779	-0.13456609010002374	0.1273291277784594	-0.23006813884937477	0.05740565569958392	0.027636876644315658	0.2401796664035397	-0.050181823266666745	0.08824614371284253	0.15809406043636157
R606_3_sh	0.010941358118482535	0.7105212011749685	-0.02124903841718965	0.28656938834747386	-0.08005488928951542	0.21738912833781704	-0.2101935058061141	-0.1310300621652269	-0.08258130685353669	-0.01964108386247895	-0.07400786134955238	-0.22346088317917195	-0.030790291651938452	-0.15460887553284094	0.02864411138933389	-0.27050675223135834	0.043713706193474255	-0.16205745159946924	0.0954270973553417	-0.22279848645491962	0.06219314734775585	-0.06348028739512683	0.17190175590583828	-0.12800346412142238	0.08605571705761939	0.16110762868175613
R608_1_sh	0.10755299256398787	0.6158196761519453	0.004081504474845586	0.30418587931877866	-0.19821193369314813	0.125667636176038	-0.2819842692396656	-0.1069996136160648	-0.10696274074165454	-0.012596301628982471	-0.15786276624526374	-0.24972092693220996	-0.08000587150542066	-0.19256644782546936	0.05265068897540463	-0.29312093831184544	0.08693407121508631	-0.1529153397156116	0.19079245147762833	-0.17632490516649524	0.0742195333608966	0.010706435536753042	0.2014183441155678	-0.03701247026251413	0.10737799524173493	0.1648773162756777
R609_1_sh	-0.07566776920083834	0.6759757014657293	0.016606300064927144	0.27415792791530136	-0.04398884723002123	0.16851866906132582	-0.22718349241966534	-0.040475660366921164	-0.043916313755798166	0.016919480828554448	-0.15159426401032536	-0.2200197397508552	-0.06572746934763357	-0.1810896940301482	-0.008260128209282937	-0.33477432115538447	0.06103690094996405	-0.1569533396352394	0.1322060536465472	-0.22851639896547124	0.08136940058787712	-0.005253499466361847	0.21704517685207853	-0.10262173226930532	0.10807445207217126	0.1341326063687763
R609_2_sh	-0.00810734283583471	0.7106855241361377	0.008769710696233939	0.2359546046382442	-0.05779657498999157	0.1504603615764525	-0.21833366380675714	-0.04913442152437994	-0.04006890157333194	0.01912465217545263	-0.12751597649166588	-0.23170422114003514	-0.04605439276112329	-0.1785811449442709	-0.01053744995932131	-0.3619337022704623	0.05484287218645043	-0.18076259226913355	0.14137162297041914	-0.2300410564795474	0.041293408411736836	0.02659648303837053	0.2047954119393015	-0.054683023079463496	0.05734127621388493	0.1440185361426362
L701_2_sh	0.018665841030773324	0.5958761620369301	-0.0020295143979666627	0.39751482463598936	-0.09182887789806737	0.30031974658805943	-0.165987042349766	-0.1467008323662501	-0.10473430629012058	-0.09917186226234262	-0.08658631847123756	-0.20271953116287822	-0.03497464086571621	-0.20825291440850405	0.036173021532025715	-0.25985580557304677	0.05291123677926826	-0.1938250395362041	0.08314476580151038	-0.206714355372837	0.07341541540714938	-0.10897238467644992	0.14301869242001064	-0.1299149366776123	0.0788117273021369	0.26241692877514716
L704_1_sh	-0.01117554771304722	0.6067422430826402	-0.02089614658881285	0.4329622981136157	-0.09586005755562932	0.17692202193529888	-0.17578393565304212	-0.1076566636482594	-0.08745748518664118	-0.04777985368671461	-0.13153279590678096	-0.20672741073292533	-0.07211910530971194	-0.1774325340051361	-0.010792447248181906	-0.25514128131951713	0.0706396165032904	-0.19356398822357046	0.11389034532280183	-0.22603283321008952	0.11016400182909468	-0.06194053724826708	0.19530544621987664	-0.09573550880525417	0.11561811128678423	0.15538404774817857
L704_3_sh	-0.03738661502134496	0.586063371899301	-0.0024660202550658636	0.3978718736630716	-0.10065481936062959	0.15864817579766227	-0.19901446033810324	-0.0602053301543961	-0.11477374129271696	-0.03775130861362644	-0.14787487200828106	-0.19024972055376926	-0.08946587154218746	-0.17032412186977505	-0.012432046886751924	-0.2887460862572145	0.07494070756941418	-0.18532079214534286	0.1336148379810186	-0.23364696101899501	0.12841662753272035	-0.0568295146719867	0.24056813464674598	-0.08018564966331954	0.1265281389751823	0.16067606358839034
L705_1_sh	-0.0610060220790761	0.6238827008070763	0.029275152224882167	0.3536372779920156	-0.07910352358999286	0.19566197645721864	-0.19809677967153053	-0.09554496107537153	-0.07014428924123335	-0.0320672187573114	-0.11232918426122962	-0.22953074189319	-0.06782238741502769	-0.198429089366478	-0.018040341854254908	-0.2828914632398814	0.03430587618244092	-0.1760236743155342	0.09574967061829248	-0.2294682826345042	0.09667910171563379	-0.02121762216285402	0.19671408479864885	-0.0873811156807878	0.15381864257244693	0.17937221386960225
L705_2_sh	0.0059733257774663845	0.5692877417470685	-0.0251063236506959	0.42438719967892935	-0.14740911738472057	0.20905667092174035	-0.2010388457624776	-0.10388001059158172	-0.11701581668438202	-0.048131510615796215	-0.1152080715028077	-0.19998534246963234	-0.06454349877939555	-0.16513794515516886	0.010035724161558082	-0.27980154340788244	0.06819387313851155	-0.17653000078067652	0.12994627953316212	-0.21446781787365182	0.10756737567033905	-0.06340179134596383	0.20419074004298565	-0.11203435435964737	0.14441435544045572	0.16063870425226334
L706_3_sh	-0.008976351178545672	0.5803067931071698	0.01243512277825837	0.41928409729194416	-0.09974176182942779	0.31113385218333917	-0.1522444124784125	-0.14825503064429363	-0.07182101636121951	-0.10914160524235045	-0.03668735753847291	-0.22446950335306362	-0.022563622824448213	-0.20399525314309022	0.005221262699102995	-0.24326350390482454	0.02569686538871468	-0.20570360033056065	0.03993918765362109	-0.22306395782172272	0.05909964279686632	-0.11598292029809386	0.14271843266182616	-0.1512164005738028	0.10692400823213895	0.3143670327293513
L706_1_sh	-0.05926409685693695	0.6517513807029418	0.010903590595261865	0.4026997246221221	-0.08811720531895449	0.16477304288423528	-0.16006793743576586	-0.08623803122323387	-0.07591366280877823	-0.04488416933409504	-0.0875277131000704	-0.20851306774773912	-0.062073775066509546	-0.19286977692669327	-0.02213711545710775	-0.2599081064821582	0.04002876350902196	-0.17984423353456264	0.07459328944499297	-0.22679802836127294	0.09957627142636939	-0.07080140717334205	0.18412092808812708	-0.11235737440659259	0.14587866298034993	0.16299004698038835
L707_1_sh	-0.029992753469924437	0.6532086558800849	-0.027614312191294142	0.4434225775061579	-0.17222933086023617	0.20525149798886383	-0.11504552914425703	-0.09356207487310439	-0.09456207692850543	-0.038306808540503626	-0.06306865071414366	-0.1926255848067702	-0.04116359375938618	-0.17900059074299549	0.007356213384671427	-0.2416570211126157	0.03503286205085941	-0.21811855048323145	0.07442397370926193	-0.20487742115537788	0.0988071455180569	-0.0975754965985685	0.149993302902855	-0.14144657177942438	0.17806274950204296	0.10528738871748493
L708_1_sh	-0.04414090730186486	0.615108812649597	-0.006352804623608918	0.43450390930690447	-0.0820539928838935	0.2246645075734521	-0.146837234831017	-0.11291523434524625	-0.08466053163186212	-0.09226104448457476	-0.087234149352171	-0.20367870487701886	-0.05475301822201341	-0.19174982259626053	-0.017178620927152943	-0.23930049064427253	0.03745260117501549	-0.19834404165461758	0.07290801320967692	-0.22370344437489592	0.09679449445422061	-0.08530548624777583	0.1738592314085203	-0.12648323770999215	0.14219691952615018	0.1994642774046998
L710_1_sh	0.037579628178912305	0.6720637975437459	-0.01864116869949855	0.4294444145753595	-0.19860807319029414	0.1520088675413497	-0.14888067300983981	-0.13394493487487752	-0.09398971106366852	-0.07805949384815797	-0.056375379597407134	-0.2051827824663302	-0.03116160723016168	-0.17794652044075826	0.009322789293618725	-0.20967662505939502	0.03981738038017065	-0.17864799752928223	0.06771244682075193	-0.1993873733933443	0.09038233246645096	-0.09452471181465204	0.15653087987792594	-0.1317878059858226	0.14631115577303944	0.15564116575216444
L710_2_sh	0.04328127699964171	0.6612686990703838	-0.030119268604810984	0.42728506456265597	-0.19214243379748716	0.1265495026977737	-0.18649546790793534	-0.10652502738006801	-0.11214480622745263	-0.05924622445333605	-0.07152479240464296	-0.1934014681430294	-0.03746088543917722	-0.15278239018260106	0.03803429540435937	-0.23499367322218742	0.06300991900785494	-0.18125306316293532	0.08674960202254398	-0.20272488730789504	0.09113420594826833	-0.09302754510811309	0.1647476256217382	-0.12792371076220435	0.14293072937710033	0.13677472339155647
L710_3_sh	-0.03908586643917622	0.6714722773547771	-2.9413613364669133E-4	0.4106492199597368	-0.12338507946300671	0.19332042480717732	-0.1744392993065458	-0.1298145325814813	-0.09155233875159191	-0.06935653161203245	-0.06019447829126544	-0.2064125011502262	-0.036000353973992344	-0.16806788418220042	0.0030861042746531155	-0.2213828352865503	0.03577905974376171	-0.1785879007570335	0.06283611978174539	-0.20513598478983133	0.084231726559948	-0.09644557669448853	0.15473266451314605	-0.13644630834598323	0.18428587748597125	0.13620813327813638
L710_4_sh	-0.04310646800508594	0.6544139271096686	0.02322346812692205	0.42880559113708505	-0.13982313684402572	0.12205049492392253	-0.21364606156715485	-0.10156541539669095	-0.08744760017040809	-0.051022405382166014	-0.07426857627144873	-0.20553400136502772	-0.04388657446364382	-0.16971557272210538	-0.0028201497198645058	-0.25545238799194514	0.04267635874846383	-0.17628448226682086	0.06971457441731332	-0.2073670839825526	0.09003255386427603	-0.01065672812060119	0.18948486794474076	-0.1125249413187465	0.18986674393991612	0.08485300537597973
L710_5_sh	0.018431124522743383	0.6558924823140192	-0.01046455056688926	0.42435909064656185	-0.15280083100573788	0.15459875194427725	-0.16873917926756765	-0.13298744102649473	-0.0946557864777462	-0.09518097809456952	-0.06567600379260327	-0.20154509772966256	-0.03551820031246976	-0.1712595810063343	0.006682098591508458	-0.21833166668540357	0.039277616826537534	-0.18117952300560575	0.05660624855368839	-0.2014591240087619	0.09580988558296363	-0.09169689415834845	0.17396026140031276	-0.13494221556958594	0.13708731594525977	0.19373219637990932
M701_1_sh	0.05875525395316075	0.6058268127281923	0.009282573995864846	0.26455552141705846	-0.2201069985469991	0.09363646179120856	-0.30876134192703897	-0.06851887138746557	-0.056710464345196554	0.04250255120740279	-0.21484565503439035	-0.24516258420830195	-0.06740422477934722	-0.14953918545156464	0.04321850000400451	-0.3683340724152452	0.06684745233376536	-0.12789391678932535	0.21909598403742617	-0.192908949841437	0.014039130580345706	0.06509906406346012	0.2782257730213352	-0.013556932678441786	0.1783640167070689	0.09429410156445917
M704_1_sh	-0.03340977111173329	0.6815955530281896	0.02998775655174741	0.28810651489002354	-0.1787752478965482	0.08500573889009919	-0.26844606815831085	-0.08576387662931118	-0.07161002215338674	-0.005685478516872155	-0.17766082783941317	-0.20433612438783244	-0.06601691000351079	-0.14632747718851039	2.182832288176624E-4	-0.28785620989485355	0.06743569047488834	-0.1396681055476317	0.16344357828647518	-0.2001396928018114	0.07125734661801544	0.02020287216798254	0.23593127876529515	-0.057022171150451814	0.22764491323766392	0.05188845714098046
M705_3_sh	-0.08264240924354752	0.6151898609543793	6.122682223844329E-4	0.2995655642122061	-0.18921132917993008	0.08777938543729326	-0.25564151248375916	-0.010797109271498132	-0.014638947361720129	0.08735617175003894	-0.19811375654538943	-0.19759441563191574	-0.04900097920146927	-0.13007195015481382	-0.031004650218288365	-0.3574426274124083	0.05590497020361393	-0.17382729387666662	0.2034428373185026	-0.24476115258657644	0.02347983665911306	0.05898683295930648	0.2857045560987521	-0.09443113697617453	0.25110911573173694	0.0600478705968289
M705_4_sh	0.05514368252843936	0.6580245704421364	-0.028555326027978514	0.24792161097622092	-0.19981306562050669	0.06801756597446858	-0.2720050136761559	-0.07208261774146033	-0.03967557580154436	0.03591185034287603	-0.19515436195410676	-0.22738689996479639	-0.06923190580658309	-0.17282852525361414	0.010628644620055028	-0.3252482225612917	0.05812369675148574	-0.13832911231614903	0.1917441764807246	-0.20430318231233102	0.02463373287789361	0.04245042198957272	0.2750665062941084	-0.02038320431454671	0.18909480933416856	0.10823574473891429
M706_2_sh	-0.009676028079391288	0.5968323418278952	0.0050071099323997816	0.3498737759008752	-0.1925163029666652	0.1028203340012983	-0.24090904541688835	-0.1040179510603267	-0.03571977435185353	0.05012631098424979	-0.14357913544996267	-0.2269940627907539	-0.04032724287257955	-0.12616702771423113	-0.044027865268466665	-0.30645423898500695	0.04711376260437948	-0.1446826476256489	0.16144626154883657	-0.2651935353372346	0.06361848314200379	0.059453769007194845	0.27380557166694713	-0.1270618238574617	0.15576420551123957	0.14146475564914787
M706_5_sh	0.015994377496753275	0.6247530216701201	-0.004553310464170887	0.28389816473473595	-0.2040809728167457	0.0720892060010577	-0.27486170500149915	-0.07240858383735059	-0.035203795008356326	0.04730136772849197	-0.18335392817027668	-0.2222990364471315	-0.06532730731713601	-0.1425892510992471	0.008138746013665078	-0.3589860864026146	0.047223708450927465	-0.12715208353903973	0.19513882220580137	-0.2389905305939543	0.019163562032496365	0.08624721729257585	0.2642774923632905	-0.04673271263547224	0.21744431021525093	0.09486930712782708
M707_1_sh	0.008645781060567147	0.7173274606245721	-0.0017023912156922082	0.27466888636376835	-0.16152817677477266	0.0864073688666535	-0.233869147139535	-0.09837772195500896	-0.08250410885234306	-0.019718303091116305	-0.1643564603013628	-0.20344479224180134	-0.06961009844600581	-0.15018618830303077	0.007254179269020236	-0.3162182074277171	0.06015231127062718	-0.14203223198600526	0.15206900835975537	-0.18954484148216513	0.06650366973898622	0.017859767078433935	0.2126783209195306	-0.017940584796422146	0.20626711211122475	0.041199388349840584
M707_2_sh	0.009393771825363065	0.6533130671881414	-0.011083914425689342	0.29556953467244657	-0.22635006884867653	0.08009932104702018	-0.2697291604784831	-0.08432785919872603	-0.05933472327130281	0.026680859596452673	-0.1890150831248001	-0.22006625983082806	-0.053633133543812814	-0.1317778798760075	-0.0027201533444816406	-0.31297202293745574	0.0658871769894883	-0.12519864841384837	0.18140159990781116	-0.19597749249309862	0.07314081661554359	0.021790877502573112	0.2502100664258485	-0.05752745848121443	0.2318328052731923	0.050393961224545994
M708_1_sh	-0.07727931694581454	0.6365200681742598	0.013517344292067723	0.2689270341956972	-0.22206667602177016	0.08555016645343035	-0.27562300490959557	-0.054704596237883416	-0.022284066542677457	0.06638640025470344	-0.17468988191380797	-0.20366931739998484	-0.04514177738539266	-0.1046759615429625	-0.07137785427012981	-0.3181826311116205	0.06050234439435505	-0.14562974135593507	0.15835031474696068	-0.25727594007293186	0.07095037896575053	0.019123244198028307	0.31797234715880013	-0.04790371918524072	0.26716984843125385	0.05553499363044041
M708_2_sh	0.047403216886099935	0.6397969859556139	-0.0220914395044137	0.29541149106287584	-0.2739133267955075	0.023068363383850637	-0.28926978544997445	-0.05813564342320473	-0.05911729243725947	0.08105425784528866	-0.14271639702938477	-0.22328409525642146	-0.046729020605010566	-0.13336258963081793	0.022329172681654293	-0.3249159135228483	0.04898199610326227	-0.13850929878293347	0.16120299665157653	-0.22303404798950147	0.0471138372625964	0.033078223432285433	0.27800103426739087	-0.05351929563667071	0.2288050079689703	0.08235156256248366
M710_2_sh	0.07474796517775488	0.6933336339220567	0.006589625441814677	0.2651431834077773	-0.21894050571564025	0.05540690350149686	-0.26194739595182126	-0.05780898139200906	-0.05411691537030413	0.021046856596711325	-0.14470588170709744	-0.24308970873337934	-0.04407316637095913	-0.17351061284323333	0.03055301197942431	-0.32438341665229176	0.051893070681751766	-0.15846330168263562	0.16081312132385125	-0.19804977654031683	0.028576267752434794	0.031390742784735914	0.22794844849815615	-0.00536294351709856	0.14266235426063414	0.09434742114818737
M711_1_sh	-0.037037560389029014	0.6409760924971267	0.01404385887945401	0.30081075534008495	-0.2165297277798282	0.06747243725780468	-0.2692122879028582	-0.027911346713854007	-0.0376002963389974	0.048146757714812485	-0.1714976385194806	-0.2062215467057904	-0.063925637043658	-0.14748550717925485	-0.00810274111301083	-0.3187625479186722	0.058742681671706994	-0.1621882703554814	0.17042095117660555	-0.23456576786416525	0.040869929249598196	0.03513333961547008	0.28668363604255437	-0.04219565440666015	0.23314483206694367	0.04679125871857892
M712_1_sh	-0.06302605108754963	0.6908644209621161	0.02384173706748846	0.3675488065449141	-0.2643274702029146	0.05187949353990608	-0.23439891905077226	-0.06647795509250662	-0.058516786149627194	0.04289476227255544	-0.08776814033351471	-0.20852165980645349	-0.0252230367225117	-0.13329549705164992	0.001979124466763321	-0.24416495323393678	0.03457516749711752	-0.1838614954522723	0.0681703408294764	-0.2156092064999173	0.0826717683292936	0.023596262246642193	0.2406205321996661	-0.12158119414644525	0.2814017331570846	-0.00327178428295136
R703_1_sh	0.059654835998498426	0.6136454716088251	-0.032076422155701126	0.3555841569838886	-0.1487716803744463	0.15309995970256374	-0.2323590050407295	-0.08448122800728974	-0.0903912197474975	-0.007240979733348599	-0.08837658451850955	-0.22253624501110308	-0.05709978825573521	-0.17463817336722987	0.02926112181311884	-0.28388100434596725	0.055037565327094744	-0.18426930218853435	0.10039871559665521	-0.2414405803218474	0.09136167262150885	-0.028068639230999365	0.24091772506906148	-0.0800177688683986	0.07244306366668145	0.18424433277944205
R705_1_sh	-0.0253511389737191	0.6692347330632694	0.0027947566886197227	0.2643038621840786	-0.10386904968222904	0.14956880279882465	-0.1947553101068416	-0.07006405820410676	-0.10437329046430534	-0.01724148314055177	-0.14277280790216162	-0.22210106137181085	-0.07282388901424305	-0.1546388784358339	-0.016165069887741176	-0.29642697203091534	0.029778559918329967	-0.23894231084763312	0.13750152855966824	-0.20903280157264476	0.09263625975761562	0.010333474342133931	0.2374078509482723	-0.03429674549528845	0.15999160015873515	0.14930343871047905
R706_1_sh	0.05915898672147307	0.646848791768129	-0.02544378820767324	0.25723507679172186	-0.164075570730201	0.11185325320111804	-0.2630142424751769	-0.08940681166567206	-0.09265485786868148	-2.638138393797817E-4	-0.1794036786005246	-0.22580895364405812	-0.06434228884275893	-0.1525466001139895	0.016947168164235863	-0.29919772441142384	0.0682020347500862	-0.14451303243651634	0.17404388702737938	-0.21490960540683327	0.07904648261479462	0.010582804767294242	0.26729501575801495	-0.05393109990293709	0.12424085168903214	0.1540577148925466
R706_3_sh	0.0205797014509752	0.6616701449413751	0.0023823852673738634	0.23585080770395747	-0.2179567549897609	0.10498097633997758	-0.2442934339575317	-0.03036788258345185	-0.08292955465036894	0.0057376213044802405	-0.19909794245607457	-0.2171348168252778	-0.08076952786594803	-0.1621484464526803	0.008320383415191826	-0.3471126490030079	0.08074233583954209	-0.14327219390630413	0.20062699744111004	-0.17756179030070235	0.08304929480743353	-0.0025080128833355466	0.24393920272598404	-0.022808772305002355	0.18540691297207346	0.09467501396997258
R709_1_sh	-0.077620661062303	0.6299772067443948	0.032542087670272495	0.3073952911036078	-0.1492472278873927	0.13456326304607663	-0.22686716762965795	-0.014628122545495656	-0.11595724709624858	-0.018084551237794483	-0.1747525975934908	-0.18149615025577845	-0.06394801442718384	-0.1473288748460252	-0.006991139022174721	-0.2978931930238833	0.07475325923889667	-0.18551984275622224	0.15204361338891884	-0.24371511979866814	0.10856850430384435	-0.015319467826388135	0.26517035694414287	-0.07014490139543048	0.1823062331723766	0.10219446279160585
R710_1_sh	-1.7753891571255925E-4	0.6406301244681107	0.03650113027169286	0.2525607530174299	-0.146260726885611	0.13069749000329278	-0.27024707138489673	-0.03897918731134847	-0.10188480860892858	-0.00839495959880237	-0.17604443151390523	-0.1982567121738978	-0.06766001829421904	-0.1388262952553447	0.001903584910471403	-0.338192752378355	0.0889624662802963	-0.16196060273709936	0.20033860634485912	-0.22266174320090695	0.09127344536188216	0.0031985059655302156	0.2632844306981372	-0.062079918732534566	0.0800109317359348	0.1422652979339262
HMAC802_2_sh	-0.004948848080087401	0.6577105254155453	-0.03256795078028434	0.33332424669655175	-0.1511884590543628	0.1851109525769366	-0.26189873368799366	-0.08611918802144701	-0.06927776165798384	0.0657131941200298	-0.06364190018780266	-0.22835646589422923	-0.024929977342657644	-0.172055333760743	0.004517770656408758	-0.29044168758563943	0.06489050256349822	-0.1697567242518621	0.12909500496946155	-0.21635732576047145	0.063047287879921	-0.0030627456081681985	0.1986460893378106	-0.13500789261040913	0.1482569753840726	0.059298444683908075
HMAC803_1_sh	0.06656110756279968	0.5777048915234019	-5.960851249134161E-4	0.3619217623291526	-0.12493145521562542	0.17977051209920206	-0.25803943045357275	-0.10451613224869946	-0.11582560709057807	-0.03091806009362748	-0.10283874682071373	-0.2586236437404821	-0.05690641277602948	-0.16359505286064133	0.0014954277836174146	-0.32827996514996655	0.0626226149174655	-0.1613588768548028	0.1487938695290284	-0.20642586486860456	0.09402901563323843	-0.008986673606009602	0.21695760121546342	-0.044398603226082196	0.0686781008398196	0.18770570669715791
HMAC803_2_sh	-0.03519464451012899	0.5648098930876432	0.0070507116476392385	0.3579754294330931	-0.09805608885097256	0.2248015289629823	-0.24508173301104091	-0.07832682161135557	-0.08439326093617724	-0.03392752358752052	-0.08855950433831225	-0.24260921517200262	-0.047656850740868874	-0.20441959299366133	-0.013925713089349477	-0.2782197161589631	0.03718270951190297	-0.17533797293151027	0.09607839672376463	-0.20909225962486164	0.09650099206925329	-0.02144913698168454	0.23665824086449133	-0.14090399370926354	0.13939674465979893	0.2366993812871045
HMAC803_3_sh	0.006593109742245411	0.5619306837499801	-0.006164170716493014	0.40047837523211777	-0.12575146773356669	0.2331521573055037	-0.2339349630853788	-0.11818523059648633	-0.09869896317724036	-0.047261464223476254	-0.07656200173698267	-0.2286626730135906	-0.03171543856477267	-0.16980838133136592	0.013036470776982292	-0.26588773515617603	0.051478893974009336	-0.18766279636840885	0.08013054217338687	-0.226505518908263	0.0823647724053295	-0.0603565052476009	0.21176671781229225	-0.12094510268198777	0.12745649813018867	0.2297141912397533
HMAC804_1_sh	-0.030541273833810847	0.6794931477028507	0.00580901724726857	0.31877292277600183	-0.07440396410364905	0.2003452329124476	-0.19338546916052382	-0.1049356441793955	-0.10071413196329304	-0.08283328261573526	-0.1119718006042736	-0.20560286200834882	-0.06177139396349907	-0.1698079695595639	-0.003221857217595339	-0.25492577792240617	0.04878165597304733	-0.15539536665775722	0.1048372124537005	-0.2081305947660948	0.11717004073203949	-0.08284175761128355	0.18982335401040684	-0.11811935458461228	0.10958861043018225	0.18398130651389835
HMAC804_2_sh	0.10432375782531728	0.6031712734352561	-0.049402361318718196	0.33620990596357747	-0.13978625855003163	0.17565336908954768	-0.21592442002924975	-0.09931273017612476	-0.12510664562087714	-0.07027761414663891	-0.12892550755998444	-0.2183108360448994	-0.06347991557207629	-0.16791413507197364	0.041049252780607906	-0.28768507973375806	0.07154946312760381	-0.20961623178472402	0.10465069022105108	-0.23003091257473646	0.122374458665749	-0.01720376853290014	0.22806132484588473	-0.03496071476489643	0.050616161184723785	0.220277474342271
HMAC804_5_sh	-0.07020653277771288	0.6227287149268366	0.02518648805301889	0.3380642428972092	-0.07597046475806461	0.19301748406443908	-0.20220764184496523	-0.07948924557378564	-0.1164473373056786	-0.053107460100938905	-0.1653088469567651	-0.19540730590513022	-0.06846212831594259	-0.15863886322084578	-0.019942636714081426	-0.2906648183357277	0.07302365321032142	-0.1732068356694096	0.14000246530249372	-0.21290297323445886	0.1335289868281548	-0.07096000162689689	0.20270959567203048	-0.09421473235587119	0.14409439960719134	0.17478179413457962
HMAC804_6_sh	-0.04506392217278895	0.6311851838260395	0.015687271299266718	0.36216425161052035	-0.055614447758997154	0.23203686039413926	-0.19518242133290575	-0.12465785760376823	-0.10687808722186537	-0.08161378308812157	-0.09227491077618843	-0.21410376511597282	-0.060468158225221724	-0.16268009505142703	-0.02164246674310802	-0.2530267625057767	0.04750539046673945	-0.16888075572700134	0.09762527561612046	-0.22798687384096894	0.11137313478111893	-0.07970741400366557	0.19600425398432617	-0.11887412837389769	0.10892908808350409	0.20614513947990154
HMAC805_2_sh	-0.08012979014701312	0.6142676696389221	0.03751545204117462	0.35634029431460795	-0.048951020750335084	0.18756927460094008	-0.21317018629480813	-0.07671005473088398	-0.09482617082549834	-0.01757509572572802	-0.16611652055495024	-0.20885825935221292	-0.06132497858820869	-0.13746894941787274	0.006871239972679032	-0.3203567256857819	0.06263650330706172	-0.16370492818046078	0.12714118720038187	-0.23820620276637486	0.10438165343122977	-0.04354176461329569	0.22098064941930184	-0.11180231844346047	0.10499198178898507	0.16004706036160116
HMAC806_2_sh	0.006096711604000028	0.6751796891216167	-0.012747022283410632	0.4590264551193564	-0.12282417787813572	0.11217214172086117	-0.12718727373860203	-0.1329616416444879	-0.05833488325838718	-0.041852565697105694	-0.06835129712709515	-0.22088513116227523	-0.03882957918112599	-0.17882272969706078	0.0014543014953364714	-0.2525821245640882	0.02504143069313862	-0.17245566163316503	0.053199649595695495	-0.2166388355596586	0.06699020451820119	-0.04222300075361542	0.1521728578172731	-0.1516875335930981	0.12331907774311127	0.16373093834272037
HMAC806_3_sh	-0.0408825524608832	0.6143375602796586	-0.0029428422174813257	0.38663146459416187	-0.07584607037109622	0.25171344653324595	-0.1747368913129209	-0.12647095593507912	-0.09182309760994668	-0.07203967481706555	-0.05030194126563335	-0.22438211581298975	-0.04903546470313406	-0.2149967066532626	-0.03532039739314564	-0.27852188464462047	0.015910107920077347	-0.19781619005291998	0.02813278168252772	-0.21234335461716639	0.08484808142162331	-0.013623036266753735	0.22631402668077286	-0.0697710212503532	0.16568425962924074	0.15728246864314538
HMAC806_4_sh	0.10585188675479659	0.6396002516414818	0.03384269750041237	0.3627972816177532	-0.16120554597246467	0.18502583967868114	-0.2283967118992715	-0.18012738467940756	-0.11606130166554994	-0.06751222379101875	-0.0689581066179176	-0.25127695402647715	-0.02837423157315465	-0.1904779938692125	0.01828203274907791	-0.29032022228173787	0.05677834624772964	-0.15019484909212674	0.10587343916698423	-0.1599136961133824	0.04297532911178264	-0.0061143423203299215	0.1907002232698364	-0.07306499284237239	0.04869194292774051	0.18157928607815046
HMAC807_2_sh	-0.025766467187121354	0.6485248093763418	-0.020147797778064094	0.5248376628295001	-0.1527356629398731	0.12018106120741583	-0.13073034150808033	-0.1405844415130185	-0.055542190270864975	-0.0621542653859905	-0.04191860795833452	-0.2035734324748389	-0.02937836453786906	-0.18991794886110014	-0.022492794124273126	-0.22177179598491847	0.011878559707763353	-0.1849295939464987	0.02177620279512066	-0.20164649454062092	0.06385559687847958	-0.056458159258759494	0.17272207140700796	-0.14798679784612495	0.20847979551610896	0.11547939639861232
HMAC807_3_sh	0.04270670723013094	0.600602183760773	-0.021030562055896984	0.5192421399085493	-0.15755697139850783	0.166079684670418	-0.14608656504533235	-0.14102909065296065	-0.07311452794884506	-0.057674827143171105	-0.041366228731856115	-0.23320580675413502	-0.02108713513307399	-0.1871313422578606	0.006932110715478425	-0.2453095092538978	0.03494907074583678	-0.19226838662051415	0.05713670180230673	-0.21817976086758717	0.06292403598644983	-0.05509617186182016	0.14193814635575874	-0.14490118791608655	0.11365521747755192	0.18887207498829314
HMAC807_4_sh	0.03311044395674578	0.6285231068170382	-0.008360307106896586	0.473138128646386	-0.16201662720568333	0.18629278146953054	-0.1854079986127978	-0.13734923298801	-0.06251945530387563	-0.06186511764544672	-0.036155429574411674	-0.21695999808261238	-0.011672421978896712	-0.19653116094524412	0.02136948366375386	-0.24376411099416664	0.03918762843424492	-0.1909360271927252	0.05792169584676161	-0.21076695378882399	0.05086934272272857	-0.047763299476493194	0.14038527231379377	-0.13516364312502824	0.12328837284453421	0.15314552730559566
HMAC808_1_sh	-0.011661088911114108	0.650470280675603	-0.006864294511578738	0.3687477454019148	-0.10942094066627911	0.1816238276772847	-0.16909898289078093	-0.12892333917579726	-0.08405307841087492	-0.07273727928236086	-0.07717241224224143	-0.19071387986050933	-0.048481237021811834	-0.16286853524441516	-0.0176788071513522	-0.24379045937445704	0.036266400834970354	-0.19484954516616104	0.07064236615633859	-0.22354507355269262	0.0845208723811035	-0.05828095944966688	0.22012710103533542	-0.14344346468838684	0.11287410139828533	0.2183106820396447
HMAC808_3_sh	0.00667829390201391	0.6441856948587396	-0.006999027395713217	0.36278785538022107	-0.1252979968019435	0.16967906840573774	-0.1926712832902969	-0.10305280340370476	-0.0900347198741991	-0.05102090452664741	-0.08968504209542891	-0.20812766880699163	-0.05095798226664506	-0.17481737273490047	0.0077539824253157474	-0.26331356456864374	0.05960095991365137	-0.18447157918348295	0.0880604385786804	-0.2149588542293066	0.086935246746073	-0.06286609007593265	0.18766483108639695	-0.12016079025040832	0.11895229907209583	0.20613700913532007
HMAC808_4_sh	-0.05260797816571268	0.6214645934771628	0.011845930660823695	0.3640857724103076	-0.08472839815423697	0.17706368915642065	-0.2253494081395666	-0.06660222691951338	-0.11440669577379729	-0.040141260407506776	-0.1328591327673021	-0.20037138853568418	-0.07307849334987895	-0.16496141217910565	0.005862794762372482	-0.2925050956930759	0.07086276829032541	-0.16126213128604855	0.12151987532294149	-0.21130592907036563	0.11738751872425347	-0.07193897272974206	0.21654934160749634	-0.09723061399018065	0.13900187698228236	0.14370497576733252
HMAC808_6_sh	-0.01569340634282433	0.6094165694255153	0.01027666429533362	0.4077632429959857	-0.13214045991647	0.17855411458941747	-0.21219513081245406	-0.09777229930492524	-0.10341718149088214	-0.05768744235693634	-0.08738833683534243	-0.21644784868753103	-0.041392710785135164	-0.17091289121376949	0.007833582800621117	-0.25673074759253794	0.05732277421919099	-0.17941808086531688	0.09324170076553566	-0.19765497331677337	0.09250495868598567	-0.07176214112724354	0.18802922932629915	-0.1406146847336298	0.14301831609014165	0.19326718218774505
L801_3_sh	0.011250790966760023	0.6394974576303177	0.001327833427861698	0.39622761108139865	-0.04965453464164936	0.22080879592624586	-0.1453304182767152	-0.11890625410689723	-0.08966676542823915	-0.09848106040119756	-0.08870600975333102	-0.21708943226350783	-0.05739849792248704	-0.2063468601061479	-0.009160651492258132	-0.2967693392278988	0.041623193851122293	-0.1916205095641022	0.08855460790443595	-0.2124114357870937	0.08568716917295843	-0.05471848648866266	0.15308164064614022	-0.07372777976082204	0.058391641545401204	0.21353729306836727
L801_5_sh	0.0018606224992646775	0.6467369356760339	-0.0023329573956233293	0.4017245130834399	-0.09204041102645405	0.23717245503703455	-0.1591051419256366	-0.13003571610678996	-0.08762892877207672	-0.10195523365599762	-0.07145246988335038	-0.19697931144384803	-0.03720973571827668	-0.17837386964236956	0.010567595423462698	-0.24301134177641145	0.05207068560179737	-0.19282290441519673	0.0783366574634765	-0.205711996712983	0.08948011221165404	-0.12333547113061462	0.14337955190557916	-0.14875369479211895	0.07407441961618394	0.23534563587982107
L802_1_sh	0.013278479345687454	0.6141042328517446	0.01307221231599455	0.4584124241437313	-0.16480684596230866	0.21151861553774934	-0.17342101849211147	-0.15151964456617498	-0.08440863126909696	-0.11257950623142762	-0.038864765073855695	-0.210718195647117	-0.02434525673466341	-0.18964827548760735	-2.578951317271129E-4	-0.21307923489627795	0.02488563086431627	-0.18283609681832183	0.0447340773232433	-0.202810636497603	0.08204086805960416	-0.10012007514907582	0.17218173675742143	-0.1314153888139496	0.13591140799749632	0.2106917815743306
L802_3_sh	0.026772237103728665	0.6408459631356105	0.010427058267491868	0.3942566250454493	-0.11792149333513312	0.1701711276850398	-0.2001643164515928	-0.11064666847422319	-0.09130657691504794	-0.09154626887611995	-0.0648111798552724	-0.222511516197954	-0.03501824110762737	-0.20246711318212643	-0.0020137675795298196	-0.25601918925000555	0.030497019768450796	-0.17413220768325052	0.07684038058555528	-0.20543105424539065	0.08511443337923949	-0.06502087475227106	0.1851821500727464	-0.08219389489672937	0.09640229606699131	0.20469507169197124
L803_1_sh	0.005341728360190472	0.5881800742157561	-0.008528500307536699	0.46378568462506425	-0.12574794513958035	0.16219860428667157	-0.18500650852090794	-0.09464689353550677	-0.10464592077854785	-0.06181032200052144	-0.07864682416572849	-0.21999396901296314	-0.05084690515152979	-0.2052290739427731	-0.007189555808261817	-0.2710879014324684	0.05224906884509341	-0.20142925848986043	0.07735558339922469	-0.20812621870974504	0.10523135538928777	-0.04428803150565215	0.17311717507806437	-0.07859618278526156	0.1473172488002326	0.1710434882872606
L805_1_sh	-0.020519533038828246	0.5734723176422801	0.013880174009212438	0.3998402941218817	-0.13436574338211726	0.20500888969565056	-0.20715185109212353	-0.07166277083111317	-0.13052479697552472	-0.06020605340199201	-0.12653089653556165	-0.21513047088408133	-0.06289060809329478	-0.19186131574173176	0.012997684035482529	-0.2604283703360498	0.0805163358907503	-0.19805467903333737	0.12497507736212944	-0.203599718375742	0.11025361081521602	-0.06866570911633073	0.18777849041711053	-0.10277652589902947	0.15158205658754917	0.19406411215959452
L805_2_sh	-0.026470230844739415	0.5567848709999036	-0.015014916379357125	0.4526155755432434	-0.12460139209359636	0.18423806413119778	-0.1920981693323825	-0.06376844217967201	-0.13066745873650687	-0.06017296540799451	-0.11493470755254967	-0.22158077396473197	-0.06928191786797852	-0.25946740741506347	-0.04140765233774649	-0.27895358107266877	0.06644274988653336	-0.19044886788002124	0.09731043092667857	-0.19765080381646094	0.12945495266336535	-0.010832194827964953	0.20442922726664606	-0.018002674816772677	0.21683908440163321	0.10723920070700615
L806_1_sh	-0.012701176659155142	0.6480254836275422	-0.0020331078609322484	0.4199362548054324	-0.11548116953494379	0.19013035294433808	-0.13618786229050756	-0.06887381634470857	-0.09054441740531688	-0.12532820721448054	-0.06918658276073938	-0.18816483396985695	-0.04238579102767182	-0.16799286958285392	-0.0037841460230535577	-0.28466584602810757	0.056863957936884375	-0.1988933220866641	0.07847519591270727	-0.21095453299422068	0.08808427187773257	-0.09664212106250826	0.139925893461206	-0.12670771819475488	0.1089549343737912	0.2101311761008416
L806_2_sh	0.02230468340499293	0.6129355611756715	0.012257577577016985	0.46677456552431756	-0.17582383817789082	0.21398514101405608	-0.14744586486073427	-0.15807444637527812	-0.07819584682096253	-0.10157609105522541	-0.04260158398399703	-0.2198896156276091	-0.025499161231631286	-0.20304937585584282	0.00415909397649462	-0.22881910124432472	0.027950803271392294	-0.18482535120183533	0.052463754995469056	-0.1970336163940852	0.06517075712829502	-0.09032813904773947	0.13190009380586945	-0.1282826652951007	0.15335953091568486	0.21818313438299466
L806_3_sh	-0.0038253783053569246	0.6321506221949945	-0.007958136525622994	0.49490020363328147	-0.19325641984882905	0.17712728554343224	-0.13762087559325853	-0.14228030239382838	-0.06915997334968482	-0.08820375198397218	-0.045306628446476926	-0.20695239601486817	-0.02703636242743443	-0.18282833429730908	0.004329265892407078	-0.21598289428694292	0.020792896132130274	-0.19337739025988948	0.027084438521767517	-0.20426168303842104	0.07948660394357755	-0.07538275612800545	0.1567564740429243	-0.13417756113064613	0.19571409596385542	0.13926895816217436
L806_4_sh	-0.019354693860899365	0.6040711453396209	-0.01877889292057245	0.4564869270608459	-0.1302188430682185	0.2620039722227996	-0.16494981746094123	-0.14886724353775196	-0.09498078225714217	-0.08361974312195158	-0.06791061565004479	-0.20870146524545508	-0.044682703822994455	-0.18661231861078545	0.002283334680103357	-0.2411156853232191	0.04534472974617156	-0.18585810832881844	0.07084648001447127	-0.2012742179875967	0.0811237570139623	-0.08519624902894078	0.15580370606791766	-0.11687701814713385	0.18547434151818679	0.135560004708386
L807_3_sh	-0.035849126939477054	0.6227988273678079	-0.029318664840130862	0.4692649583898776	-0.10869091983031215	0.1627242397615275	-0.15802444428751364	-0.057849276077464415	-0.10507325705998923	-0.056574867881894184	-0.06152503249591784	-0.19692017863319278	-0.029512127619907326	-0.17446734383682497	0.02348001336804807	-0.2369267445766721	0.049308333444152856	-0.20345404888010135	0.061525390754561884	-0.21173668782709468	0.07120226211888257	-0.1810699199660053	0.15333046680795087	-0.15256002771892094	0.16914710657965196	0.21677106987895747
L807_4_sh	0.036498872259254585	0.6196473474364604	0.0010702823472552303	0.4427273825294074	-0.15687097639402606	0.1955006157666206	-0.17038835640030137	-0.13558455314839749	-0.10192138435179951	-0.10432209403447547	-0.06345255835490485	-0.2051728874702439	-0.032418750023441606	-0.20739315566252559	-0.008522406037963653	-0.24718531874237898	0.04945237865109562	-0.19345280923287328	0.07340330886873882	-0.19628936027211752	0.09561838061920196	-0.07339602778163062	0.15360922135044083	-0.07887563759620461	0.12392198746644777	0.18379649820835947
L807_6_sh	-0.048447424941127845	0.6146768275755674	0.029377593721115362	0.3939219985922139	-0.10793064623255155	0.25269285274927167	-0.15872837844523685	-0.12100305359930769	-0.0861942337531649	-0.0931249454030446	-0.06356253907963212	-0.20634023090426157	-0.0392830699570751	-0.1959935686083837	-0.005554993361171415	-0.22689768678086555	0.009902276949813913	-0.2089993572764442	0.059502015357545485	-0.21383253849822587	0.10664764031873211	-0.1031951415293862	0.17448813433260782	-0.1491658664951301	0.12978362509014357	0.25726071017799873
L807_7_sh	0.05573966313421067	0.5500755477522282	0.0029850544544764504	0.40435725362225694	-0.18125795805407066	0.2595711448756744	-0.18030255697747957	-0.13991172617066708	-0.10671527756654314	-0.10680975800685207	-0.04876466957288524	-0.21976626500320118	-0.03266183555053897	-0.19910893104033278	-0.0012538858838014276	-0.22831378931946972	0.034708738309287536	-0.2020888186682845	0.06398705282147552	-0.23416313529626656	0.11128292558621662	-0.09922375407857101	0.19563871213075165	-0.1119930542042802	0.08661403716889775	0.32737528553776346
L808_1_sh	0.022561385655791633	0.6013122136545284	0.017008657715019172	0.386237160352938	-0.1273475019921387	0.22722584149583674	-0.17707507554122054	-0.14427387061478084	-0.09440451716289398	-0.10482757493770428	-0.08281713849580047	-0.22568200937683924	-0.05220851844168044	-0.18578739715038922	-0.012176297185223646	-0.26228580108230237	0.04439149322767072	-0.1821945827110877	0.09118717793267155	-0.20120850740627888	0.09435369220555558	-0.05147687971152975	0.17675729178639477	-0.11477944002039592	0.0997693502958554	0.2577408475080057
L808_2_sh	0.018569256508373537	0.6239018988667321	-0.00373246386197644	0.4518881519198217	-0.13923825327114106	0.15041851305860723	-0.1711815453199102	-0.08954090658595104	-0.10427265898203689	-0.07195676404499358	-0.09096380543434734	-0.20223446158766972	-0.04533073118974323	-0.18247427687590498	0.015297142070207416	-0.2612564541520082	0.05990055834297378	-0.19171789055053068	0.097777452519299	-0.20571260330160232	0.09259255648255413	-0.08602495718831228	0.16584137913580252	-0.10629430963146014	0.104741112999945	0.17100406007327154
L808_3_sh	-0.009238338776110216	0.6344548351176076	0.0019513007499450744	0.4347647150521082	-0.12644346915240892	0.17616684417182252	-0.15006465937061889	-0.12946244866242057	-0.09106279315077452	-0.08425716899190258	-0.08601748261623433	-0.19955017554566581	-0.04905306822436843	-0.17509603913411118	-0.004532764566182793	-0.2501834965858248	0.04374052361161068	-0.17794568932857832	0.07305452422286053	-0.2083176830877686	0.09899010557758522	-0.09862711527635688	0.1599805212029999	-0.12193923796727815	0.13869560049169716	0.19999266023836795
L808_4_sh	0.025357658689042335	0.6344806425471453	0.005970953938388639	0.39684337035882333	-0.1437642093068423	0.19045111985411975	-0.18416431884363726	-0.10674665600686228	-0.11621148658864186	-0.08985180658278519	-0.09692341825657855	-0.20678798197686263	-0.025692984839721933	-0.22153167419296224	-0.004130367255412569	-0.259671865395092	0.05810043496544898	-0.16883545109195422	0.10093660593950143	-0.18832127884108005	0.1001630488152693	-0.06869988657948255	0.16326548773526872	-0.08376998839816856	0.11709259500791423	0.17244145630516206
L808_6_sh	-0.005453426078285958	0.5958444155273185	2.2598705112943096E-4	0.40414072093017234	-0.1306495319000486	0.14664612324896548	-0.21415202581710083	-0.052961539719210984	-0.11850169180464909	-0.03459193717537052	-0.12600493378720382	-0.2059644219393119	-0.06946606874571463	-0.17344840386505508	0.011258834024400612	-0.3032434649076509	0.08052798358463774	-0.18505968069929976	0.1391445134293893	-0.20579218540176503	0.10566878539325542	-0.05032734196412123	0.19870579193951654	-0.08852405414624784	0.128695782710674	0.15328177011157687
L808_7_sh	0.06177877001342652	0.5948278159854498	-0.03165582634539838	0.397264563628771	-0.13841910790685133	0.23526970921676701	-0.1627391918488141	-0.14198561650487956	-0.10310418511101446	-0.1134136275090633	-0.10106528114100252	-0.21405544023990317	-0.05497297386628898	-0.18347715698261796	-8.334744644096954E-4	-0.2532624256433997	0.0644936483328149	-0.17543490284721994	0.10664267100096399	-0.20288634556233737	0.10988630971550296	-0.0920968325887677	0.16914114839933655	-0.1186141551951032	0.0808474932217346	0.26786441424230434
L809_3_sh	0.0011798317069488251	0.6027984219809619	-0.002024594642061485	0.40263013960840693	-0.14595432810119555	0.18530458921715384	-0.19245150607581063	-0.08795777230596125	-0.06783636475505737	-0.0599291584155528	-0.061618914634701	-0.21814800414289132	-0.042153255638155876	-0.2048033184324316	-0.020906765553942344	-0.23914466965309664	0.04506802002018126	-0.2049039299185056	0.06870676968817974	-0.2201045289144806	0.09763553925176495	-0.07385701851283036	0.20398516086633478	-0.1210598087724972	0.11637040786751617	0.23917505826172555
L809_4_sh	0.009217539136156423	0.5332019924667202	-0.007273633005331702	0.408532817269816	-0.1301340013532554	0.2670142501349716	-0.22914349825835253	-0.1091429167400215	-0.09272625764760056	-0.05840277561367253	-0.0537975421675097	-0.23422244374351003	-0.03148107049583964	-0.2168266376144539	0.009958746132017384	-0.24407416318110828	0.042230608457089015	-0.21220932931173678	0.06337456194156157	-0.22782467297388495	0.08600379257291818	-0.06086048141039083	0.20335495921953983	-0.12246513913334127	0.1304157954686035	0.27727949985061023
L809_5_sh	0.035809965613368494	0.5871508609083306	0.009298676965510316	0.4175837202430717	-0.1563165949470091	0.21183317602414906	-0.2257696664140254	-0.12026425992499203	-0.0740630477743976	-0.0833791048501936	-0.04056712983659976	-0.22667992166095116	-0.03168342198384328	-0.21619586937234586	0.0029880327593701204	-0.23233774702638343	0.03846793965218981	-0.19832035888626967	0.049888000495932616	-0.20718546753475808	0.0891494751690265	-0.07242597690718613	0.20238176406821387	-0.09752633267133447	0.10041600623226365	0.23774728165886144
L809_8_sh	0.0230187216044606	0.5938229019765271	-0.029069955403995595	0.4332637624136887	-0.1286688420747938	0.17454304948025767	-0.18258231767371805	-0.10363893257179745	-0.09490218062307822	-0.09549543444792734	-0.09033957454981796	-0.2079610684122874	-0.057156770379343844	-0.2007022840725726	-0.023245145993073174	-0.2564776755866045	0.04177846972522256	-0.17868086740975866	0.09367367396810056	-0.20710704541388156	0.10974234793158211	-0.06921483284316664	0.2071615125075081	-0.08606464889789334	0.13059006096094616	0.20371307578541836
L809_9_sh	-0.01737755410994267	0.5875265401275395	-0.006732689836579563	0.43501332926794223	-0.1671932265746072	0.16166502367274393	-0.17215439731868248	-0.08361581607725707	-0.07104169373402679	-0.05340619843615636	-0.07223172918269846	-0.19803410177130396	-0.04164761998247256	-0.18363103651240734	-0.020106309323779728	-0.23710135041573943	0.031011195830963262	-0.21255602901189408	0.053549987068876835	-0.23717309516547683	0.10613621010689152	-0.08475736448029055	0.2316184441383583	-0.12291669895537478	0.14616938291769926	0.22898679775767466
L810_1_sh	-0.025906860666739785	0.5561117010416406	0.017830486990283695	0.33411044020489866	-0.16940766324003248	0.21094662574477635	-0.22428399287850664	-0.031038555474956587	-0.06474149088982858	-0.008555017587090008	-0.08671529792938751	-0.24674072557920088	-0.04020148840740986	-0.20559397286301276	-0.005419323900827198	-0.28603239367776495	0.03709837697889111	-0.23974307593328098	0.06877494119736043	-0.260394953446041	0.07108292769480264	0.015465687853519837	0.260084661662408	-0.06221319063790999	0.1618047233889863	0.22367743035441973
M801_2_sh	-0.035191039651057576	0.5157804827747006	0.011503729169210355	0.3138833943962687	-0.24455118165881207	0.15120857490610606	-0.2996839752913509	-0.02214177297482486	-0.08053597480117773	0.015676469149699435	-0.21186142039740147	-0.20008566701748717	-0.06681966896174603	-0.14306376827004252	-0.005422565905684084	-0.34112786262175687	0.06433692430635474	-0.1552799212218972	0.18411827435576122	-0.22199129981743504	0.10918809834631989	0.0030136173651365648	0.33364351359365674	-0.042627296563857844	0.2412752868959269	0.1267550498953899
M801_3_sh	0.057632749855428336	0.5645428885392014	-0.016365434790348733	0.24046970373194232	-0.2026287624819693	0.14089710394706165	-0.3165257329454847	-0.025508885566314015	-0.1262307595572891	-0.005047315694669402	-0.21742693079416503	-0.21669546240438198	-0.0778463090213717	-0.13347838774563495	0.04289076388028165	-0.37973861125274794	0.09764250420356112	-0.1543740595422862	0.24370255552986977	-0.19581793038627648	0.07127853584532365	0.024331191775879002	0.2705624747498436	-0.016539235326720816	0.17331434552632055	0.156958999924948
M801_4_sh	0.008785379784867042	0.5530195641798042	-8.470480122653584E-4	0.23020803271255566	-0.2176154807468473	0.12315698946527125	-0.3038168520020801	-0.04379812123467277	-0.07715283276580953	0.008131435081959341	-0.24803137655284885	-0.16619221537623918	-0.09124437960967499	-0.13226483271275424	-0.02175356428390744	-0.3872006026192724	0.09290671223810311	-0.1480507393819665	0.24716163969267674	-0.2266245235721191	0.07794459784312738	0.02367611121522754	0.3265213707934796	0.003797355177238112	0.20714183362117955	0.16214154706496808
M801_5_sh	-0.005820562965059589	0.5518567553167938	-0.01091484719039875	0.3455998860960658	-0.20098921383969812	0.09997676214310539	-0.3066321705864077	-0.026051190501474922	-0.057574659728881636	0.017002332564380402	-0.19625602139748832	-0.2426842691282979	-0.0453196355812907	-0.13432702461298202	0.0073671194323013285	-0.33595925758386336	0.040077305630251	-0.13373293257267424	0.17921693914469633	-0.23235666205862268	0.06564471286354988	0.01656321576065358	0.3045146111551743	-0.03185384786013326	0.22668642306325185	0.10596623243704918
M801_6_sh	-0.005054915488753642	0.5478465966231019	-0.012528136857769663	0.2887281744105103	-0.17074729308539	0.12643457848709705	-0.30403947573697376	-0.0542439889921634	-0.0509926437460431	0.03498311183458584	-0.21205759376236122	-0.21350511067293446	-0.06825983688743649	-0.1382516024840178	-0.005978530322400592	-0.3854352267480356	0.05464323301636616	-0.1474903497309339	0.19500348537507645	-0.23066211473959253	0.04981961943199876	0.034737140488766596	0.3097570563001667	-0.008241867003449505	0.22043503176352036	0.14510065852706597
M804_1_sh	0.01840163881576999	0.5881527642421466	0.012007718198527268	0.3702386859278975	-0.240615239475583	0.12220900343878185	-0.2894760123413929	-0.07546658632846934	-0.12849174300656532	-0.029516512873377768	-0.1470099419897058	-0.2115106954473377	-0.05320334286667757	-0.13722100187440092	0.020954585073949095	-0.2535536487878795	0.08028062330907242	-0.16005220696252015	0.1779765865134004	-0.18656419155954387	0.10815555297768788	-0.028305242940509397	0.24725270309285258	-0.09798710748659342	0.19376687169866527	0.09957674065180595
M804_2_sh	0.04081648863299708	0.6012064787145203	-0.016749030277554127	0.2979302490573329	-0.21385290276242008	0.12526960484844082	-0.27852635458901176	-0.0464858489258151	-0.10170089677216365	-0.0015259004873619843	-0.15670090021425992	-0.2314903718198848	-0.060625700954920515	-0.16351300129029545	0.01055439737569662	-0.3031681876854553	0.07804192400376163	-0.14889800272029993	0.17063100764660527	-0.19150115962589598	0.09183258862154661	-0.004956239444301772	0.2751263189548001	-0.0709884787652938	0.16115306033492335	0.1381208581443112
M805_1_sh	-0.03413465975911882	0.6564728577527994	0.023140460809192673	0.253895588536991	-0.18197472792376274	0.11090935893836093	-0.24510897551083624	0.009168452487642476	-0.065040755723936	0.019345687203014335	-0.18942224047102615	-0.21582426055564344	-0.06608024993038636	-0.14575751108301477	0.014665929121596456	-0.3217203775402451	0.07151676946775305	-0.1645724848349717	0.1644966150587104	-0.22323862790989224	0.1053815508122923	-0.01559754062343268	0.27236194239409306	-0.07554598380195876	0.13019834165542796	0.11246484143034986
M805_2_sh	-0.018414402126755797	0.6236229031199618	0.013551674810926277	0.3821704679677495	-0.16810510804799952	0.10898926630284957	-0.23584951438936042	-0.07179309275990317	-0.06840330011460408	6.161793665774781E-5	-0.11915635595768498	-0.21693412284020164	-0.04506872173303919	-0.16269799763176113	-0.01369864137453667	-0.3056173102043255	0.051997641181963455	-0.15213993527888026	0.12080205132736618	-0.21711508802592022	0.07710678097912524	0.0035523248180549336	0.24266257789092885	-0.09149505364581621	0.16257531755367072	0.09939602024153547
M806_1_sh	-0.03857451348663905	0.649200416065891	0.016227473718478477	0.3075456210684447	-0.12715795081838777	0.133469480710579	-0.2505138074725628	-0.06824816608233472	-0.09231158153162787	-0.011739730093273684	-0.14029657341644092	-0.2001164104980724	-0.05498564041961808	-0.14582175463525587	-0.01539489965455461	-0.3051991733113379	0.058238291673108844	-0.1449768004717307	0.14099417051819793	-0.21724316604395966	0.11666380930538496	-0.029441578981364656	0.2453757435401352	-0.09479667251951457	0.14173547804452566	0.1273679347919307
M806_2_sh	-0.012400485493442512	0.6323693318402596	-6.60938286895809E-4	0.3191770126108573	-0.1417819984384802	0.10571577562608171	-0.2281557321995317	-0.0495036193957923	-0.08877952437387782	0.004975954467796862	-0.1727367381922167	-0.236296008215318	-0.06540328396939656	-0.13424501963726157	-0.004222564294735765	-0.33393259404613207	0.06593033099227108	-0.1479680590572369	0.17128203125343497	-0.22057465007422408	0.0787036944326456	0.01714516925058831	0.2359957233388721	-0.07449964897173102	0.1622294852313536	0.11763635560211111
R801_3_sh	0.03897338188607826	0.6114213047783047	-0.007553792670999267	0.2780291302289181	-0.11377290705738641	0.1901854947878165	-0.2689871019707763	-0.12210831112122505	-0.08519331530378839	-0.02154006941143112	-0.168210733219722	-0.21977635060042489	-0.07678213756696875	-0.17464357831388008	-0.017042601879733003	-0.3143754874577719	0.05956851492496044	-0.146542743318334	0.18406699748259947	-0.2058234118328493	0.10266075503148012	-0.00794223101955381	0.26291188987516134	-0.028584805632856945	0.08936105046909452	0.16170105891328831
R802_1_sh	-0.10534831596305481	0.6289288182959475	-2.4558610719695173E-4	0.3728815973591116	-0.08421899903641321	0.24152189732047663	-0.19364361560414098	-0.09070917917429927	-0.07105328473769723	-0.01247622740220064	-0.08621047504392129	-0.19701715292964728	-0.03745718535170551	-0.16019873966991954	0.0076768024906448025	-0.2562836387363363	0.036898213718546846	-0.209325434376953	0.05899646433964681	-0.23495529079792277	0.09264411429829347	-0.09404899639246203	0.1848096736810367	-0.15324374832354665	0.19715219331596118	0.16492609482775208
R802_2_sh	-0.012316856380056744	0.6093625191760694	7.96343855766421E-5	0.3581693274847152	-0.11372649064803214	0.25345007353228577	-0.2073855618400862	-0.11238024048413915	-0.11337610892854853	-0.04972918630261319	-0.0621884486155279	-0.21039937702078895	-0.035474717049056734	-0.16784632047795905	0.021043420395381908	-0.2526702640150466	0.053323537324408754	-0.20943638631251513	0.08879614606391213	-0.2313589852863949	0.07367187105287498	-0.07272673984050215	0.18218688316120984	-0.13778748387643955	0.12536669107794285	0.2233530634233285
R802_3_sh	-0.02004275163493586	0.5748463721149838	0.0020599668622593922	0.4060531174067412	-0.139987787034196	0.2400464290613895	-0.17579325489811354	-0.13309289814858077	-0.09061680051026963	-0.04949990292711366	-0.08633859251357698	-0.22843186785838232	-0.05205625832878684	-0.20120039019723285	-0.021005267335298977	-0.25700878910391295	0.032851207944149204	-0.15609657991886064	0.10231094001615426	-0.22109319094716295	0.08171536370415969	-0.050275452395996054	0.19839405657766124	-0.13597477870048816	0.1685091771507938	0.21172793161461428
R802_4_sh	0.017077150792644956	0.6018231117516418	0.004729783442947923	0.3557362993718351	-0.14122461450159798	0.22484467208237172	-0.2223233216561295	-0.13684861390297548	-0.08031013172415045	-0.020778428802220757	-0.06942153854582746	-0.21328992220126847	-0.03748978954661229	-0.18708867637784934	0.010031916742778112	-0.26685367552909245	0.05389627929745209	-0.19570056129455207	0.08559836987632177	-0.22331279971884507	0.08550282545760804	-0.056090927263490346	0.18522070026619852	-0.1223738417967743	0.1087123700983653	0.23993336368122065
R803_1_sh	0.026419001659820772	0.5466914204664357	0.006635231370584763	0.2857913134136069	-0.20945104328504405	0.14453676232074783	-0.3000880303955194	-0.05289682247364581	-0.10405820880217298	-0.007975043168771028	-0.17924900354199638	-0.18143264129492684	-0.06630812935646954	-0.16323518016190183	-0.014608695126811209	-0.33957118846703715	0.07335475833054818	-0.16107724724236125	0.17658801018534406	-0.24606723927619953	0.11286424039888575	-0.0027298588634465963	0.3271072573209258	0.011424412565328834	0.15079461124190377	0.16654131218217086
R803_3_sh	-0.01887940595452947	0.5190276266866254	0.01090760540856367	0.3449529989467151	-0.16376920562034641	0.15439391899706406	-0.2865029919800354	-0.06323703491967819	-0.10113697320909194	0.003002367300173877	-0.21499392943184187	-0.20457456840916827	-0.07774718763734874	-0.1318042039513992	-0.034202643351342106	-0.35218134868649065	0.08681387843761675	-0.14807700387601547	0.22120872833449332	-0.21545291081134665	0.11617532901587524	0.009059342770834693	0.30368529921584303	-0.059442666998794955	0.15844149677214422	0.1443334829514792
R803_4_sh	0.15528279946551857	0.5833362050807354	-0.047101549904610227	0.32350770322483063	-0.1941535871743889	0.1503971511655565	-0.2751573879422611	-0.15353579834444486	-0.10028391612818308	0.01902488396291224	-0.10273313301635434	-0.2746770416610373	-0.04424924509505419	-0.18989556639186284	0.04369369481968617	-0.31104362919701983	0.03781519120414455	-0.14455027714008642	0.11332511646768949	-0.19783937254743286	0.03502448822890331	0.03843138120682501	0.28670146527621854	-0.02812210661303218	0.09183606379869197	0.18496646725405747
R804_1_sh	-0.048409447788653706	0.6857654192364463	0.005884908192310901	0.29456157143228384	-0.09230629769487875	0.1337449495021472	-0.21931907022693356	-0.062470722561669044	-0.08687233490688247	-0.027997454077808202	-0.14670825087259634	-0.1991400469875209	-0.06137242227561039	-0.15807518225209388	-0.018131084313563663	-0.2904458938737213	0.058432801344507984	-0.15853482168192962	0.12886755101311162	-0.21908552396093708	0.10620630522853326	-0.03548623543511713	0.2340812842891087	-0.08336789254122706	0.1396460580115466	0.12053183320114794
R804_2_sh	0.013541198662729959	0.6481628544580295	0.007369689962619826	0.3211031988130231	-0.12078510548643409	0.18183674804242708	-0.21899493859945904	-0.13513837758347103	-0.08464648607001701	-0.04806236516961812	-0.09138432647982683	-0.22170092474377845	-0.036989399322185174	-0.1618815661720129	-0.022523183910052473	-0.25413339550184055	0.03663989068301826	-0.16533224424639317	0.09961657040281799	-0.22034767996964733	0.0948697135646815	-0.04319736117681863	0.23492107309152258	-0.11287709223256315	0.08836530350058538	0.21156820548266328
R804_3_sh	0.1176078987913852	0.5969224899382579	-0.04576959474019936	0.3327788956053668	-0.18364879646827215	0.17000204654287165	-0.2478935245807574	-0.11390843961567185	-0.10952965483364686	-0.020989578856730473	-0.10412421441621847	-0.23809591260545487	-0.03379333483285971	-0.17134872428555992	0.034455627827615534	-0.27569875190397863	0.06213479646883584	-0.18632772932077274	0.11872111729249733	-0.21739505645516116	0.0868901395228963	-0.03418988978298404	0.23560663475370278	-0.06425212886694769	0.06934290521501948	0.22250277960676543
R804_5_sh	0.022566235908954707	0.6631109631194505	-0.005118466664471733	0.30298564299613057	-0.16160768322893082	0.11634633761739847	-0.23348491927744516	-0.08724548926128642	-0.09713135040076737	-0.02050453504260541	-0.11980601132400331	-0.21519469837854258	-0.05548702621737386	-0.1580114457042307	-0.006708824143982082	-0.2864377603178839	0.05986445379139398	-0.15251595588083255	0.1283814753582141	-0.22020754975029	0.1007333285158888	-0.013502862263452027	0.23351945375904798	-0.07281700527038365	0.13427933392347485	0.14399435813652775
R804_6_sh	-0.03436426165423112	0.6553237561506502	0.0011358891695733356	0.29233343698520897	-0.09968680584253815	0.1497690315275531	-0.24311137531662078	-0.05785894045880855	-0.09422320115614703	-0.02573928763004565	-0.14389919221492817	-0.18876755665583217	-0.056182361124501576	-0.14371659680698592	-0.008387623236029443	-0.29977945055314764	0.06976910533089892	-0.16931286234924126	0.13330925545518393	-0.23311369301220405	0.107310363166249	-0.041109337367754566	0.25108725399465964	-0.08510246257154168	0.11724295342843132	0.1470739627421494
R804_7_sh	0.0024773084832944506	0.6419863837957336	-0.016762733041645557	0.30600278970519784	-0.10296681381267105	0.17174390714991022	-0.23429250341932883	-0.07009281770398584	-0.09571870509889664	-0.034272572542163746	-0.1289313421239625	-0.21310984312848602	-0.05602331333563131	-0.16162170328096126	-0.01809044897816984	-0.2848313512769012	0.06137796484859304	-0.1706474104091662	0.1457098068342572	-0.2241063108683384	0.08759595018208127	-0.03531566898686215	0.26185578848750996	-0.07839986466267618	0.09376904097457073	0.15266446220869895
R804_8_sh	0.11070475252077673	0.6305389848874975	-0.014316339250966658	0.3566908193484429	-0.18627106214852412	0.09454776316415989	-0.25174473103258327	-0.11342219254317351	-0.11389615157527325	-0.04420095817566608	-0.1348254361473563	-0.2278981930706362	-0.05909213429773866	-0.17188487262255983	0.03023344577816755	-0.29966078777655114	0.06903342682286699	-0.14225174134527013	0.15067815641902335	-0.18359139460360852	0.07868381707789608	-0.008596792574395959	0.2285182509010479	-0.03498560887143537	0.09229400493266245	0.14471497418319715
R807_1_sh	-0.03869130360245555	0.6429122810926927	0.010141536415257162	0.33154725827935067	-0.24210345627163718	0.04876997764749432	-0.24313695579545327	-0.07849195471790861	-0.051927813025234255	0.04477970507904936	-0.11425670280909589	-0.20198809396071604	-0.036885900832509894	-0.13997534389994873	-0.014978518548254197	-0.2654791676725859	0.03697664585022779	-0.17460213120916204	0.08648623055393108	-0.2397311219489443	0.07157869931451755	0.04103341905801813	0.2797240139977538	-0.12681491346474716	0.25707352475295353	0.11804008571740736
L901_4_sh	-0.011701442609754753	0.6271039380242862	0.008228426098508382	0.40664028791033163	-0.15324638634390442	0.14510021878863114	-0.20533532853999775	-0.08532304642737358	-0.06672476988595394	-0.007480179914082289	-0.0839952666216662	-0.21841280625419288	-0.044684233787223804	-0.18130465304253976	0.01164357832556186	-0.26169917442261253	0.06181176140145058	-0.1898532116230285	0.0814644092114057	-0.2148820436062768	0.08200649230069429	-0.046745411073015004	0.19216945236024163	-0.14004595387451008	0.12836330809063876	0.1669020355143829
L901_5_sh	-0.003757095985532588	0.6247712785472553	-0.01834237617397018	0.4693559687323887	-0.07946087483548442	0.14010167267494097	-0.1570998588768956	-0.08849889121894358	-0.06412405994116545	-0.028467045693333595	-0.07253413606188036	-0.2173926988019238	-0.05530437349683001	-0.20794344729778944	-0.019436661400224736	-0.2851209854687349	0.038838194089004456	-0.18618653677981906	0.08120172124068761	-0.21842003861792042	0.08688651899497347	-0.05261310823049478	0.1838892437646086	-0.11550122299991168	0.07924375868270878	0.1659150551542861
L902_1_sh	0.032357895719852606	0.6282266972365566	0.006771795369343189	0.34985979264384104	-0.1147890085783478	0.19811978261430635	-0.2050976271775485	-0.11001107869638571	-0.13025031030270284	-0.09143565927765622	-0.10809798336663606	-0.2364753558645394	-0.08559484330942926	-0.2248003005277499	-0.045433432739818265	-0.343622754333026	0.05914369579374722	-0.16206387824834714	0.1242856828148712	-0.16829004202227346	0.1574972746754172	0.003986590516361384	0.1616510050790166	0.05795524484431129	0.14755585602223487	0.09855096111460188
L903_1_sh	-0.026070949600511095	0.5763206873173474	-0.009596339576956693	0.47605710592147443	-0.12820002413194606	0.20314552671539426	-0.16788853321941227	-0.11555654006534022	-0.10147073786670201	-0.0738820864204033	-0.0794384144459641	-0.19625986596020545	-0.04955879618973681	-0.17300446401907527	-0.014736293828852349	-0.24288701972244794	0.03932074528057018	-0.19807813414271552	0.07566481843965894	-0.23047155383562756	0.12002867490007321	-0.08623809790111307	0.19555322264090458	-0.12231235532753773	0.1463926275988745	0.18316679744025022
L903_2_sh	-0.012598370557363736	0.5585287873155319	-0.0059185871117524436	0.45840669451903815	-0.0867354102937851	0.2725522768714028	-0.16970529299039253	-0.13812554823588602	-0.09704102249147999	-0.10637730116921588	-0.061543499004696994	-0.21984809153963267	-0.03853258154550074	-0.19616502235776345	-0.006351784041865267	-0.2415670517335641	0.032828524982832466	-0.20036622457284645	0.060028575958718494	-0.21679722647441285	0.08576063567850688	-0.10001676300262971	0.17689125997663324	-0.1337709450603738	0.12291755144014584	0.2635464154403524
L903_3_sh	-0.023003523692708833	0.6111232270727085	-0.0020963994236964864	0.40595512861985905	-0.09422378971482606	0.25719382275035013	-0.19009633234942258	-0.10124278314820598	-0.10039014785784356	-0.0754984579000228	-0.06259715087267491	-0.22579270997214226	-0.032590092160580925	-0.20887198557545555	0.003761254494735737	-0.2534907156224523	0.04414396841310947	-0.20595476912260047	0.06497041220940424	-0.21571877775111084	0.09030716596946346	-0.06994454340589419	0.16052999325819267	-0.09140270645434961	0.14128464172684851	0.1736452705093147
L905_2_sh	0.052654914821010555	0.5948414174301947	0.013512189589406896	0.4301900375603221	-0.11486885127628005	0.1981722224188317	-0.1812096429597855	-0.13671338371047828	-0.10616783084181533	-0.08217500277306028	-0.09948588334498626	-0.21535649185379452	-0.037800872509370996	-0.251420236926943	1.361781204623283E-5	-0.3020917733904725	0.05557637042087076	-0.15787851392374502	0.10159478332923998	-0.1818696534771155	0.08440419685584695	-0.03588668743776284	0.15271069875187485	-0.07123778071688479	0.07906630935194221	0.21142584680090898
L905_4_sh	0.04097942686704899	0.610683689561574	-0.03539554185604456	0.41248140300252906	-0.1283235698369951	0.23121115590043068	-0.20002428809328007	-0.132458487704115	-0.09051896599668255	-0.06086970548398403	-0.06001763949450242	-0.22365076476925408	-0.04143942395845829	-0.1864149048260624	0.0021275398724624923	-0.2716010507695057	0.06083800534020295	-0.1778138205873721	0.0905675355359134	-0.2069418471568554	0.09592498720614427	-0.060422931955691164	0.1608357875034916	-0.1069559415756172	0.10444614691069894	0.17275320636392366
L906_1_sh	0.02820774142245071	0.7029536179285192	0.0024674743291165646	0.42422800534520916	-0.12753943012093963	0.147592502420115	-0.13149380993684745	-0.1313133458033075	-0.08007876999385428	-0.09346007141211675	-0.05318888403214851	-0.19282566254899475	-0.03668084935924465	-0.18271963871756905	0.008524263716875324	-0.2629312769827507	0.042669873981208285	-0.1820120924862604	0.0633668314453989	-0.19347958399363466	0.0778549957167784	-0.09306590896954066	0.11876204535420008	-0.1169067627400707	0.08712851747700712	0.17394021796040413
L906_2_sh	0.02614450897760562	0.6780025441745109	-0.012754669643857679	0.4863729801416462	-0.10757433160576613	0.11295078829947222	-0.12287256772143915	-0.13395036920698417	-0.07807622486844931	-0.0966309686554358	-0.05606851600266362	-0.2021889206177472	-0.03618874999087464	-0.18022720525618005	0.004485486762770302	-0.23847893865010913	0.035379038656233715	-0.18838160496954517	0.05454812563406215	-0.20231804882926288	0.0733294933755551	-0.0992644774718397	0.12080126782448668	-0.13506442682359815	0.09884713860233849	0.19917864786507355
L907_5_sh	-0.025706207628855587	0.6583188892600162	0.004195026522299448	0.41626071292035816	-0.1055154185099937	0.21501881003238305	-0.14404631629916756	-0.11865244107510894	-0.08953588519860364	-0.09162788448597117	-0.054885248513075864	-0.2060614422306078	-0.03673282866627392	-0.19555502508689962	0.004669462001035286	-0.2353573647377987	0.03550216953440643	-0.19690230683485865	0.04723002223487004	-0.20564627365389454	0.08721373204912536	-0.1068014810799047	0.13857592598775142	-0.1302823795078679	0.1390355664864817	0.19728818648015503
L907_4_sh	-0.01262982456194596	0.6600282860075933	0.007231781952434759	0.44430599047076835	-0.11592525812215586	0.14536044037584028	-0.14346133293706811	-0.09260696027206007	-0.09076051063412006	-0.07412506401412264	-0.058530656123452	-0.215102138976824	-0.04404648156862064	-0.20644386004319287	-0.009672767081892474	-0.25744107154649143	0.033078728821693854	-0.20138875327642758	0.05084024286222623	-0.2082647673041338	0.09424005237735736	-0.06706077570048846	0.1509512339508807	-0.07964545074186068	0.13868479106466133	0.15238412502140164
L908_1_sh	-0.0073298580228202195	0.6084031950534012	0.0019949749248710097	0.4484645486419179	-0.15136506673562472	0.15109936648121944	-0.18497605124075306	-0.11712871144413173	-0.09061433122499082	-0.08555968474717852	-0.07740318002836748	-0.19630961170312577	-0.03960938081867517	-0.17501141515534974	-0.012777342242027024	-0.23593679818174604	0.04257619729692061	-0.19458864233513273	0.07535881140489885	-0.2113025808360102	0.10611201599262768	-0.08254984367376726	0.17163576188957488	-0.12058036591609708	0.1663974488043655	0.21100054381600097
L909_1_sh	0.04620836365400351	0.60997213525957	-8.416616221337304E-4	0.37132434291461575	-0.16036865285494767	0.14149898593178326	-0.1863097953069381	-0.11225291438374704	-0.10083135924606859	-0.04545366023194629	-0.09803849189136847	-0.22424700621165097	-0.06290695947601145	-0.17599886224223296	-0.012835101542644988	-0.2930035042999468	0.04815958174120556	-0.1831914718625266	0.09493622391384285	-0.23074857404341756	0.09817081752345265	-0.007986245632826265	0.22484027068565995	-0.05221222065575421	0.10981676442194871	0.20229899545807994
L909_2_sh	-0.015439252718251466	0.6100551163944612	0.0027585737724625525	0.42198877894395054	-0.14075807921276226	0.18904878990766363	-0.17241676050258328	-0.08553796302206075	-0.0945368385724607	-0.06346966314338587	-0.036383056418265766	-0.22988801854786675	-0.024497102127449856	-0.21895935524063379	-0.004252622619897502	-0.23361364005987106	0.007649120814154163	-0.22076225940165034	0.018278202127481883	-0.2329230833856001	0.11360784622765184	-0.06248969727535301	0.18514919043430977	-0.08418043482911178	0.16084077879561143	0.21073142965945924
L909_3_sh	-0.014630407100088623	0.6518374874721322	0.002825296171267415	0.37215002706057454	-0.1489660422925547	0.18553501010701512	-0.15970547302017626	-0.0934773861593548	-0.1003496077444653	-0.043576192160555624	-0.08435116900990919	-0.2206565367672916	-0.05122412627548989	-0.18952792698279577	-0.018916951856290228	-0.2703093768403954	0.04849475103462782	-0.17622466882694723	0.10012336375304043	-0.212926920939511	0.09373525064660235	-0.04637188256439787	0.17858335850943452	-0.0938884412688914	0.15438175718400024	0.13743680787041807
L911_3_sh	0.00427686097355745	0.5656210758127951	0.015334410436752474	0.42590917187930943	-0.11128163211972768	0.2037341558545121	-0.2124981729674679	-0.09673507497537058	-0.07724698616868533	-0.07015649046929043	-0.04427068482958314	-0.2307588870732838	-0.033093244157538775	-0.21941873111179527	-0.010749105819748247	-0.2613792839439926	0.029492245808215682	-0.21587178961344258	0.044601913141487204	-0.22676616236795652	0.09680408894512882	-0.030558765719175585	0.20545583099026693	-0.10968200630987823	0.09317447576734376	0.2660627880375672
L911_2_sh	-0.07004064244269609	0.6476949161413154	-0.005980189054346476	0.4141335790614692	-0.10731877508998787	0.1722923417403012	-0.20093431888165414	-0.075560697024744	-0.061915949264949324	-0.040829840234081705	-0.04071810478272901	-0.20471274576741158	-0.026290118414455735	-0.19316869176637605	-0.0058912442749636754	-0.23585222032593536	0.0079166406518392	-0.22040180470417678	0.013757637320855037	-0.22817513776613105	0.07837686798602947	-0.0449008343583988	0.22539777589974075	-0.11228958720027944	0.19364042034731763	0.12177072220444826
L912_1_sh	0.03741538060141236	0.6291816744531101	0.005067557257053466	0.4100342091102961	-0.12494992525233062	0.1676383571575921	-0.18548515097946972	-0.0970682457872855	-0.11545553331063142	-0.08766675534081553	-0.04784677977574773	-0.22774671347399786	-0.043227365312910535	-0.21812368856216732	0.0017787398171306874	-0.25532735353647457	0.043083161127276226	-0.20449174894508493	0.06055751016657695	-0.20849521822563033	0.10033453833483942	-0.052471593344786	0.1687617331525202	-0.06230460537564052	0.0999661341742811	0.20684168187088564
M901_1_sh	0.07666847373712515	0.6067940404387362	-0.013241917673629509	0.3095317779292224	-0.14368308278377911	0.12481563107373767	-0.2785014735578238	-0.06632745343009747	-0.08206262067899214	0.02878806624758959	-0.158900898742812	-0.27516398171914436	-0.06323770389808228	-0.1929623840431611	0.03961601866656693	-0.3899045378351703	0.04564539021816723	-0.1324254247205007	0.20692826550785975	-0.17630421628786766	0.0015005771545656844	0.04774860726150633	0.21957800412535933	0.005252970719103644	0.14969096792547484	0.11015690436604571
M901_2_sh	-0.08420337139238263	0.5717841522122196	0.01325598216468575	0.3913417378134771	-0.07450459328082049	0.13245486438369405	-0.229476132388893	-0.015094240796773583	-0.047371124848492194	0.013788336965058736	-0.20208391552007013	-0.17907075911922188	-0.06472889132132886	-0.15368881219726183	-0.014289921626146715	-0.3965068863023696	0.06536403643293867	-0.18672976766629162	0.18022562917282123	-0.2410804140390206	0.06988528579636875	0.01632851162551362	0.23460843589975258	-0.06430757549196991	0.15331858091156697	0.11078085261294572
M901_3_sh	0.024121184638872462	0.6214989740817436	-0.033877603503102816	0.2824694574173928	-0.1176635332964977	0.1447492437571818	-0.2532919700187212	-0.09448106820615343	-0.06150925122727712	0.02771496696370424	-0.2189850704174098	-0.20146699468061188	-0.08073212312325646	-0.16841678263140256	0.017072405447424648	-0.36888198878662454	0.059207525867327866	-0.14407656182192424	0.20510746287421427	-0.1973020247155551	0.04732411155337879	0.012144424858524714	0.25861258297257866	-0.022814702170849	0.15461427823246823	0.10886305593457343
M902_1_sh	0.08614774617553274	0.6200685242825112	0.0034021967864616594	0.32624243911228545	-0.23621568896825149	0.05432213674858546	-0.25677721962475064	-0.08470131572363335	-0.033888293076570035	0.035911634325762984	-0.1710708955665103	-0.237343378715793	-0.04451670330088759	-0.16717825352620413	0.01856046988847814	-0.3895080810444471	0.05357412585434575	-0.14424373286730965	0.20047906608673344	-0.18432825087126747	0.007175574599237713	0.08375146537282879	0.20992378941700002	-0.035153489294428644	0.16320583172918038	0.12216030220110953
M902_2_sh	0.01681147403128319	0.6157518085803739	-0.022402903257443794	0.3145104589756994	-0.2020326647003067	0.03055259874092125	-0.23708619998611594	-0.08430048579665454	-0.013947241125873793	0.05589912532789072	-0.24054313518664563	-0.21140132270074996	-0.06837360322894687	-0.15945388543764677	-0.022121513955230588	-0.36361434574218826	0.04065436675362404	-0.14772111096536059	0.1828707755467322	-0.22860564037392817	0.03324667966651737	0.05580195179233222	0.28117200565533373	0.03111181811095132	0.2517519597870731	0.0914690294883594
M902_4_sh	-0.01118760235097839	0.5998284429905419	0.014248971692419449	0.2830317570560374	-0.244324434564593	0.10074392214276247	-0.2801912833675971	-0.04644527684831132	-0.03020310402911634	0.06637466666518421	-0.16500545340716963	-0.23072114192228046	-0.05055139977225133	-0.1331494946233355	-0.0184638217666309	-0.35332918660559065	0.059362002849391436	-0.17457576439948072	0.1887615371023807	-0.22329082950012485	0.023992533947613952	0.07963041033745452	0.28212950555636535	-0.05903401091242769	0.23143254811016536	0.09093650561957148
M902_5_sh	-0.005236810116173801	0.6633690922490463	0.013906718256781253	0.3473932432502936	-0.21310866222466837	0.028178794889599724	-0.22373040384936024	-0.060893729047507526	-0.031949732035352514	0.022423879055772693	-0.17368900951950034	-0.1937450017159536	-0.058257938280232915	-0.1566897928974538	0.00929430637809854	-0.3580564093644486	0.051618162228851856	-0.1509426171816719	0.1597295124782052	-0.20539248441212182	0.030836530086350265	0.056350291251444806	0.2122141027960162	-0.053667531518453125	0.22837322380098526	0.06167226544145328
M905_1_sh	-0.08382682909880605	0.6997112622267451	0.014108856754081486	0.2734461936495776	-0.1579334310824877	0.09249363858573731	-0.23862841634157891	-0.025584509137775414	-0.014915103058083521	0.04208413656926435	-0.16003187417668205	-0.18454219606583205	-0.046989128972044034	-0.13779277396424475	-0.017871303563376056	-0.33798402735167865	0.05008921154523608	-0.15870821948592456	0.14451097200612886	-0.23774018866234975	0.054070983997034305	0.013815343928959561	0.2488750636966911	-0.08206768721356623	0.2085409982938871	0.04286902692108617
R902_1_sh	-0.03635490222917369	0.5846535861417412	0.03498973711210268	0.28435199860313004	-0.12759730191375482	0.16480902194847985	-0.2752175794468504	-0.03659521156649775	-0.12530809874526996	-0.020463434238560528	-0.21006836828099837	-0.18132804085721052	-0.08877084300796635	-0.141116657025883	0.013591848334701777	-0.33002538846487073	0.09806098297521543	-0.1682950034455563	0.21453403908253826	-0.20757080617819332	0.1142791669649171	-0.03115343675324879	0.2696807618827809	-0.0843620274077777	0.1181805572717574	0.1670953992444475
R902_2_sh	0.010347179986007558	0.6345718773388136	-0.019970688019608926	0.2723107101151325	-0.07189559455822814	0.16349067377254517	-0.2651313705943674	-0.06672117241533815	-0.12177419712918519	-0.04400358119103527	-0.1794107955274889	-0.2195563554523619	-0.09543948721180526	-0.1715449415452603	-0.007182397431863642	-0.32746296896368626	0.07581466279475452	-0.14680126563460416	0.19246876675089244	-0.18112301331676883	0.10466143060749587	-0.01895708972768284	0.2545353061138858	-0.02543490873916529	0.1229771842195109	0.13123203575941175
R902_3_sh	0.04896987500465739	0.5532673116674383	-8.061043978716438E-4	0.27280152728962764	-0.10799785906428089	0.1989328108106169	-0.3171928406576	-0.055361702156958605	-0.15374172494239063	-0.030848769992453125	-0.20214194894741977	-0.24125016633575327	-0.08685658225048169	-0.1829923783928557	0.03593030237959811	-0.338337036417518	0.08587776116626726	-0.1152323872049876	0.22339931003410377	-0.18586310084623409	0.1264357750667847	-0.01980733072428951	0.27567007153874074	-0.04475623656325449	0.07245396506989422	0.18944745886662215
R902_4_sh	0.051262526577835844	0.625320365938803	-0.020112243507457425	0.26112218052601477	-0.18025758745532083	0.13241831076385638	-0.24630355308721302	-0.06425208905010714	-0.11492469499378295	-0.007336828637935824	-0.17596609693727952	-0.2042109086865804	-0.08275283407114253	-0.1532052028061763	0.020349655913055827	-0.3064774426899063	0.0840364112354914	-0.16804035789391392	0.17614688318467459	-0.2150663342550988	0.10787603323267408	-0.011895107099290932	0.27338049818748406	-0.058826318982945505	0.1072650017209785	0.17044973287328075
R902_6_sh	-0.17562014569820344	0.556031708548326	0.05818354941963652	0.31444920215775585	-0.0248076557340648	0.22179867262386527	-0.2651598729720972	0.00845838628170947	-0.09322779284619095	0.011581317236216523	-0.20937041913763843	-0.197798818808591	-0.10666319203098476	-0.16242205687970646	-0.017558356447361645	-0.35266190972565414	0.08735219387667663	-0.18951995815912803	0.18234400103734577	-0.2391462622992696	0.13326821553983778	-0.029378287488379427	0.24456956677978714	-0.07520762574393941	0.1866899082132582	0.13381563225679505
R902_7_sh	-0.027608071002935206	0.6066783869462283	0.007983845278414404	0.2655040008263813	-0.10578279902241089	0.15810826727983246	-0.25702276697430315	-0.03870977445639581	-0.13884697575286278	-0.02846111108794195	-0.19054365273760884	-0.18434075440327355	-0.08104165660479602	-0.16219777847763062	-0.015160936447275009	-0.2972254038012148	0.07803042113280462	-0.17807488556852896	0.16236255036542158	-0.24273025583611277	0.15419790050658208	-0.03475990176838671	0.30599439078289703	-0.029977727864075182	0.10743775047607476	0.16618693821111608
R902_8_sh	0.023514630225248585	0.6063371832664294	0.024306204884337917	0.36637051371904844	-0.18627175353092765	0.0910504826399287	-0.21904280065151133	-0.0432995585704813	-0.11188855051056595	-0.019186710077969037	-0.16135788143910157	-0.18028526842106407	-0.08309780725852925	-0.162855463997335	0.01540619700679138	-0.3090012151638417	0.10131978535992037	-0.1896693898530926	0.17870629568986104	-0.22984043151009861	0.1355115501492004	-0.035737049573902724	0.19492590189434547	-0.07121167899575366	0.0879682281809324	0.17732858653813544
R903_1_sh	-0.06581370627164024	0.6461964105926392	0.0343211432127997	0.2992193987020439	-0.11879276605023038	0.17842082641888346	-0.23156232067790275	-0.07280611405646811	-0.08561216744454593	-0.023390816434524887	-0.12212135023880819	-0.21683043367818042	-0.05497642867815365	-0.16427180265284694	-0.015792345955687587	-0.2713560408070798	0.05374732245430219	-0.16875666117124247	0.09930701231545117	-0.21778574976820606	0.1110300401659393	-0.028998943848220923	0.24793414285030632	-0.11759211225453883	0.14833142431817214	0.15795203895774312
R903_2_sh	-0.14571751323141074	0.5577352148739593	0.03804823509707537	0.373375744344676	-0.13485354106084774	0.18395351253930065	-0.23189852688879367	-0.004276139862216748	-0.09905003515831248	0.029922382458288238	-0.14747801961127893	-0.22541196549496972	-0.06060759607984595	-0.23073400529881802	-0.04595292854428418	-0.2944939524379131	0.05061871385617299	-0.1895722483262893	0.10221476577478839	-0.2045772215105056	0.13880459477488039	0.00828163094324692	0.26866962647393033	-0.08745034860865541	0.2672022245979265	0.083247396379898
R904_1_sh	-0.01923371497402923	0.6225250835595313	0.005205826756167098	0.2897205841134623	-0.08906404714666417	0.17228906665657406	-0.2691232651483115	-0.04917917808005047	-0.11224815987292402	-0.0186971682109823	-0.15617607924530444	-0.21624735677614995	-0.07378905173252637	-0.1811040212649028	0.006231600982230169	-0.31778121866210735	0.07972004274113025	-0.17592369887781104	0.162397872456983	-0.1960934236144955	0.093755263015478	-0.021602087303302958	0.2366753281763638	-0.050046395661747164	0.13564838399140872	0.14213981412198337
R904_2_sh	0.13533350850877107	0.6640137886373836	-0.019589253231405913	0.29979938845847987	-0.22436566069780844	0.09985877804865319	-0.2638178904681194	-0.13031022450420937	-0.11979955299807711	-0.08229309385038185	-0.05815235285856392	-0.23754927564199102	-0.0348412994573344	-0.1943453946633179	0.010682016131774857	-0.23636120614814077	0.03958515576546906	-0.1446734175585017	0.08125591215504001	-0.19861583103409328	0.10337411645574696	-0.011835984627979563	0.2376047888134315	-0.03508711350882328	0.11273051188107691	0.20739958639292308
R904_3_sh	-0.09677448076672344	0.6160910276634718	0.038960958255570326	0.2975292721690807	-0.09718782753902197	0.189321560427147	-0.22677478124040046	-0.08282544929128993	-0.12011845821258392	-0.033655804781240806	-0.16130499634095216	-0.1971826382764912	-0.08605105843608427	-0.1552657905114151	-0.028951701128289646	-0.27112257728514827	0.05792496881355309	-0.16479778782365748	0.13900068902353718	-0.236387201968919	0.137426645354331	-0.025947418373048932	0.2537120403734458	-0.09465912228166745	0.19013800184361832	0.15890193033317893
R908_1_sh	-0.02825689460400646	0.6710602752275107	0.013322822312432108	0.2583877567494709	-0.06658016823045837	0.15736975955359545	-0.27544263779225586	-0.05524505833980189	-0.07155608230629301	0.009372339514066894	-0.10942518349213251	-0.2314917141525694	-0.04923949765508367	-0.1666271518749391	-0.0037532516253380756	-0.32601754911561476	0.04931888149365894	-0.16734096068154913	0.11753392017335479	-0.22847921405130325	0.08137483896036384	-0.013487811392473029	0.2384316416786855	-0.051259245270293546	0.10427161108707379	0.143758573833901
R909_1_sh	-0.08047462114037433	0.6634047118396046	0.03601665290514258	0.3644760721239179	-0.08276096885381058	0.14893148676918214	-0.18851774850109315	-0.11227274751919215	-0.02891875743881917	0.016396528804806382	-0.11090455576137109	-0.19921335693774456	-0.04286964894697361	-0.14065906308132187	-0.014386451829794488	-0.3095196068845495	0.03897267661018333	-0.17697309640884237	0.09205439412490507	-0.25634604407877043	0.06367310354342312	0.00945321964526728	0.19230886739955666	-0.15480058815192668	0.1258070578890258	0.1471224838795694
R910_1_sh	0.056860248901059646	0.5858127899977231	-0.03135034157358581	0.3245343139822388	-0.12299732888014951	0.2078170065254933	-0.2492454229128238	-0.0940573727367241	-0.13390844119897188	-0.07615372705829687	-0.1312731964669613	-0.23030401447358326	-0.03817954955431048	-0.13904991338119713	0.007249645673171056	-0.27903535042189315	0.0649525048536901	-0.1573700867318349	0.14732194959842398	-0.22447830935576066	0.11649966134404179	-0.046436848369538875	0.2512047402056083	-0.10317742369903692	0.06286553001080815	0.23189893572241102
R910_2_sh	0.011657205992731547	0.6130088660274642	0.005220934513930617	0.29968551574451463	-0.07663588134552178	0.19182156418000043	-0.23987356011117514	-0.08926168062649924	-0.1269349932652586	-0.035608020294296355	-0.14986889832322964	-0.22410415285308163	-0.07312983655819959	-0.16645786402665003	0.01586291504413593	-0.28610977126585896	0.06154860871867613	-0.16345182644418607	0.14447841896333916	-0.22569444542896336	0.11427570882359757	-0.048669401701897486	0.25566983277451977	-0.07739385739047457	0.05772954477245479	0.21223507407992775
R912_1_sh	-0.044422532399678985	0.7325478887183281	0.024632423749427673	0.3118487756377662	-0.15630014306116718	0.07422772718505517	-0.2126629671222836	-0.07778404726722651	-0.09481896438150353	-0.04344658201808431	-0.10515897827730873	-0.17319848028357152	-0.047330030574975854	-0.13591985291847858	-0.014023546405794837	-0.22620699752826093	0.057478372797635034	-0.1637108144686529	0.10505656352816291	-0.211069702692317	0.11676616698932472	-0.07478368704683888	0.21780317736141866	-0.1405811470685844	0.1529804577967439	0.12807691975086646
R913_2_sh	0.022715721715892673	0.6524141976265393	0.02263916196411936	0.34333479666582745	-0.13438128461037027	0.14503194609698733	-0.20449552415630046	-0.10913735872071591	-0.10493362929719899	-0.050576648562389304	-0.09473689184176401	-0.22320272588574425	-0.06707683500871317	-0.1959244033255166	-0.0036594964115322995	-0.29181641737414665	0.06119101069798223	-0.16671931040511706	0.10836649793211878	-0.20272560098061618	0.086773001730246	-0.00954888851273844	0.18381969238738305	-0.06072926082273981	0.12377857489813694	0.1695996742003709